AQUIFER_ID,Region,Decade,n_stn_decade,mean_ratio_neg,mean_ratio_pos,mean_frac_neg,mean_frac_pos,mean_sum_anom,mean_sum_neg,mean_sum_pos
0,US,1940,2,-0.01981199999999994,0.20955000000000013,0.25,0.5,0.37947600000000037,-0.03962399999999988,0.41910000000000025
0,US,1950,2,-0.08161030000000001,0.07216170000000001,0.45,0.55,-0.09448599999999985,-0.816103,0.7216170000000002
0,US,1960,4,-0.13500730000000014,0.440283975,0.2875,0.7125,1.4177029999999993,-0.9357355000000005,2.3534384999999998
0,US,1970,4,-0.23633459999999992,0.22113254999999993,0.55,0.45,-0.1520204999999999,-2.363345999999999,2.211325499999999
0,US,1980,11,-0.21386096666666682,0.2357714030303031,0.4628787878787879,0.5371212121212121,0.6204456363636361,-1.2718080000000005,1.8922536363636366
0,US,1990,17,-0.13869974901960802,0.22432029019607855,0.39983660130718957,0.5936274509803922,0.38766541176470554,-0.8232367058823541,1.2109021176470596
0,US,2000,9,-0.08352407407407442,0.0571055555555556,0.48888888888888893,0.5111111111111111,-0.12677777777777888,-0.6573888888888904,0.5306111111111115
0,US,2010,9,-0.05608696666666662,0.07624252222222218,0.35555555555555557,0.6444444444444444,0.2015555555555556,-0.5608696666666662,0.7624252222222219
0,US,2020,1,0.0,0.12496799999999997,0.0,1.0,0.24993599999999994,0.0,0.24993599999999994
1,US,1960,5,-0.35338698412698394,0.11475523809523787,0.6692063492063491,0.33079365079365075,-1.7648000000000004,-2.545699999999999,0.7808999999999985
1,US,1970,5,-0.2781225000000001,0.15067499999999995,0.585,0.41500000000000004,-1.1631000000000011,-2.5616000000000008,1.3984999999999996
1,US,1980,16,-0.2969953125,0.1883622395833334,0.6322916666666667,0.3677083333333333,-0.9721562499999992,-2.1939687499999994,1.2218125000000004
1,US,1990,19,-0.15716942355889718,0.14446030701754373,0.5580827067669173,0.44191729323308276,-0.030500000000000766,-1.085947368421052,1.0554473684210512
1,US,2000,20,-0.2195193452380952,0.20435809523809523,0.6632142857142858,0.3367857142857143,0.3461650000000006,-1.6244349999999996,1.9706000000000004
1,US,2010,36,-0.10588608024691358,0.15207815135030864,0.5094135802469135,0.4905864197530864,0.35051438611111113,-0.908345138888889,1.258859525
10,US,1910,1,-70.10400000000001,0.0,1.0,0.0,-140.20800000000003,-140.20800000000003,0.0
10,US,1930,1,-0.3369569999999996,0.0630939999999999,0.7,0.3,-2.738629999999997,-3.369569999999996,0.630939999999999
10,US,1940,9,-0.7709467081128751,0.12398317636684315,0.8124338624338624,0.18756613756613758,-3.1197964444444453,-3.9786551111111126,0.8588586666666672
10,US,1950,33,-0.33242394848484863,0.3401543696969698,0.5981481481481481,0.39882154882154885,-1.192092,-2.4986215757575763,1.3065295757575761
10,US,1960,43,-0.40452927643041714,0.2063129337209303,0.6394702842377261,0.352390180878553,-1.4075016744186046,-2.7156964186046513,1.3081947441860466
10,US,1970,84,-0.43748567279856376,0.3358760755857898,0.5551445578231293,0.4436649659863945,-0.47570652380952355,-2.1011068809523805,1.625400357142857
10,US,1980,118,-0.38596451549636795,0.31508106041162226,0.5501614205004035,0.4489911218724778,-0.6137073728813558,-2.251645694915254,1.637938322033898
10,US,1990,114,-0.6323115855611251,0.528557724631022,0.5678989139515455,0.4252297410192147,-0.5751359649122808,-2.6518005789473684,2.0766646140350877
10,US,2000,138,-0.461976740942029,0.3696324820335864,0.5676472279733149,0.4316281343455256,-0.32872037681159444,-2.154162666666667,1.8254422898550724
10,US,2010,121,-0.14801258783943327,0.27956181353797716,0.416607634789453,0.5813262495080678,0.8405430247933885,-0.7698215371900826,1.6103645619834712
10,US,2020,47,-0.22431990070921987,0.1665159858156029,0.5035460992907801,0.49645390070921985,-0.173411744680851,-0.6729597021276597,0.4995479574468087
100,US,1950,1,-0.8903969999999999,0.0022860000000000102,0.75,0.25,-3.5524439999999995,-3.5615879999999995,0.009144000000000041
100,US,1960,1,-0.11201400000000006,0.4531995,0.375,0.625,2.7294839999999994,-0.8961120000000005,3.625596
100,US,1970,14,-0.40504104421768705,0.1800676190476191,0.6404761904761905,0.34523809523809523,-0.8630185714285713,-1.3066100000000003,0.4435914285714289
100,US,1980,23,-0.2524049009661833,0.2620582762249826,0.5691166321601103,0.43088336783988956,-0.1612139999999993,-1.131339304347825,0.9701253043478257
100,US,1990,40,-0.15312571180555562,0.35158382182539694,0.4410119047619047,0.5496130952380953,0.3926968999999999,-0.8789667000000005,1.2716636000000003
100,US,2000,46,-0.13723774051069712,0.1594108436853004,0.4231538992408558,0.5768461007591442,-0.35094995652173866,-0.988181782608696,0.6372318260869573
100,US,2010,65,-0.09565666527472519,0.20803152021978016,0.35326007326007325,0.6452014652014652,0.3526064923076925,-0.5729534153846151,0.9255599076923076
100,US,2020,22,-0.21305986363636362,0.052277545454545486,0.6439393939393939,0.356060606060606,-0.4641280909090909,-0.6207530000000001,0.15662490909090912
101,US,1950,2,-0.24822149999999993,0.20078699999999994,0.5625,0.4375,-0.3794759999999999,-1.9857719999999994,1.6062959999999995
101,US,1960,4,-0.36863654999999995,0.30405705,0.43333333333333335,0.5666666666666667,-0.0868679999999998,-2.140077,2.053209
101,US,1970,13,-0.1680034153846154,0.27839963076923074,0.5019230769230769,0.49807692307692303,0.3602501538461537,-0.5924843076923078,0.9527344615384614
101,US,1980,74,-0.25122993912483904,0.3083246402187902,0.4568211068211068,0.5431788931788932,0.043701729729729945,-1.080495324324324,1.1241970540540542
101,US,1990,63,-0.3373002002141597,0.37029118581506676,0.5483497102544721,0.4484756865709246,0.3134355873015872,-1.9566229523809522,2.2700585396825392
101,US,2000,87,-0.3459664165298303,0.37318269378763,0.5877531472359058,0.4093732895457033,-0.452417885057471,-1.6385450804597699,1.186127195402299
101,US,2010,42,-0.22139327539682538,0.41015129047619037,0.48353174603174603,0.5164682539682539,0.31648404761904725,-1.3461642857142855,1.6626483333333328
101,US,2020,10,-0.4415537999999997,0.034086999999999944,0.9166666666666666,0.08333333333333333,-0.9476231999999996,-1.0396731999999993,0.09204999999999988
102,US,1950,2,-0.5004435,0.4000499999999999,0.375,0.625,-0.40157400000000043,-2.001774,1.6001999999999996
102,US,1960,1,-0.5487924,0.49514759999999997,0.5,0.5,-0.5364479999999996,-5.487924,4.9514759999999995
102,US,1970,18,-0.5141128222222222,0.10864418333333334,0.6083333333333333,0.3861111111111111,-1.3627944444444442,-1.650068111111111,0.28727366666666665
102,US,1980,33,-0.39144904545454534,0.7495745343434342,0.45631313131313134,0.5335858585858586,0.5644807878787876,-2.5048552121212118,3.069336
102,US,1990,71,-0.32216818107534106,0.9600801614911694,0.3782975631567181,0.608322155153141,2.8521554647887326,-1.6730943943661976,4.52524985915493
102,US,2000,40,-0.6340191697619049,0.40364138869047633,0.5994642857142857,0.40053571428571433,-1.4309219,-3.7770822,2.3461603
102,US,2010,45,-0.30774532984126984,0.5197318787301587,0.48168430335097,0.51831569664903,1.4476990222222221,-1.577780044444444,3.0254790666666667
102,US,2020,22,-0.3292071363636365,0.05322449999999996,0.7803030303030304,0.2196969696969697,-0.8002388181818186,-0.959150272727273,0.15891145454545444
103,US,1940,1,-0.23503444444444455,0.17018000000000003,0.5555555555555556,0.4444444444444444,-0.5836900000000007,-2.115310000000001,1.5316200000000002
103,US,1950,3,-0.1540567142857143,0.2672318571428572,0.4761904761904762,0.5238095238095238,0.8133080000000001,-1.2893006666666669,2.1026086666666672
103,US,1960,5,-0.16831140000000006,0.2207094190476191,0.49428571428571433,0.5057142857142857,0.12251760000000007,-0.8361692,0.9586868000000001
103,US,1970,5,-0.46498311428571426,0.21023182857142855,0.6161904761904762,0.38380952380952377,-2.145566,-3.8143423999999997,1.6687764
103,US,1980,7,-0.2718346938775512,0.3696846938775512,0.4137755102040816,0.5862244897959183,0.34285714285714286,-2.425214285714287,2.7680714285714294
103,US,1990,8,-0.31778124999999996,0.2625375,0.5625,0.4375,-0.5524375000000001,-3.1778125,2.6253749999999996
103,US,2000,17,-0.1556076078431374,0.23865216862745112,0.49502801120448175,0.5049719887955182,0.1920931176470587,-1.2238944705882362,1.4159875882352948
103,US,2010,37,-0.0623294036036036,0.23859741891891892,0.27057057057057055,0.7294294294294293,0.7574236216216217,-0.3907872162162162,1.1482108378378377
104,US,1940,7,-0.16033202142857148,0.3353163214285714,0.4488095238095238,0.5511904761904762,1.1945988571428567,-1.1384277142857144,2.3330265714285714
104,US,1950,7,-0.23453002653061222,0.29212514081632657,0.4459183673469388,0.5540816326530612,0.34616457142857193,-1.9093554285714285,2.25552
104,US,1960,26,-0.6063133256410256,0.44856593974358955,0.5101495726495726,0.48985042735042733,-0.7758914615384616,-3.213646846153845,2.437755384615383
104,US,1970,27,-0.6991878709876543,0.5542223580246913,0.43878600823045266,0.5389917695473251,-0.7210213333333336,-3.351953925925926,2.6309325925925924
104,US,1980,21,-0.3140599682539684,0.6855022857142858,0.41825396825396827,0.5817460317460318,0.7924800952380954,-0.7506059047619051,1.5430860000000004
104,US,1990,76,-0.13993241842105275,1.0227515429824563,0.15263157894736842,0.8473684210526317,1.9795958947368424,-0.5143294736842108,2.493925368421053
104,US,2000,128,-0.18175579609374998,0.6202746998697917,0.30130208333333336,0.6986979166666667,0.8563210468750001,-0.837128203125,1.69344925
104,US,2010,220,-0.22951272060606054,0.2372552715151515,0.44378787878787873,0.5537878787878787,-0.04134844545454533,-0.7955555636363635,0.7542071181818182
104,US,2020,4,-0.26060449999999996,0.6282691666666665,0.5833333333333333,0.41666666666666663,1.1029939999999998,-0.7818134999999999,1.8848074999999997
105,US,1940,1,-0.06819900000000001,0.22021799999999997,0.25,0.75,0.6080759999999998,-0.27279600000000004,0.8808719999999999
105,US,1950,1,-0.14096999999999998,0.11643359999999998,0.4,0.6,-0.24536400000000014,-1.4097,1.1643359999999998
105,US,1960,4,-0.04362399999999994,0.5690235000000006,0.1875,0.8125,1.0725160000000011,-0.1264909999999999,1.1990070000000013
105,US,1970,4,-1.5898117499999997,0.2647959166666666,0.4791666666666667,0.5208333333333334,-5.675375,-6.922392499999999,1.2470174999999997
105,US,1980,43,-0.3342012760243632,0.3091797187153931,0.5772425249169435,0.42275747508305644,0.2536576744186048,-1.0129633023255815,1.266620976744186
105,US,1990,18,-0.2020712222222223,0.24526498148148143,0.537037037037037,0.462962962962963,0.08407322222222206,-0.4241802222222223,0.5082534444444443
105,US,2010,20,-0.024231500000000065,0.2745107999999997,0.225,0.775,0.5005585999999994,-0.04846300000000013,0.5490215999999994
105,US,2020,7,-0.007184571428571429,0.26735314285714284,0.07142857142857142,0.9285714285714286,0.5203371428571428,-0.014369142857142858,0.5347062857142857
106,US,1960,5,-0.123767142857143,0.08491714285714295,0.5257142857142857,0.4742857142857143,-0.2101900000000004,-0.672290000000001,0.4621000000000007
106,US,1970,5,-0.19405999999999993,0.10716100000000002,0.6599999999999999,0.33999999999999997,-0.8689899999999989,-1.9405999999999992,1.0716100000000002
106,US,1980,6,-0.21742291666666672,0.14677708333333328,0.65,0.35000000000000003,-0.6884166666666679,-2.080666666666667,1.3922499999999995
106,US,1990,7,-0.19726607142857147,0.1873267857142858,0.5750000000000001,0.425,-0.43592857142857105,-1.8177142857142863,1.3817857142857153
106,US,2000,11,-0.29350954545454544,0.19780496363636368,0.6090909090909091,0.3909090909090909,-0.4330683636363635,-1.4740041818181817,1.0409358181818182
106,US,2010,14,-0.13513514007936508,0.1520527269841268,0.45992063492063495,0.540079365079365,0.0013169285714281617,-1.109126,1.1104429285714283
107,US,1950,4,-0.333165625,0.139445875,0.7625,0.2375,-0.7700024999999999,-1.328929,0.5589265000000001
107,US,1960,4,-0.41073691666666684,0.48407350000000016,0.4083333333333333,0.5916666666666667,0.43205700000000014,-3.1485830000000017,3.5806400000000016
107,US,1970,4,-0.25600025000000026,0.3313807666666667,0.4270833333333333,0.5729166666666666,0.20269099999999884,-1.6764000000000023,1.8790910000000012
107,US,1980,6,-0.13398499999999985,0.18793894444444437,0.47222222222222215,0.4861111111111111,0.28143266666666705,-0.8432799999999991,1.1247126666666662
107,US,1990,10,-0.34113651428571495,0.3513110285714289,0.6114285714285714,0.35523809523809524,-0.0320040000000005,-2.249424000000002,2.2174200000000015
107,US,2000,27,-0.30081942151675467,0.5703080740740739,0.47248677248677245,0.5151675485008819,0.8300135555555559,-1.3532577037037028,2.183271259259259
107,US,2010,21,-0.1321508515873014,0.10461946904761896,0.6452380952380953,0.34285714285714286,0.014368095238095749,-0.6249857142857135,0.6393538095238092
107,US,2020,5,-0.036880533333333285,0.08930720000000018,0.4,0.6,0.09205200000000051,-0.08656239999999986,0.17861440000000037
108,US,1930,4,-0.43872200000000033,0.15659150000000033,0.5,0.5,-0.564261,-0.8774440000000007,0.31318300000000066
108,US,1940,64,-0.6362608539930554,0.24224595911458335,0.7131572420634921,0.28488963293650793,-2.4654270937499994,-3.8342409999999996,1.36881390625
108,US,1950,65,-0.6870883696703299,0.16242398742368744,0.8239194139194139,0.17437118437118437,-4.134331076923077,-5.2770973538461545,1.142766276923077
108,US,1960,63,-0.8198070992567398,0.45993461266061997,0.6587994457042076,0.3367913832199546,-3.328488063492063,-6.073043015873015,2.7445549523809527
108,US,1970,47,-0.6044163786896318,0.4155627787402906,0.6348024316109423,0.3630699088145896,-1.318194382978723,-4.172907744680852,2.854713361702129
108,US,1980,26,-0.5586660748168499,0.558914452014652,0.44429181929181927,0.5557081807081807,-0.4733776923076931,-2.8114863076923085,2.3381086153846153
108,US,1990,39,-0.44785526880341875,0.3387171410256408,0.6232905982905983,0.357051282051282,-0.6739617948717955,-1.920867333333333,1.2469055384615377
108,US,2000,85,-0.7325959871148461,0.1719939134453782,0.7210504201680672,0.26130252100840334,-3.56377465882353,-4.6575408000000005,1.0937661411764708
108,US,2010,4,-0.17684749999999888,0.13430249999999955,0.6875,0.3125,-0.10667999999999722,-0.6438899999999954,0.5372099999999982
109,US,1940,4,-0.36862563888888905,0.6426200000000003,0.7222222222222222,0.2777777777777778,-1.680207499999998,-3.1032425000000003,1.4230350000000023
109,US,1950,3,-0.8246190000000017,0.08178800000000024,0.9666666666666667,0.03333333333333333,-5.11759000000001,-5.935470000000012,0.8178800000000024
109,US,1960,6,-1.2155909788359787,0.2739132222222222,0.8251322751322752,0.17486772486772487,-5.826501666666665,-7.725659999999998,1.8991583333333324
109,US,1970,8,-0.9842928695436507,0.5535760193452378,0.6934523809523809,0.30654761904761907,-2.6237525,-7.378446249999998,4.754693749999998
109,US,1980,11,-0.6242053409090916,0.24078323051948097,0.4935064935064935,0.5064935064935064,-1.0389472727272742,-2.526930000000002,1.4879827272727277
109,US,1990,15,-0.48001279999999985,0.6218963111111113,0.8333333333333334,0.15333333333333332,0.21945333333333394,-1.8399893333333333,2.0594426666666674
109,US,2000,32,-1.5169206372767852,0.9342267421874997,0.7928571428571428,0.20323660714285713,-4.663973124999999,-9.335510937499997,4.671537812499999
109,US,2010,1,-0.17475333333333273,0.0,1.0,0.0,-0.5242599999999982,-0.5242599999999982,0.0
11,US,1920,5,-0.012345000000000184,0.37703780000000064,0.2,0.8,0.7293856000000009,-0.024690000000000368,0.7540756000000013
11,US,1930,213,-0.37927910768313583,0.17849558458528952,0.6940047693568819,0.3034130710187048,-1.0189189483568075,-1.9627115680751173,0.9437926197183099
11,US,1940,304,-0.23192345755012528,0.09025552645676689,0.7560711675020886,0.23666457811194655,-0.9503796644736842,-1.5823685723684207,0.6319889078947366
11,US,1950,1004,-0.2865263084092202,0.35276197523714664,0.49374486182255106,0.5031829033074053,-0.13537328884462152,-1.3723588366533863,1.2369855478087648
11,US,1960,1358,-0.30788733724431355,0.2348310486114033,0.5586419103723963,0.4377381536807162,-0.4980237540500737,-1.6835026921944036,1.1854789381443298
11,US,1970,1793,-0.24241033536017492,0.21088221521614037,0.5295733407696598,0.466813180003364,-0.3930449358616843,-1.283506355828221,0.8904614199665366
11,US,1980,1767,-0.3900598737991933,0.31847046656111605,0.5605689851869817,0.4321549842347805,-0.5823206802490096,-2.338975282399547,1.7566546021505378
11,US,1990,1486,-0.3380615913200453,0.24055062390726142,0.5906324104338909,0.3969423615116751,-0.6785286258411843,-2.1997975854643337,1.5212689596231492
11,US,2000,1334,-0.3215354741432855,0.25748833245044145,0.5454832107755646,0.434835855881583,-0.4391576341829086,-2.2621346566716642,1.8229770224887558
11,US,2010,1464,-0.3067102630919854,0.320941111993126,0.49554872495446267,0.4933298638216671,0.015006837431693962,-2.013067505464481,2.0280743428961747
11,US,2020,1297,-0.336982421228476,0.30366744590079675,0.5218452839886918,0.4767411976355692,-0.0850056962220509,-0.9124859228989977,0.8274802266769469
110,US,1950,2,-0.3374136,0.5644895999999999,0.3,0.7,0.21031200000000017,-3.374136,3.584448
110,US,1960,8,-0.20314443749999997,0.13211174999999997,0.625,0.375,-0.42976800000000004,-1.6144874999999999,1.1847195
110,US,1970,12,-0.5417878964285714,0.40190797976190473,0.44255952380952385,0.5455357142857142,-0.24193499999999993,-2.3749,2.132965
110,US,1980,7,-0.14528800000000003,0.46032057142857136,0.34285714285714286,0.6571428571428571,1.0948851428571424,-0.4881154285714287,1.583000571428571
110,US,1990,19,-0.5406675511278195,0.6160876947368421,0.4580827067669173,0.5419172932330827,0.33985200000000004,-1.929303789473684,2.2691557894736842
110,US,2000,2010,-0.23898644084103293,0.32108694676616917,0.4870919213456527,0.5104590144515517,0.3036589034825871,-1.162431375124378,1.4660902786069652
110,US,2010,1739,-0.23606887759157333,0.36261195291081355,0.4167036337249103,0.5808412515859324,0.5515048177113283,-1.4095545589419205,1.961059376653249
110,US,2020,472,-0.44710779378531074,0.16684945197740114,0.6278248587570621,0.37146892655367225,-0.8054921652542373,-1.282558974576271,0.4770668093220339
1106,US,1970,19,-0.514676245614035,0.6465838771929825,0.5052631578947369,0.4947368421052632,0.32284800000000036,-2.3273086315789473,2.6501566315789473
1106,US,1980,21,-0.7152810793650796,0.742942757936508,0.49537037037037035,0.5046296296296295,0.15138361904761832,-2.387600190476191,2.5389838095238098
1106,US,1990,3,-0.11084559999999997,0.06527799999999999,0.39999999999999997,0.6,-0.45567599999999997,-1.1084559999999997,0.6527799999999998
1106,US,2000,6,-0.0925491333333333,0.1547537333333333,0.5499999999999999,0.43333333333333335,0.3472180000000001,-0.6413499999999998,0.9885679999999999
1106,US,2010,5,-0.05431535999999999,0.24661367999999997,0.38,0.62,0.635508,-0.38953439999999995,1.0250423999999998
1106,US,2020,2,-0.4358639999999999,0.0,1.0,0.0,-0.8717279999999998,-0.8717279999999998,0.0
1107,US,1970,63,-0.7668332710884358,1.1119353188586547,0.46447467876039306,0.5222978080120937,0.3758685396825394,-3.5008771111111128,3.876745650793652
1107,US,1980,33,-1.100347924242424,1.1394203939393932,0.5378787878787878,0.4621212121212121,-0.056060424242423884,-2.9827389696969684,2.926678545454544
1107,US,2010,6,-0.2567758465608463,0.14718589947089883,0.5198412698412699,0.4801587301587302,-1.1198900000000005,-1.916174999999998,0.7962849999999975
1107,US,2020,1,-0.15950999999999974,0.011176666666666316,0.6666666666666666,0.3333333333333333,-0.4450000000000003,-0.47852999999999923,0.03352999999999895
111,US,1990,7,-0.5979305142857143,0.5231021142857143,0.4642857142857143,0.5357142857142857,-0.2673531428571429,-2.779993714285714,2.512640571428571
111,US,2000,169,-0.34283300540997463,0.6046832801916032,0.3560932657086503,0.6231966751197521,0.9365204852071006,-1.5898294792899408,2.5263499644970415
111,US,2010,69,-0.44964043050379576,0.5263929197377502,0.47553485162180814,0.5244651483781918,0.02707855072463767,-2.3858108985507243,2.4128894492753625
111,US,2020,5,-0.6051295999999999,0.09408160000000002,0.8,0.2,-1.5331439999999998,-1.8153887999999998,0.2822448000000001
112,US,1970,1,-0.17775000000000007,0.15775000000000006,0.5,0.5,-0.040000000000000036,-0.35550000000000015,0.3155000000000001
112,US,1980,1,-0.05085000000000002,0.05525000000000002,0.5,0.5,0.04400000000000004,-0.5085000000000002,0.5525000000000002
112,US,1990,1,-0.06779999999999994,0.09234999999999997,0.4,0.6,0.24550000000000027,-0.6779999999999995,0.9234999999999998
112,US,2000,1,-0.07770839999999998,0.04419379999999999,0.5,0.5,-0.33514599999999994,-0.7770839999999999,0.44193799999999994
112,US,2010,1,-0.04195890000000002,0.057313100000000006,0.8,0.2,0.15354199999999985,-0.4195890000000002,0.5731310000000001
113,US,1940,6,-0.17386300000000002,0.09122833333333334,0.6388888888888888,0.3611111111111111,-0.290322,-0.626618,0.33629599999999993
113,US,1950,5,-0.06057682285714285,0.10364506285714285,0.4628571428571429,0.5371428571428571,0.17434559999999988,-0.3435096000000001,0.5178552
113,US,1960,2,-0.13200379999999998,0.10167620000000001,0.5333333333333333,0.41666666666666663,-0.2727959999999998,-1.2024359999999998,0.92964
113,US,1970,6,-0.342377,0.2525495,0.5666666666666667,0.43333333333333335,-0.8182650000000002,-3.221078,2.4028129999999996
113,US,1980,5,-0.19538,0.19954000000000002,0.52,0.48,0.04160000000000021,-1.9538,1.9954
113,US,1990,5,-0.16553,0.21091,0.54,0.44000000000000006,0.45379999999999976,-1.6553,2.1090999999999998
113,US,2000,5,-0.2944122222222223,0.2111224933333334,0.4955555555555556,0.5044444444444445,-0.8024084,-2.8333000000000004,2.030891600000001
113,US,2010,1,-0.2874285000000001,0.2062821250000001,0.375,0.625,-0.6491709999999999,-2.2994280000000007,1.6502570000000008
114,US,1980,1,-1.148666666666667,0.0,1.0,0.0,-3.4460000000000006,-3.4460000000000006,0.0
114,US,1990,2,-0.1781000000000002,0.4135499999999995,0.45,0.55,2.4434999999999985,-1.5470000000000002,3.9904999999999986
114,US,2000,2,-0.38944249999999975,0.08996449999999986,0.8,0.2,-2.9947799999999987,-3.8944249999999974,0.8996449999999987
114,US,2010,4,-0.18912807678571425,0.3249953017857143,0.4616071428571429,0.5383928571428571,1.3686897500000001,-1.6647105,3.03340025
115,US,1970,3,-0.28995,0.22645000000000004,0.5333333333333333,0.43333333333333335,-0.6349999999999995,-2.8994999999999997,2.2645000000000004
115,US,1980,3,-0.09013333333333336,0.029666666666666657,0.6333333333333333,0.3666666666666667,-0.604666666666667,-0.9013333333333335,0.2966666666666666
115,US,1990,3,-0.14625000000000002,0.16515000000000002,0.4000000000000001,0.6,0.18900000000000014,-1.4625000000000004,1.6515000000000004
115,US,2000,3,-0.11052083333333336,0.03947916666666668,0.625,0.3333333333333333,-0.5683333333333335,-0.8841666666666669,0.31583333333333347
115,US,2010,1,-0.05414444444444458,0.11616377777777788,0.4444444444444444,0.5555555555555556,0.5581739999999997,-0.4873000000000012,1.045474000000001
116,US,1970,6,-0.12231547619047624,0.09536904761904778,0.5952380952380952,0.4047619047619047,-0.3412499999999999,-0.759500000000001,0.41825000000000107
116,US,1980,6,-0.10312499999999991,0.09403333333333323,0.5666666666666667,0.43333333333333335,-0.0909166666666668,-1.0312499999999991,0.9403333333333324
116,US,1990,6,-0.11840625,0.08676458333333342,0.5083333333333333,0.4708333333333334,-0.31749999999999934,-1.1496666666666668,0.8321666666666675
116,US,2000,6,-0.09132449259259258,0.052429025925925875,0.6361111111111111,0.3638888888888889,-0.36928800000000045,-0.8904023333333333,0.5211143333333328
116,US,2010,2,-0.05096225000000003,0.3697785,0.325,0.675,2.4268810000000003,-0.48198200000000035,2.9088630000000006
117,US,1970,3,-0.10439583333333313,0.11068124999999973,0.4166666666666667,0.5833333333333334,0.05028333333333281,-0.8351666666666651,0.8854499999999978
117,US,1980,3,-0.2708083333333336,0.15755000000000016,0.5333333333333333,0.4666666666666666,-1.1325833333333342,-2.708083333333336,1.5755000000000017
117,US,1990,3,-0.05948148148148156,0.19202037037037056,0.3444444444444444,0.6185185185185186,1.264500000000001,-0.5858333333333342,1.8503333333333352
117,US,2000,3,-0.3090860416666667,0.1469376666666666,0.6916666666666668,0.30833333333333335,-1.530181666666668,-2.931225000000001,1.4010433333333328
117,US,2010,4,-0.13618187500000004,0.21693326714285704,0.3607142857142857,0.6392857142857142,0.6321853499999986,-1.3532387500000005,1.985424099999999
118,US,2000,1,-0.5694677777777779,0.06908777777777786,0.6666666666666666,0.3333333333333333,-4.50342,-5.125210000000001,0.6217900000000007
118,US,2010,1,-0.3791719999999998,0.12054899999999993,0.7,0.3,-2.5862299999999987,-3.791719999999998,1.2054899999999993
118,US,2020,1,-0.5755633333333332,0.0,1.0,0.0,-1.7266899999999996,-1.7266899999999996,0.0
1181,Other world,1940,12,-0.6202430555555555,0.16035416666666671,0.5972222222222222,0.40277777777777773,-1.0467916666666666,-1.4783333333333335,0.43154166666666677
1181,Other world,1950,36,-0.4460397552910053,0.432481871031746,0.4853174603174603,0.49384920634920637,-0.42804455555555565,-3.2748777777777773,2.8468332222222217
1181,Other world,1960,37,-0.3691830065637066,0.41034149390819386,0.4563706563706564,0.5176533676533677,-0.08717729729729765,-2.948169216216216,2.8609919189189186
1181,Other world,1970,348,-0.5358460591133005,0.4841808976464149,0.5543992884510125,0.44217638204707166,-0.11612931034482762,-1.8683850574712644,1.7522557471264366
1181,Other world,1980,161,-0.5968173609632258,0.3649761586562161,0.597185250911959,0.3917134969930001,-1.182231304347826,-3.779859167701863,2.5976278633540373
1181,Other world,1990,103,-0.48027920906148863,0.4208464721682848,0.4826051779935275,0.5034789644012945,-0.14551183495145617,-2.70405827184466,2.558546436893204
1181,Other world,2000,266,-1.0513552285177228,0.7648593278493854,0.5458258742093328,0.4384652106456618,-0.9498122857142858,-4.908998646616542,3.9591863609022555
1181,Other world,2010,185,-1.2327912861604462,1.3110874614071215,0.5307443157443157,0.4555619905619906,0.09318216216216231,-6.780348794594595,6.873530956756757
1182,Other world,1930,1,-0.13642857142857143,0.08357142857142856,0.5714285714285714,0.42857142857142855,-0.3700000000000001,-0.9550000000000001,0.585
1182,Other world,1940,18,-0.738699074074074,0.07940277777777778,0.6717592592592593,0.3282407407407407,-1.6900000000000002,-1.9500000000000002,0.26
1182,Other world,1950,86,-0.5553454440753045,0.5764833178294574,0.48850590623846435,0.49959394610557395,0.3024127906976745,-4.43022673255814,4.732639523255814
1182,Other world,1960,103,-0.49955326892433355,0.2913241314069965,0.5760556326090306,0.40838341809215595,-1.7126692805825243,-4.171725193203884,2.4590559126213596
1182,Other world,1970,536,-0.3684078262748756,0.43543028808931533,0.5718794420753376,0.4202980632551528,0.5412327369402985,-1.6318845447761194,2.1731172817164177
1182,Other world,1980,794,-0.6840096002543882,0.5246249945673903,0.599932029906841,0.39408110431410176,-1.3133453298488664,-4.7457176044080605,3.432372274559194
1182,Other world,1990,327,-0.3766738564737148,0.3097609341459152,0.5203181884374545,0.4676338527255958,-0.17235326590214062,-2.3779959319571864,2.205642666055046
1182,Other world,2000,416,-0.43844536145833335,0.48486561929296396,0.4883394383394383,0.49924068986568987,0.258073819951923,-2.747446603365385,3.0055204233173076
1182,Other world,2010,262,-0.5480083197400945,0.6363389774930328,0.527315824548649,0.46603659275415,0.581467556870229,-4.183564885877862,4.765032442748091
1183,Other world,1940,14,-0.2514135238095238,0.08768695238095238,0.5833333333333333,0.39285714285714285,-0.4183225714285714,-0.6722762857142858,0.2539537142857143
1183,Other world,1950,52,-0.17718327124542124,0.1790418831196581,0.5096688034188034,0.4738782051282051,-0.012830307692307657,-1.487176076923077,1.4743457692307693
1183,Other world,1960,58,-0.28579573316912976,0.2422510697865353,0.5295498084291188,0.4575670498084291,-0.26487241379310345,-1.773111655172414,1.5082392413793104
1183,Other world,1970,174,-0.20223343785823755,0.2871861664069513,0.4621237000547345,0.5263911694946177,0.6290890728160919,-1.3234712686206898,1.9525603414367816
1183,Other world,1980,185,-0.3093813586014586,0.1493668096096096,0.6556413556413556,0.3323316173316173,-0.5296864810810811,-1.3479756648648649,0.8182891837837838
1183,Other world,1990,96,-0.2671781435846561,0.2468765159887566,0.49851603835978836,0.49150132275132274,-0.0655781145833333,-1.4895156041666666,1.4239374895833332
1183,Other world,2000,172,-0.44802152777777776,0.3006748471483942,0.5137596899224806,0.4615494647471392,-0.36006395930232554,-2.07840988372093,1.7183459244186046
1183,Other world,2010,113,-0.33433936121646296,0.32764040595589267,0.4922215198763871,0.4979702205365922,0.08603539823008846,-1.7399601769911504,1.825995575221239
1184,Other world,1980,3,-0.09666666666666662,0.0895833333333334,0.6666666666666666,0.3333333333333333,-0.014166666666666439,-0.19333333333333325,0.1791666666666668
1184,Other world,1990,1,-0.039999999999999925,0.07999999999999996,0.5,0.5,0.08000000000000007,-0.07999999999999985,0.15999999999999992
1184,Other world,2000,8,-0.1418794642857143,0.16318998015873018,0.48194444444444445,0.5180555555555555,0.19187500000000016,-1.3253125000000001,1.5171875000000001
1184,Other world,2010,8,-0.10006874999999998,0.149178125,0.5,0.5,0.11218750000000002,-0.8156874999999999,0.9278749999999999
1185,Other world,1970,14,-0.23133304988662126,0.6945138888888888,0.3766439909297052,0.6233560090702948,2.480714285714286,-1.423928571428571,3.904642857142857
1185,Other world,1980,13,-0.4815961538461539,0.40754487179487187,0.6294871794871795,0.3705128205128205,0.0788461538461538,-1.756346153846154,1.8351923076923078
1185,Other world,1990,20,-0.2664204166666667,0.3455479166666667,0.48166666666666663,0.51,0.35864999999999997,-1.5755500000000002,1.9342
1185,Other world,2000,10,-0.24725000000000003,0.29095750000000004,0.43,0.5700000000000001,0.19269999999999987,-2.411,2.6037000000000003
1185,Other world,2010,8,-0.32446517857142854,0.3088391369047619,0.5462301587301588,0.45376984126984127,-0.146625,-2.8031875,2.6565624999999997
1186,Other world,1950,4,-1.349125,0.5387499999999998,0.625,0.375,-3.0902499999999997,-5.041499999999999,1.9512499999999997
1186,Other world,1960,12,-0.36974107142857143,0.5819374999999999,0.5063492063492063,0.4936507936507937,0.4549999999999998,-1.8566666666666667,2.311666666666666
1186,Other world,1970,9,-0.1897354497354497,0.33368253968253964,0.4291005291005291,0.5708994708994708,1.2127777777777777,-1.7277777777777774,2.940555555555555
1186,Other world,1980,8,-0.3800892857142857,0.4153348214285715,0.4955357142857143,0.4866071428571428,0.13750000000000018,-2.533125,2.6706250000000002
1186,Other world,1990,1,-0.745000000000001,0.27500000000000036,0.5,0.5,-0.9400000000000013,-1.490000000000002,0.5500000000000007
1186,Other world,2000,80,-0.6245655158730158,0.28904146825396826,0.616438492063492,0.37064484126984126,-1.2049937499999999,-2.6664499999999998,1.46145625
1186,Other world,2010,38,-0.8217263157894737,0.5505094298245614,0.5489035087719298,0.45109649122807016,-1.8367631578947368,-6.787197368421053,4.950434210526317
1187,Other world,1950,6,-0.7863055555555555,0.7450833333333332,0.5111111111111111,0.48888888888888893,-0.10416666666666674,-3.8858333333333337,3.7816666666666663
1187,Other world,1960,6,-0.684138888888889,0.46808333333333335,0.5166666666666667,0.48333333333333334,-1.8066666666666673,-5.9575000000000005,4.150833333333334
1187,Other world,1970,6,-0.2983055555555556,0.7398333333333333,0.4055555555555556,0.5944444444444444,2.9475000000000002,-2.8325,5.780000000000001
1187,Other world,1980,11,-0.4152629870129871,0.47721103896103895,0.36948051948051946,0.6123376623376623,0.14999999999999988,-2.8172727272727274,2.9672727272727273
1187,Other world,1990,1,-0.495,0.4075000000000001,0.5,0.5,-0.34999999999999964,-1.98,1.6300000000000003
1187,Other world,2000,5,-0.9265476190476193,0.5737063492063492,0.5961904761904762,0.4038095238095238,-1.6380000000000003,-4.617,2.979
1187,Other world,2010,7,-0.9462607142857143,0.5982767857142857,0.5392857142857143,0.46071428571428574,-1.0844285714285713,-6.052214285714285,4.967785714285713
1188,Other world,1950,14,-0.5187321428571429,0.3993214285714286,0.6321428571428571,0.3678571428571429,-0.5478571428571427,-2.4814285714285718,1.933571428571429
1188,Other world,1960,14,-0.376218253968254,0.27972619047619046,0.5611111111111111,0.43888888888888894,-0.9367857142857143,-3.6232142857142855,2.6864285714285714
1188,Other world,1970,11,-0.2643708513708514,0.4275551948051948,0.4401154401154402,0.5598845598845599,1.5722727272727275,-2.4027272727272733,3.975
1188,Other world,1980,9,-0.45398809523809525,0.23322751322751323,0.5925925925925926,0.3915343915343915,-1.2472222222222225,-2.8761111111111113,1.6288888888888886
1188,Other world,1990,2,-0.3833333333333333,0.5599999999999999,0.3333333333333333,0.6666666666666666,0.53,-1.15,1.6799999999999997
1188,Other world,2000,1,-0.75,2.0,0.5,0.5,2.5,-1.5,4.0
1189,Other world,1950,2,-0.19775,0.3405,0.55,0.45,0.5175000000000001,-0.905,1.4225
1189,Other world,1960,5,-0.1526,0.11573333333333335,0.5933333333333334,0.4066666666666666,-0.418,-1.1039999999999999,0.686
1189,Other world,1970,5,-0.16354166666666664,0.11620833333333329,0.55,0.45,0.11100000000000003,-0.6679999999999999,0.7789999999999999
1189,Other world,1980,7,-0.09991836734693875,0.12193877551020406,0.5673469387755102,0.43265306122448977,0.07642857142857151,-0.6885714285714284,0.7649999999999999
1189,Other world,2010,1,-0.323875,0.176375,0.625,0.375,-1.1800000000000002,-2.591,1.411
119,US,1950,1,-0.1670304,0.04328159999999999,0.6,0.2,-0.6187440000000001,-0.835152,0.21640799999999993
119,US,1960,2,-0.07177965000000008,0.10016515000000009,0.45,0.55,0.13183000000000006,-0.3703290000000003,0.5021590000000004
119,US,1970,3,-0.25970948518518516,0.2637864814814814,0.4398148148148148,0.5601851851851852,0.011178666666666226,-2.1402046666666665,2.151383333333333
119,US,1980,1,-0.06080760000000002,0.05836920000000001,0.6,0.4,-0.024384000000000072,-0.6080760000000002,0.5836920000000001
119,US,1990,4,-0.054102100000000264,0.5851913666666667,0.2,0.8,1.8825229999999986,-0.2705105000000013,2.1530335
119,US,2000,81,-0.4163540441211054,0.16190327025279252,0.58885949441505,0.40360082304526745,-1.4934824197530865,-2.5086547654320994,1.0151723456790132
119,US,2010,38,-0.11013609118629912,0.0920747398496241,0.47702589807852963,0.5229741019214703,-0.1870104736842105,-1.0285394736842108,0.8415290000000004
119,US,2020,30,-0.4114967555555556,0.09228651111111118,0.611111111111111,0.3888888888888889,-0.9576307333333332,-1.2344902666666668,0.27685953333333363
1191,Europe,1970,1,-0.03125,0.07124999999999915,0.25,0.75,0.3199999999999932,-0.25,0.5699999999999932
1191,Europe,1980,2,-0.09083333333333599,0.11283333333333208,0.3666666666666667,0.6333333333333333,0.044999999999987494,-0.5,0.5449999999999875
1191,Europe,1990,2,-0.06399999999999864,0.075,0.55,0.44999999999999996,0.11000000000001364,-0.6399999999999864,0.75
1191,Europe,2000,4,-0.10865624999999808,0.043205357142855956,0.6223214285714286,0.35267857142857145,-0.5049999999999931,-0.9099999999999828,0.4049999999999897
1191,Europe,2010,4,-0.09361111111111148,0.05236111111111129,0.6111111111111112,0.3611111111111111,-0.3412500000000017,-0.7575000000000034,0.4162500000000017
1192,Europe,2010,2,-0.0983333333333336,0.13399999999999967,0.4666666666666667,0.5333333333333333,0.6074999999999982,-0.5750000000000011,1.1824999999999992
1193,Europe,1960,14,-0.08467857142857191,0.06145238095238122,0.6142857142857142,0.3857142857142857,-0.015714285714285632,-0.28107142857142875,0.2653571428571431
1193,Europe,1970,35,-0.10868095238095261,0.11163968253968284,0.4955555555555556,0.4915873015873016,0.029571428571429286,-0.9812857142857159,1.0108571428571451
1193,Europe,1980,35,-0.0984857142857142,0.07892857142857118,0.5057142857142857,0.4828571428571428,-0.19557142857143017,-0.984857142857142,0.7892857142857118
1193,Europe,1990,40,-0.08684821428571352,0.08316934523809481,0.5163690476190477,0.46613095238095237,0.0212500000000027,-0.6811249999999951,0.7023749999999979
1193,Europe,2000,40,-0.0983124999999999,0.0888624999999999,0.52,0.46749999999999997,-0.09450000000000003,-0.983124999999999,0.888624999999999
1193,Europe,2010,40,-0.11286208888888845,0.09751500833333288,0.5563888888888889,0.4311111111111111,-0.15466525000000003,-1.1267319999999956,0.9720667499999955
1194,Europe,1970,29,-0.12142241379310321,0.10763409961685794,0.5196360153256705,0.45114942528735635,-0.11793103448275917,-1.0212068965517225,0.9032758620689634
1194,Europe,1980,30,-0.11028333333333326,0.0948208333333334,0.4633333333333333,0.5266666666666667,-0.1606666666666655,-1.0973333333333328,0.9366666666666674
1194,Europe,1990,40,-0.1861249999999996,0.3777572916666658,0.45375,0.5287499999999999,1.3031249999999979,-1.4704999999999948,2.773624999999993
1194,Europe,2000,40,-0.24868749999999862,0.1768874999999987,0.5425,0.4425,-0.7179999999999993,-2.486874999999986,1.768874999999987
1194,Europe,2010,41,-0.2862260000000006,0.23233092682926837,0.5487804878048781,0.43902439024390244,-0.538950731707322,-2.862260000000006,2.323309268292684
1195,Europe,1960,5,-0.06946666666666544,0.08786666666666387,0.5133333333333333,0.4533333333333333,0.13699999999999476,-0.2659999999999968,0.4029999999999916
1195,Europe,1970,8,-0.07310416666666496,0.09295833333333275,0.44583333333333336,0.5541666666666667,0.18687500000000767,-0.7218749999999865,0.9087499999999942
1195,Europe,1980,9,-0.09483333333333203,0.07122222222222124,0.5333333333333333,0.4555555555555555,-0.23611111111110794,-0.9483333333333204,0.7122222222222123
1195,Europe,1990,13,-0.08210256410256532,0.13778846153846164,0.5307692307692308,0.4538461538461539,0.2707692307692206,-0.541923076923089,0.8126923076923097
1195,Europe,2000,13,-0.11996153846153736,0.09238461538461443,0.49230769230769234,0.46153846153846156,-0.2757692307692292,-1.1996153846153736,0.9238461538461444
1195,Europe,2010,13,-0.13065938461538473,0.09277476923076947,0.6230769230769231,0.36153846153846153,-0.37884615384615256,-1.3065938461538473,0.9277476923076947
1196,Europe,1960,4,-0.062187499999999396,0.13703124999999972,0.46875,0.53125,0.5987500000000026,-0.49749999999999517,1.0962499999999977
1196,Europe,1970,4,-0.12049999999999912,0.1376249999999992,0.525,0.475,0.17125000000000057,-1.2049999999999912,1.3762499999999918
1196,Europe,1980,4,-0.13762499999999916,0.1352499999999992,0.525,0.45,-0.023749999999999716,-1.3762499999999918,1.352499999999992
1196,Europe,1990,4,-0.10999999999999872,0.06399999999999935,0.65,0.30000000000000004,-0.45999999999999375,-1.0999999999999872,0.6399999999999935
1196,Europe,2000,4,-0.10925000000000011,0.09087499999999978,0.55,0.4,-0.1837500000000034,-1.0925000000000011,0.9087499999999977
1196,Europe,2010,4,-0.13612500000000052,0.15487500000000054,0.75,0.25,0.1875,-1.3612500000000054,1.5487500000000054
1197,Europe,1960,1,-0.13000000000000256,0.09499999999999886,0.5,0.5,-0.14000000000001478,-0.5200000000000102,0.37999999999999545
1197,Europe,1970,1,-0.019999999999998862,0.04199999999999875,0.4,0.5,0.21999999999999886,-0.19999999999998863,0.4199999999999875
1197,Europe,1980,2,-0.10800000000000268,0.06775000000000161,0.575,0.425,-0.33500000000000796,-0.9475000000000193,0.6125000000000114
1197,Europe,1990,2,-0.035750000000001586,0.04375000000000284,0.55,0.45,0.0800000000000125,-0.3575000000000159,0.4375000000000284
1197,Europe,2000,2,-0.07124999999999915,0.06074999999999875,0.5,0.5,-0.10500000000000398,-0.7124999999999915,0.6074999999999875
1197,Europe,2010,2,-0.10413699999999579,0.07713699999999618,0.55,0.45,-0.269999999999996,-1.041369999999958,0.7713699999999619
1198,Europe,1960,3,-0.09166666666665908,0.10499999999998977,0.5,0.5,0.02666666666666136,-0.18333333333331817,0.20999999999997954
1198,Europe,1970,4,-0.08390277777777458,0.06965277777777537,0.46111111111111114,0.5388888888888889,-0.13249999999999318,-0.8137499999999704,0.6812499999999773
1198,Europe,1980,4,-0.0956249999999983,0.0641249999999971,0.525,0.45,-0.31500000000001194,-0.956249999999983,0.641249999999971
1198,Europe,1990,4,-0.050875000000002044,0.07500000000000284,0.375,0.6,0.24125000000000796,-0.5087500000000205,0.7500000000000284
1198,Europe,2000,4,-0.06400000000000006,0.07562500000000086,0.425,0.55,0.11625000000000796,-0.6400000000000006,0.7562500000000085
1198,Europe,2010,4,-0.06500000000000342,0.044375000000002274,0.55,0.45,-0.20625000000001137,-0.6500000000000341,0.44375000000002274
1199,Europe,1960,7,-0.06535714285714837,0.12964285714284887,0.35714285714285715,0.5714285714285714,0.12857142857140097,-0.13071428571429675,0.25928571428569774
1199,Europe,1970,9,-0.04917283950617198,0.07932098765432126,0.4283950617283951,0.5716049382716049,0.30000000000001137,-0.488333333333325,0.7883333333333363
1199,Europe,1980,9,-0.08283333333333315,0.04755555555555588,0.5666666666666667,0.4,-0.35277777777777275,-0.8283333333333316,0.47555555555555884
1199,Europe,1990,11,-0.0812727272727257,0.07213636363636262,0.5636363636363636,0.41818181818181815,-0.09136363636363078,-0.812727272727257,0.7213636363636262
1199,Europe,2000,11,-0.0901363636363664,0.08331818181818355,0.49090909090909096,0.4818181818181818,-0.06818181818182852,-0.901363636363664,0.8331818181818356
1199,Europe,2010,11,-0.08499999999999969,0.06695454545454503,0.609090909090909,0.36363636363636365,-0.1804545454545467,-0.8499999999999969,0.6695454545454502
12,US,1940,2,-1.3716000000000008,0.8521699999999998,0.3333333333333333,0.6666666666666666,-2.308860000000003,-4.1148000000000025,1.8059399999999997
12,US,1950,61,-0.8237600401509235,0.5893865293000261,0.4322274264897215,0.5677725735102784,-1.4644138688524588,-3.85192206557377,2.387508196721311
12,US,1960,159,-0.4678120547219726,0.35638771458520524,0.5447314565239093,0.4515848058300888,-0.7344329056603771,-2.6423372704402515,1.9079043647798744
12,US,1970,470,-0.34382134814251936,0.4591447434093212,0.4350050658561297,0.5606813576494427,-0.24748197446808493,-2.0044428808510637,1.756960906382979
12,US,1980,319,-0.4106351672015725,0.3604838413668707,0.5703624919142161,0.42783500024879334,-0.2511257617554862,-2.278342978056427,2.0272172163009405
12,US,1990,156,-0.9406688659188032,0.5422320179029302,0.5386472323972324,0.4521494708994709,-1.1282380512820513,-3.257224666666666,2.1289866153846146
12,US,2000,161,-0.5290887404909791,0.9321924231193927,0.41800995760623094,0.5798161293502908,3.30242250931677,-4.208653031055901,7.51107554037267
12,US,2010,180,-0.38329698827601405,0.7020807140299824,0.3730753968253968,0.6269246031746032,2.3387651111111114,-2.4029491777777774,4.741714288888889
12,US,2020,120,-0.2954527777777777,0.5630206777777779,0.35833333333333334,0.6375,0.772134766666667,-0.7995411166666665,1.5716758833333335
120,US,1970,1,-0.9925050000000004,0.24726874999999993,0.375,0.375,-5.961890000000004,-7.940040000000003,1.9781499999999994
120,US,1980,1,-0.5216659999999997,1.0757930000000002,0.4,0.6,5.541270000000004,-5.216659999999997,10.757930000000002
120,US,1990,1,-0.29550300000000007,0.2129019999999997,0.8,0.2,-0.8260100000000037,-2.9550300000000007,2.129019999999997
120,US,2000,12,-0.4256426407407407,0.20516967824074073,0.5363425925925925,0.4636574074074074,-0.8140696666666668,-1.9598661666666668,1.1457964999999997
120,US,2010,5,-0.15355787999999998,0.12740603999999994,0.5399999999999999,0.4600000000000001,-0.2615184,-1.5355787999999997,1.2740603999999995
120,US,2020,5,-0.3522470666666656,0.02590799999999973,0.8666666666666666,0.13333333333333333,-0.9790171999999977,-1.056741199999997,0.0777239999999992
1200,Europe,2000,1,-0.2672222222222192,0.2694444444444394,0.4444444444444444,0.5555555555555556,0.01999999999998181,-2.4049999999999727,2.4249999999999545
1200,Europe,2010,1,-0.27399999999998953,0.26200000000000045,0.5,0.5,-0.11999999999989086,-2.7399999999998954,2.6200000000000045
1201,Europe,1960,1,-0.013124999999988063,0.11749999999999261,0.375,0.625,0.8350000000000364,-0.1049999999999045,0.9399999999999409
1201,Europe,1970,1,-0.060000000000002274,0.0785000000000025,0.5,0.5,0.18500000000000227,-0.6000000000000227,0.785000000000025
1201,Europe,1980,3,-0.0716481481481472,0.06457407407407703,0.4259259259259259,0.5740740740740741,-0.1699999999999875,-0.6366666666666561,0.46666666666666856
1201,Europe,1990,3,-0.04250000000000303,0.03366666666666731,0.5333333333333333,0.4000000000000001,-0.0883333333333572,-0.4250000000000303,0.3366666666666731
1201,Europe,2000,3,-0.054666666666669056,0.05016666666667031,0.4666666666666666,0.4666666666666666,-0.044999999999987494,-0.5466666666666905,0.501666666666703
1201,Europe,2010,3,-0.06566666666666758,0.06599999999999966,0.6333333333333333,0.3666666666666667,0.003333333333320828,-0.6566666666666757,0.6599999999999966
1202,Europe,1970,9,-0.06391975308642338,0.0625000000000035,0.4567901234567901,0.5308641975308642,-0.011666666666668688,-0.5561111111111422,0.5444444444444735
1202,Europe,1980,10,-0.06005000000000223,0.04845000000000084,0.52,0.47000000000000003,-0.15000000000000568,-0.6005000000000222,0.4505000000000166
1202,Europe,1990,12,-0.052308035714286,0.044669642857142394,0.5336309523809524,0.44970238095238096,-0.0825000000000055,-0.5012500000000036,0.4187499999999981
1202,Europe,2000,12,-0.06404166666666716,0.08316666666666729,0.3833333333333333,0.6,0.19125000000000134,-0.6404166666666716,0.8316666666666729
1202,Europe,2010,12,-0.0772499999999989,0.04512499999999969,0.6,0.3666666666666667,-0.32124999999999204,-0.772499999999989,0.451249999999997
1203,Europe,1960,7,-0.05699999999999986,0.1234285714285707,0.4571428571428572,0.5190476190476191,0.4285714285714245,-0.26928571428571296,0.6978571428571375
1203,Europe,1970,21,-0.11192592592592551,0.09301851851851874,0.5563492063492064,0.42777777777777776,-0.18809523809523215,-1.0383333333333296,0.8502380952380975
1203,Europe,1980,21,-0.1292619047619044,0.09461904761904737,0.5523809523809524,0.43809523809523804,-0.34642857142857036,-1.292619047619044,0.9461904761904737
1203,Europe,1990,21,-0.06328571428571425,0.100142857142857,0.41904761904761906,0.5666666666666667,0.36857142857142766,-0.6328571428571425,1.0014285714285702
1203,Europe,2000,21,-0.10245238095238102,0.07940476190476169,0.5285714285714286,0.4666666666666667,-0.23047619047619333,-1.0245238095238103,0.7940476190476169
1203,Europe,2010,21,-0.13835714285714248,0.10228571428571438,0.6,0.3952380952380953,-0.3607142857142811,-1.383571428571425,1.0228571428571438
1204,Europe,1960,3,-0.13479166666666764,0.06708333333333272,0.5555555555555555,0.4444444444444444,-0.25833333333333525,-0.6283333333333397,0.37000000000000455
1204,Europe,1970,9,-0.11974074074074051,0.09566049382716121,0.5851851851851851,0.3790123456790123,-0.22499999999999115,-1.1127777777777763,0.8877777777777851
1204,Europe,1980,9,-0.12533333333333366,0.10838888888888884,0.5555555555555556,0.43333333333333335,-0.16944444444444823,-1.2533333333333365,1.0838888888888885
1204,Europe,1990,9,-0.05633333333333389,0.09738888888888936,0.5111111111111111,0.48888888888888893,0.4105555555555548,-0.5633333333333389,0.9738888888888937
1204,Europe,2000,9,-0.091777777777778,0.0682777777777779,0.5555555555555556,0.43333333333333335,-0.235000000000001,-0.9177777777777799,0.6827777777777789
1204,Europe,2010,9,-0.13527777777777855,0.09266666666666765,0.6333333333333333,0.34444444444444444,-0.42611111111110883,-1.3527777777777854,0.9266666666666765
1205,Europe,2010,5,-0.11310000000000031,0.045600000000000446,0.6699999999999999,0.32999999999999996,-0.6699999999999988,-1.1160000000000025,0.4460000000000036
1206,Europe,2010,4,-0.2515000000000015,0.1678750000000008,0.575,0.4,-0.8362500000000068,-2.515000000000015,1.678750000000008
1207,Europe,2010,1,-0.18050000000000352,0.10400000000000205,0.6,0.4,-0.7650000000000148,-1.8050000000000352,1.0400000000000205
1208,Europe,1960,2,-0.07899999999999921,0.09149999999999636,0.5,0.5,0.06249999999998579,-0.394999999999996,0.4574999999999818
1208,Europe,1970,4,-0.08723611111111135,0.09438888888888902,0.475,0.49722222222222223,0.07124999999999915,-0.833750000000002,0.9050000000000011
1208,Europe,1980,4,-0.08687500000000128,0.05912500000000094,0.6499999999999999,0.35,-0.2775000000000034,-0.8687500000000128,0.5912500000000094
1208,Europe,1990,4,-0.0916249999999991,0.11812499999999915,0.4,0.575,0.26500000000000057,-0.9162499999999909,1.1812499999999915
1208,Europe,2000,4,-0.09724999999999824,0.09712499999999907,0.45,0.55,-0.0012499999999917577,-0.9724999999999824,0.9712499999999906
1208,Europe,2010,4,-0.15275000000000033,0.10512500000000032,0.55,0.42500000000000004,-0.4762500000000003,-1.5275000000000034,1.0512500000000031
1209,Europe,1970,8,-0.04217013888888981,0.09546875000000259,0.4375,0.5625,0.46562500000000995,-0.35062500000000796,0.8162500000000179
1209,Europe,1980,8,-0.11056249999999963,0.07537499999999894,0.55,0.45,-0.3518750000000068,-1.1056249999999963,0.7537499999999895
1209,Europe,1990,8,-0.10874999999999914,0.08599999999999852,0.525,0.475,-0.22750000000000625,-1.0874999999999915,0.8599999999999852
1209,Europe,2000,8,-0.12106250000000074,0.1611875000000019,0.4,0.6,0.40125000000001165,-1.2106250000000074,1.611875000000019
1209,Europe,2010,8,-0.12781250000000027,0.08200000000000003,0.525,0.45,-0.45812500000000256,-1.2781250000000028,0.8200000000000003
121,US,1990,3,-0.6930643999999999,0.5891445333333333,0.43333333333333335,0.37222222222222223,-0.588264,-3.395472,2.8072079999999997
121,US,2000,11,-0.4646928409090908,0.2948536742424243,0.5681818181818182,0.38636363636363635,-0.4965463636363634,-1.4996154545454545,1.003069090909091
121,US,2010,2,-0.202158,0.15788600000000025,0.55,0.44999999999999996,-0.4427199999999978,-2.02158,1.5788600000000024
121,US,2020,2,-0.38226966666666706,0.0,1.0,0.0,-0.9913610000000013,-0.9913610000000013,0.0
1219,Europe,1960,1,-0.03250000000000001,0.04750000000000002,0.3333333333333333,0.5,0.09000000000000008,-0.19500000000000006,0.28500000000000014
1219,Europe,1970,20,-0.13818333333333335,0.1018605158730159,0.5792063492063492,0.38615079365079363,-0.16099999999999998,-0.8697500000000001,0.7087500000000001
1219,Europe,1980,10,-0.17665000000000003,0.11881666666666665,0.4866666666666667,0.5133333333333333,-0.35400000000000004,-1.3855,1.0315
1219,Europe,1990,7,-0.12814285714285714,0.17585714285714285,0.4857142857142857,0.5,0.4771428571428572,-1.2814285714285714,1.7585714285714285
1219,Europe,2000,7,-0.18164285714285716,0.14109523809523808,0.4857142857142857,0.5142857142857143,-0.5421428571428573,-1.8164285714285715,1.2742857142857142
1219,Europe,2010,6,-0.11054166666666666,0.08277083333333334,0.5541666666666667,0.4291666666666667,-0.27333333333333326,-1.0733333333333333,0.7999999999999999
122,US,1960,2,-0.1995675499999999,0.23530559999999995,0.55,0.45,0.1325890000000003,-0.8648689999999997,0.997458
122,US,1970,3,-0.5149597333333332,0.4148837999999999,0.5666666666666667,0.43333333333333335,-0.8732513333333323,-4.710685333333331,3.8374339999999996
122,US,1980,4,-0.41265218750000016,0.36942057142857165,0.7285714285714285,0.2714285714285714,-0.3722400000000001,-3.2899400000000014,2.9177000000000013
122,US,1990,7,-0.2519239428571428,0.9603376,0.3595238095238095,0.6404761904761905,3.931051428571429,-1.540978285714285,5.472029714285715
122,US,2000,30,-0.7113297903703704,0.6595185996296296,0.4976851851851852,0.5023148148148148,-0.48808700000000027,-3.5637717999999996,3.0756847999999994
122,US,2010,11,-0.45820015757575755,0.3001034,0.5393939393939394,0.4606060606060606,-1.3377963636363637,-4.105104181818182,2.767307818181818
122,US,2020,5,-0.7765285333333333,0.08707146666666667,0.8,0.2,-2.0683712,-2.3295856,0.26121439999999996
123,US,1950,8,-0.21076580833333325,0.1810917999999999,0.4625,0.5125,-0.18592900000000018,-1.0816580000000005,0.8957290000000002
123,US,1960,12,-0.15369940873015875,0.18530995734127,0.44236111111111115,0.514484126984127,0.12509500000000062,-1.225549,1.3506440000000006
123,US,1970,12,-0.20721683994708998,0.3195397857142858,0.4395502645502645,0.5511904761904761,-0.03606833333333329,-1.7231355000000004,1.687067166666667
123,US,1980,7,-0.32190690000000005,0.25664712222222225,0.6,0.39999999999999997,-0.5521225714285717,-2.927604000000001,2.375481428571429
123,US,1990,28,-0.2778289166666666,0.2718197738095237,0.35119047619047616,0.6488095238095237,-0.00446392857142864,-1.3565239999999998,1.352060071428571
123,US,2000,66,-0.32817795192400195,0.16253047519240021,0.6372474747474747,0.34507575757575754,-0.9191343333333332,-2.1329081212121213,1.2137737878787882
123,US,2010,21,-0.32185325623582767,0.3705739706727135,0.43204837490551773,0.5679516250944823,0.262853714285714,-3.1807320952380955,3.4435858095238094
1230,US,1920,1,-0.10668000000000004,0.0,0.6666666666666666,0.0,-0.3200400000000001,-0.3200400000000001,0.0
1230,US,1950,2,-0.06713220000000002,0.057454800000000014,0.55,0.4,-0.09677400000000003,-0.6713220000000002,0.5745480000000002
1230,US,1960,10,-0.1855453857142857,0.06392427999999992,0.6223809523809524,0.37761904761904763,-0.5079494000000001,-0.7932423999999999,0.28529299999999985
1230,US,1970,10,-0.13068299999999994,0.13759179999999996,0.5666666666666667,0.4333333333333333,0.004876800000000037,-0.2827019999999999,0.2875787999999999
1230,US,1980,7,-0.14746500000000004,0.08350057142857112,0.7000000000000001,0.3,-0.20769971428571526,-0.6736077142857138,0.46590799999999843
1230,US,1990,11,-0.14669206060606052,0.09031488888888888,0.543939393939394,0.45606060606060606,-0.1287085454545454,-0.5795365454545454,0.45082799999999995
1230,US,2000,285,-0.10669753136173768,0.033540325474798106,0.7049679754942912,0.2896644388749652,-0.2131407228070175,-0.35101731228070177,0.13787658947368422
1230,US,2010,331,-0.036156430873255666,0.12218709369874839,0.3609660480506402,0.6360631563803769,0.37621159516616315,-0.18473554078549856,0.5609471359516617
1230,US,2020,60,-0.020345377777777826,0.060943105555555536,0.30833333333333335,0.6861111111111111,0.11678936666666648,-0.057632533333333485,0.17442189999999996
1231,US,1960,2,-0.3009900000000014,0.07543750000000049,0.75,0.25,-0.45110500000000187,-0.6019800000000028,0.15087500000000098
1231,US,1980,49,-0.0866191836734694,0.27600469387755105,0.3673469387755102,0.6326530612244898,0.48917289795918373,-0.24645257142857144,0.7356254693877551
1231,US,1990,10,-0.10954999999999963,0.18148299999999934,0.4166666666666667,0.5333333333333333,0.21092199999999933,-0.27599599999999924,0.4869179999999986
1231,US,2000,1,-0.3218183333333329,0.11861833333333276,0.6666666666666666,0.3333333333333333,-1.2192000000000007,-1.9309099999999972,0.7117099999999965
1231,US,2010,1,-0.14528833333333324,0.23672833333333365,0.3333333333333333,0.6666666666666666,0.5486400000000025,-0.8717299999999994,1.420370000000002
124,US,1950,1,-0.07619999999999993,0.2533649999999999,0.375,0.625,1.4173199999999997,-0.6095999999999995,2.026919999999999
124,US,1960,1,-0.10363200000000003,0.15392400000000003,0.4,0.6,0.50292,-1.0363200000000004,1.5392400000000004
124,US,1970,3,-0.5255118888888888,0.22050022222222213,0.5601851851851852,0.40277777777777773,-2.5399999999999996,-4.460239999999999,1.9202399999999995
124,US,1980,3,-0.44068999999999986,0.7950199999999997,0.4166666666666667,0.5833333333333334,1.4173199999999995,-1.7627599999999994,3.180079999999999
124,US,2000,18,-0.12659488359788357,0.22332819312169308,0.49977954144620806,0.5002204585537918,0.4603323333333332,-0.7168733333333335,1.1772056666666666
124,US,2010,17,-0.26010647058823533,0.02941397058823534,0.8387254901960784,0.16127450980392158,-1.3233697647058822,-1.5257034117647061,0.20233364705882398
124,US,2020,1,-0.6827533333333354,0.0,1.0,0.0,-2.048260000000006,-2.048260000000006,0.0
125,US,1950,3,-0.2886456,0.40731439999999997,0.39999999999999997,0.6,0.4881879999999999,-1.4432280000000002,1.9314159999999998
125,US,1960,17,-0.22901437250233422,0.18902212894491122,0.5154528478057889,0.4299253034547152,-0.27880247058823543,-1.6157091764705878,1.3369067058823523
125,US,1970,17,-0.34749945882352945,0.2228193483660131,0.4820261437908497,0.4866013071895425,-1.2437630588235293,-3.220749882352942,1.9769868235294121
125,US,1980,27,-0.810857871898883,0.9802972422692534,0.5693709582598472,0.41211052322163433,0.43332355555555574,-3.902230962962963,4.335554518518519
125,US,1990,9,-0.3177992222222222,0.28208100740740744,0.4962962962962963,0.5037037037037037,-0.5554139999999997,-2.9323459999999995,2.3769319999999996
125,US,2000,24,-0.34479445866402125,0.21733402751322753,0.5950396825396825,0.3841269841269841,-0.8523609166666671,-2.588704833333334,1.7363439166666668
125,US,2010,8,-0.3130185750000002,0.3062368000000002,0.6160714285714286,0.38392857142857145,-0.062102749999999984,-2.482594500000002,2.420491750000002
125,US,2020,7,-0.2527666666666664,0.46238871428571404,0.8095238095238094,0.19047619047619047,0.16807400000000033,-0.7582999999999992,0.9263739999999995
1251,US,1960,4,-0.13437000000000004,0.056278214285713196,0.39285714285714285,0.5571428571428572,-0.5311025000000065,-0.8519000000000005,0.3207974999999941
1251,US,1970,5,-0.22751523809523846,0.18310311428571419,0.6276190476190476,0.37238095238095237,-0.2886540000000025,-1.4173080000000027,1.1286540000000003
1251,US,1980,15,-0.17506030555555527,0.13486757777777741,0.676111111111111,0.3238888888888889,-0.4627859999999998,-0.7938053333333319,0.3310193333333321
1251,US,1990,13,-0.07876148076923097,0.1975235512820521,0.45641025641025645,0.5243589743589744,0.5553323076923107,-0.3104246153846158,0.8657569230769264
1251,US,2000,14,-0.08763990901360628,0.0827757576530616,0.6053571428571428,0.3946428571428572,-0.13847214285714568,-0.5860942857142918,0.44762214285714613
1251,US,2010,13,-0.23000337637362625,0.11487092582417556,0.6985347985347985,0.29377289377289373,-0.6933046153846159,-1.2667730769230752,0.5734684615384592
1251,US,2020,4,-0.3529437499999985,0.02922083333333229,0.75,0.25,-0.7078924999999998,-0.7955549999999967,0.08766249999999687
126,US,1950,5,-0.7418530266666671,0.12632915999999964,0.5511111111111111,0.4488888888888889,-1.7522972000000017,-2.8224488000000005,1.0701515999999986
126,US,1960,11,-0.16543799199134185,0.14169794588744591,0.546969696969697,0.45303030303030306,-0.20075218181818053,-1.329479818181817,1.1287276363636367
126,US,1970,9,-0.4186827908289243,0.4110162109347444,0.41798941798941797,0.582010582010582,-0.26974644444444446,-3.521286444444445,3.2515400000000008
126,US,1980,4,-0.22861895000000013,0.5452398750000004,0.44999999999999996,0.55,0.846582,-2.180843000000001,3.027425000000001
126,US,1990,5,-0.08305776000000008,0.4860844133333334,0.32999999999999996,0.67,1.8751292,-0.7994880000000008,2.674617200000001
126,US,2000,28,-0.8976142547619048,0.42028533492063486,0.5282738095238095,0.4717261904761904,-0.9951176428571429,-2.9400682857142852,1.9449506428571424
126,US,2010,9,-0.18618211111111116,0.11871962222222228,0.5222222222222223,0.47777777777777775,-0.5472862222222222,-1.6743691111111119,1.1270828888888895
126,US,2020,5,-0.3834386666666668,0.007721599999999995,0.8666666666666666,0.06666666666666667,-1.1271512000000006,-1.1503160000000006,0.023164799999999985
127,US,1950,1,0.0,0.32765999999999995,0.0,1.0,0.6553199999999999,0.0,0.6553199999999999
127,US,1960,1,-0.04419599999999997,0.07162799999999998,0.5,0.4,0.2743200000000001,-0.4419599999999997,0.7162799999999998
127,US,1970,2,-0.20650200000000005,0.067437,0.725,0.275,-0.7391400000000002,-1.2192000000000003,0.48006000000000004
127,US,1980,9,-0.05404577777777774,0.8994984444444442,0.2037037037037037,0.7962962962962963,2.3300257777777773,-0.20794177777777773,2.5379675555555554
127,US,2000,109,-0.08652418816076889,0.10079234687636524,0.49934833260521333,0.49042522207659817,-0.01368803669724768,-0.466693614678899,0.4530055779816514
127,US,2010,87,-0.08292501133004927,0.16619693883415435,0.4334428024083196,0.5622468527640941,0.3355778620689655,-0.3936300689655173,0.7292079310344828
127,US,2020,2,-0.12954,0.0,1.0,0.0,-0.25908,-0.25908,0.0
128,US,1970,1,-0.5333999999999999,0.31834666666666667,0.5555555555555556,0.4444444444444444,-1.9354799999999999,-4.800599999999999,2.86512
128,US,1980,1,-0.5105400000000001,1.22682,0.25,0.75,2.86512,-2.0421600000000004,4.90728
128,US,2000,4,-0.27422475,0.21859875000000004,0.5625,0.4375,-0.2225039999999998,-1.096899,0.8743950000000001
128,US,2010,22,-0.08951223896103894,0.13861266558441557,0.3706709956709957,0.6293290043290043,0.18149454545454544,-0.6615545454545454,0.8430490909090907
128,US,2020,17,-0.1632771764705882,0.05734423529411764,0.7352941176470589,0.2647058823529412,-0.32595670588235287,-0.4823908235294117,0.1564341176470588
1289,US,1950,1,-2.67208,1.63068,0.6666666666666666,0.3333333333333333,-3.1242,-8.01624,4.89204
1289,US,1960,1,-1.060704,1.7693640000000002,0.4,0.6,7.0866,-10.607040000000001,17.693640000000002
1289,US,1970,1,-1.763268,1.5514320000000001,0.5,0.5,-2.11836,-17.63268,15.514320000000001
1289,US,1980,2,-3.97764,4.294631999999999,0.55,0.45,0.007619999999998406,-10.835640000000001,10.843259999999999
1289,US,1990,1,-0.14833600000000002,0.49123599999999995,0.3333333333333333,0.6666666666666666,1.0286999999999997,-0.44500800000000007,1.4737079999999998
1289,US,2000,77,-0.24497524131106987,0.32245294854669143,0.4164965986394558,0.5705163883735312,0.2853444155844156,-1.3972703116883118,1.6826147272727272
1289,US,2010,55,-0.1599257890909091,0.4156206618181818,0.33575757575757575,0.6642424242424242,0.06941127272727275,-0.8521099636363636,0.9215212363636365
129,US,1950,4,-0.7101159642857142,0.45765810714285715,0.5654761904761905,0.43452380952380953,-1.0081259999999999,-3.1470599999999997,2.138934
129,US,1960,2,-0.27746324999999994,0.33023174999999994,0.45,0.55,0.49377599999999966,-2.3202899999999995,2.8140659999999995
129,US,1970,3,-0.39725600000000005,0.17619133333333337,0.7055555555555556,0.29444444444444445,-0.8483600000000001,-1.7678400000000003,0.91948
129,US,1980,3,-0.65151,0.6464300000000002,0.25,0.75,0.6908800000000004,-1.3665200000000002,2.057400000000001
129,US,2000,1124,-0.13630766070793088,0.1486942310561769,0.4746917895271988,0.5193505338078291,0.07773079181494662,-0.5728060951957296,0.6505368870106761
129,US,2010,736,-0.12883321030344203,0.1818836173039596,0.44803797877846785,0.5488655969634231,0.21345317119565219,-0.6316663573369565,0.8451195285326086
129,US,2020,118,-0.09478505084745763,0.1534030847457627,0.4675141242937853,0.5240112994350282,0.10709328813559324,-0.2596482711864406,0.3667415593220339
13,US,1930,19,-0.4702342105263158,0.4709961578947367,0.5701754385964911,0.4298245614035087,0.13122421052631567,-1.052683052631579,1.1839072631578944
13,US,1940,41,-2.887133081184669,0.22908927932636475,0.7383565621370499,0.2616434378629501,-10.061076097560976,-10.85281287804878,0.7917367804878052
13,US,1950,77,-1.413694123685838,0.6839387984333127,0.5450267985982272,0.4463151927437642,-5.7181067012987015,-8.288599324675326,2.570492623376624
13,US,1960,81,-1.345402135665295,0.9611546591220853,0.45331667646482465,0.5397756221830295,-1.2737230864197526,-5.473791901234568,4.2000688148148155
13,US,1970,726,-0.48938392405658315,0.5087990405035201,0.49866358389085663,0.4947805981896891,0.1666155950413223,-2.288166391184573,2.4547819862258953
13,US,1980,689,-0.3608126170479416,0.32437611531089455,0.5323409818692837,0.4610206879074804,-0.08585031930333822,-1.884057915820029,1.798207596516691
13,US,1990,660,-0.5056215801527177,0.41804440541245796,0.517991822991823,0.4728727753727754,-0.3598583090909092,-3.2279128454545454,2.8680545363636365
13,US,2000,324,-0.6714620128282383,0.7565934276895944,0.5256344307270233,0.467263129531648,0.3596780679012345,-3.4846964753086422,3.844374543209877
13,US,2010,379,-0.5042313839657412,0.4913665247288186,0.48054194413033463,0.5125026175817733,-0.044252094986807405,-3.1541366649076514,3.1098845699208444
13,US,2020,193,-0.32094540587219333,0.2619410967184802,0.48531951640759924,0.5034542314335061,-0.23716746113989606,-0.8477307875647667,0.6105633264248705
130,US,1930,3,-2.437383833333333,0.3124199999999999,0.8333333333333334,0.16666666666666666,-7.763255333333333,-8.388095333333332,0.6248399999999998
130,US,1940,42,-0.7788307763605443,0.2953006653061225,0.6205498866213152,0.3794501133786848,-2.9021309047619046,-4.283528714285715,1.3813978095238097
130,US,1950,58,-0.37911602315270937,0.9477923538998357,0.26163793103448274,0.7383620689655173,2.0118643103448273,-2.1237987586206897,4.135663068965517
130,US,1960,27,-0.3519107338624339,0.6225692166666666,0.274647266313933,0.7160934744268077,2.60299162962963,-1.78116,4.3841516296296295
130,US,1970,49,-1.1314459787981859,0.6774807012633625,0.5693391642371235,0.41987366375121477,-2.657358244897959,-6.311785918367347,3.654427673469388
130,US,1980,55,-1.329247778008658,0.7129674891774892,0.6764502164502164,0.32354978354978353,-3.1815024363636364,-6.120910472727273,2.9394080363636363
130,US,1990,107,-0.16811432110221033,1.0662939395045246,0.2718550660139445,0.7281449339860554,5.16049185046729,-1.155889644859813,6.316381495327103
130,US,2000,604,-0.27664483851308735,0.3051435733010091,0.5019039735099338,0.4914577420372122,0.48592150993377486,-1.3068905,1.7928120099337748
130,US,2010,502,-0.4477599476332764,0.28075361221937645,0.5475028457598179,0.4445559033706444,-1.4146334701195218,-2.8240662270916337,1.4094327569721117
130,US,2020,90,-0.2786633333333333,0.40209042962962954,0.5462962962962963,0.45370370370370366,0.3639482666666665,-0.816829911111111,1.1807781777777777
1301,Other world,1960,15,-0.1674444444444444,0.1692222222222222,0.47777777777777775,0.5222222222222223,0.02266666666666677,-0.42233333333333317,0.4449999999999999
1301,Other world,1970,20,-0.09431944444444446,0.1622972222222222,0.4444444444444445,0.545,0.48339999999999994,-0.8422499999999999,1.32565
1302,Other world,1950,11,-0.2511883116883116,0.20949134199134195,0.5566378066378066,0.43037518037518036,-0.1672727272727272,-1.5845454545454545,1.417272727272727
1302,Other world,1960,11,-0.2438977272727272,0.24707954545454539,0.5590909090909091,0.44090909090909086,0.11000000000000015,-1.9009090909090907,2.0109090909090908
1302,Other world,1970,23,-0.18505059958592135,0.3917909391304348,0.43343685300207035,0.5665631469979295,1.7827608260869565,-1.3874348260869567,3.170195652173913
1302,Other world,1980,12,-0.0858854166666667,0.5852430972222221,0.2351190476190476,0.7648809523809524,1.512500083333333,-0.3125000000000001,1.8250000833333333
1302,Other world,1990,9,-0.22522222222222224,0.2872407407407407,0.5,0.5,0.14111111111111108,-0.9188888888888889,1.0599999999999998
1302,Other world,2000,12,-0.26128869047619047,0.35796428571428573,0.46349206349206346,0.5365079365079365,0.46125000000000016,-1.5879166666666666,2.049166666666667
1302,Other world,2010,6,-0.25226250000000006,0.22049583333333342,0.45,0.5333333333333333,-0.4844166666666667,-1.8999166666666671,1.4155000000000004
1303,Other world,2000,12,-0.5012916666666666,0.9827499999999999,0.39166666666666666,0.6083333333333333,2.5066666666666664,-2.2658333333333327,4.7725
1303,Other world,2010,11,-0.6475000000000001,0.3551136363636363,0.4318181818181818,0.5681818181818182,-1.2609090909090914,-2.5900000000000003,1.3290909090909087
1304,Other world,2000,17,-0.5617352941176471,0.31430882352941175,0.5254901960784314,0.4745098039215686,-1.181764705882353,-2.4797058823529414,1.2979411764705882
1304,Other world,2010,16,-1.60046875,0.09486979166666672,0.8541666666666666,0.14583333333333334,-5.85625,-6.228125,0.3718750000000002
1305,Other world,2000,8,-0.1795000000000001,0.33900000000000013,0.375,0.625,0.7975000000000001,-0.8975000000000004,1.6950000000000005
1305,Other world,2010,8,-0.3701562499999999,0.12359375,0.65625,0.34375,-0.9862499999999996,-1.4806249999999996,0.494375
1306,Other world,2000,17,-0.297921568627451,0.7367450980392157,0.3647058823529412,0.6235294117647059,2.2411764705882353,-1.1723529411764708,3.413529411764706
1306,Other world,2010,15,-0.11150000000000006,0.4858333333333333,0.36666666666666664,0.6333333333333333,1.216,-0.44600000000000023,1.662
1307,Other world,2000,12,-0.28735416666666663,0.7887083333333335,0.3972222222222222,0.6027777777777777,1.9966666666666668,-1.1395833333333332,3.13625
1307,Other world,2010,10,-1.1164166666666668,0.3802500000000001,0.725,0.275,-2.4945,-4.003500000000001,1.5090000000000003
131,US,1930,3,-1.2390119999999998,1.4726920000000001,0.5666666666666667,0.43333333333333335,-2.9463999999999992,-8.73252,5.78612
131,US,1940,4,-1.1442223958333335,0.3056890624999999,0.5416666666666666,0.41666666666666663,-6.272785000000001,-7.983855,1.7110699999999999
131,US,1950,13,-2.3313683717948726,1.8626288076923079,0.35256410256410253,0.6474358974358974,-0.4348096923076933,-5.3574466153846165,4.922636923076923
131,US,1960,9,-0.5263652394179894,0.7744244920634922,0.44669312169312175,0.5533068783068783,2.245531111111111,-3.62458,5.870111111111111
131,US,1970,19,-2.1198716152882207,1.3053331541353383,0.48571428571428565,0.5142857142857142,-2.297951578947368,-7.86079252631579,5.5628409473684215
131,US,1980,69,-1.3274040590522198,1.516177899022314,0.5118242466068553,0.4881757533931447,1.4677228405797103,-7.630889043478261,9.09861188405797
131,US,1990,193,-0.546026440533761,1.0236018731392384,0.3378443950982811,0.6531170326507114,2.6706086424870463,-2.5146396269430054,5.185248269430052
131,US,2000,1234,-0.24239075860795964,0.1720983141075609,0.5872568881685575,0.3884965655630161,-0.3744248833063209,-1.4398033322528363,1.0653784489465155
131,US,2010,1015,-0.2922348241058722,0.21626525886777698,0.5552185471889906,0.43858628508874814,-0.5506896571428572,-1.7801926857142858,1.2295030285714283
131,US,2020,315,-0.1587942984126984,0.1893315904761905,0.5608465608465608,0.42010582010582015,0.07238768888888891,-0.4276632825396825,0.5000509714285715
1310,US,1950,7,-0.26343466666666604,0.29379838095238026,0.5238095238095238,0.47619047619047616,-0.007838571428571837,-1.408613714285711,1.400775142857139
1310,US,1960,1,-0.443484,0.417068,0.8333333333333334,0.16666666666666666,-0.15849599999999997,-2.660904,2.502408
1310,US,1970,12,-0.41510811111111084,0.5324684861111106,0.3958333333333333,0.5902777777777778,0.618489166666666,-1.8488666666666653,2.467355833333331
1310,US,1980,11,-0.4883685681818182,0.605023492424242,0.4727272727272727,0.5272727272727272,0.3469199999999985,-1.964576363636364,2.3114963636363624
1310,US,1990,7,-0.7162799999999994,0.1985557142857142,0.5714285714285714,0.42857142857142855,-1.0354485714285704,-1.4325599999999987,0.3971114285714284
1310,US,2000,3,-0.42715571428571436,0.4095933333333334,0.5238095238095238,0.4761904761904762,-0.04673666666666776,-1.49149,1.4447533333333322
1310,US,2010,1,-0.08534500000000082,0.19100833333333375,0.5,0.5,0.6339799999999975,-0.5120700000000049,1.1460500000000025
1310,US,2020,1,-0.18186333333333357,0.15341333333333296,0.3333333333333333,0.6666666666666666,-0.08535000000000181,-0.5455900000000007,0.46023999999999887
132,US,1950,2,-0.32003999999999966,0.2255524999999996,0.25,0.75,-0.18897500000000012,-0.6400799999999993,0.4511049999999992
132,US,1960,4,-0.2790821428571428,0.5266685476190474,0.38690476190476186,0.6130952380952381,1.332737999999999,-1.5087594999999996,2.8414974999999987
132,US,1970,26,-0.3966870912393162,0.9733726228632479,0.47425213675213673,0.5257478632478633,1.701253230769231,-1.8544148461538463,3.555668076923077
132,US,1980,35,-0.423821309047619,0.7795275571428572,0.47452380952380957,0.5254761904761904,1.123710457142857,-1.5277876,2.6514980571428572
132,US,1990,1,-0.16535449999999996,0.29908499999999993,0.25,0.75,1.0698439999999998,-1.3228359999999997,2.3926799999999995
132,US,2000,66,-0.31513637586580084,0.19401660505050505,0.6784632034632034,0.32153679653679657,-0.5970387575757576,-1.6839049090909093,1.0868661515151516
132,US,2010,51,-0.1845822784313726,0.20574699215686276,0.5555555555555556,0.4444444444444444,-0.11223807843137262,-0.7829772941176473,0.6707392156862746
132,US,2020,1,-0.04064000000000038,0.1630680000000003,0.3333333333333333,0.6666666666666666,0.3672839999999997,-0.12192000000000114,0.48920400000000086
1323,US,1950,2,-0.013970000000000185,0.051562333333333335,0.3333333333333333,0.6666666666666666,0.11277699999999946,-0.04191000000000056,0.15468700000000002
1323,US,1960,2,-0.08029587500000002,0.03962399999999999,0.5625,0.4375,-0.3253750000000002,-0.6423670000000001,0.31699199999999994
1323,US,1970,3,-0.15392400000000014,0.01075266666666673,0.8194444444444445,0.09722222222222221,-0.44602400000000014,-0.5303520000000006,0.08432800000000047
1323,US,1980,13,-0.13182565384615394,0.2598807692307688,0.42948717948717946,0.5512820512820513,0.1968304615384605,-0.34442338461538474,0.5412538461538452
1323,US,1990,3,-0.07355802222222224,0.042604266666666196,0.7000000000000001,0.2333333333333333,-0.17068600000000286,-0.3921740000000001,0.22148799999999724
1323,US,2000,1,-0.08534374999999983,0.0,1.0,0.0,-0.6827499999999986,-0.6827499999999986,0.0
1323,US,2010,39,-0.09283374999999998,0.4529613995726495,0.4305555555555556,0.5694444444444444,0.7354281538461538,-0.19261005128205125,0.928038205128205
1323,US,2020,1,0.0,0.00914500000000018,0.0,0.5,0.01829000000000036,0.0,0.01829000000000036
1324,US,1950,1,-1.6581099999999989,1.64973,0.5,0.5,-0.016759999999997888,-3.3162199999999977,3.29946
1324,US,1980,1,0.0,1.30302,0.0,1.0,2.60604,0.0,2.60604
1324,US,1990,18,-0.18562831481481495,0.23007783333333343,0.42006172839506173,0.5583333333333333,0.3213966666666663,-0.678937000000001,1.0003336666666671
1324,US,2000,6,-0.06800243650793679,0.08397478571428614,0.45634920634920634,0.526984126984127,-0.003298333333332515,-0.4904700000000008,0.4871716666666683
1324,US,2010,4,-0.0926756250000016,0.04391000000000034,0.5625,0.3125,-0.050287500000002705,-0.19544750000000333,0.14516000000000062
1325,US,1960,9,-0.19924898148148157,0.07195277777777771,0.6018518518518519,0.39814814814814814,-0.7100144444444451,-1.1296233333333339,0.4196088888888887
1325,US,1970,8,-0.10596527500000033,0.13366407500000044,0.50625,0.49375,0.23526925000000032,-1.0187890000000022,1.2540582500000026
1325,US,1980,9,-0.09362043333333324,0.14607985555555547,0.39444444444444443,0.6055555555555556,0.5493168888888891,-0.6101091111111102,1.1594259999999992
1325,US,1990,8,-0.08053929166666665,0.13020037499999998,0.4201388888888889,0.579861111111111,0.47739149999999964,-0.7808607499999999,1.2582522499999995
1325,US,2000,8,-0.12394415863095246,0.10183850000000005,0.3900793650793651,0.596031746031746,-0.1489710000000003,-0.8069590000000005,0.6579880000000002
1325,US,2010,7,-0.07197639999999969,0.03974325714285719,0.5964285714285714,0.4035714285714286,-0.27345057142857065,-0.5146768571428565,0.24122628571428578
1325,US,2020,5,-0.17190733333333336,0.05811519999999994,0.8666666666666666,0.13333333333333333,-0.34137640000000025,-0.515722,0.17434559999999982
1326,US,1970,1,-0.24739666666666693,0.5085099999999999,0.16666666666666666,0.8333333333333334,1.566679999999998,-1.4843800000000016,3.0510599999999997
1326,US,1980,1,-0.05689499999999962,0.06807166666666653,0.3333333333333333,0.6666666666666666,0.06706000000000145,-0.34136999999999773,0.4084299999999992
1326,US,1990,1,-0.025146250000000148,0.09906000000000015,0.25,0.75,0.59131,-0.20117000000000118,0.7924800000000012
1326,US,2010,1,-0.014629999999999654,0.019507999999999727,0.4,0.6,0.024390000000000356,-0.07314999999999827,0.09753999999999863
1326,US,2020,1,-0.011176666666666316,0.07721666666666611,0.3333333333333333,0.6666666666666666,0.1981199999999994,-0.03352999999999895,0.23164999999999836
1327,US,1990,6,-0.012129285714285253,0.032608698412697576,0.35793650793650794,0.6182539682539683,0.08102499999999828,-0.06451666666666463,0.1455416666666629
1327,US,2000,3,-0.012318916666666105,0.010338083333332948,0.625,0.375,-0.007616666666664902,-0.11074333333332771,0.10312666666666281
1327,US,2010,2,-0.01905000000000001,0.01371599999999944,0.55,0.45,-0.053340000000005716,-0.1905000000000001,0.1371599999999944
1327,US,2020,2,-0.021969999999998418,0.0012700000000004745,0.8333333333333333,0.16666666666666666,-0.046479999999995414,-0.05028999999999684,0.0038100000000014234
1328,US,1970,1,-0.019303333333333228,0.06502333333333372,0.5,0.5,0.274320000000003,-0.11581999999999937,0.3901400000000024
1328,US,1980,1,-0.02489166666666757,0.01066666666666786,0.3333333333333333,0.6666666666666666,-0.08534999999999826,-0.14935000000000542,0.06400000000000716
1328,US,1990,8,-0.15799865277777775,0.1439778194444445,0.3666666666666667,0.5131944444444444,-0.05124499999999976,-1.2192012499999998,1.16795625
1328,US,2000,6,-0.08938283333333341,0.04843816666666676,0.5499999999999999,0.3,-0.40944666666666646,-0.893828333333334,0.4843816666666676
1328,US,2010,6,-0.12593881481481492,0.09027988888888899,0.6,0.33888888888888885,-0.28092499999999987,-1.1488416666666676,0.8679166666666678
1328,US,2020,5,-0.08920400000000062,0.10728866666666712,0.4666666666666666,0.4666666666666666,0.05425399999999954,-0.26761200000000185,0.32186600000000143
1329,US,1950,4,-0.5950267500000002,0.11106149999999998,0.5416666666666666,0.4583333333333333,-1.4310360000000004,-1.7415510000000003,0.310515
1329,US,1960,5,-0.46987071428571425,0.6769697085714286,0.5380952380952382,0.4619047619047619,0.8772164,-1.9933908000000002,2.8706072000000002
1329,US,1970,3,-0.09008544444444443,0.8331192222222222,0.41111111111111115,0.5888888888888889,2.204716,-0.6868166666666665,2.8915326666666665
1329,US,1980,2,-0.12928599999999985,0.6116319999999998,0.6666666666666666,0.3333333333333333,1.466088,-0.3688079999999996,1.8348959999999996
1329,US,1990,1,-0.5227320000000004,0.05334000000000039,0.5,0.5,-0.9387840000000001,-1.0454640000000008,0.10668000000000077
1329,US,2000,1,-0.055880000000000006,0.26238199999999995,0.16666666666666666,0.8333333333333334,1.2390119999999998,-0.33528,1.5742919999999998
1329,US,2010,1,-0.017610666666666712,0.10938933333333337,0.3333333333333333,0.6666666666666666,0.8260079999999999,-0.15849600000000041,0.9845040000000003
133,US,1920,1,0.0,0.0,0.0,0.0,0.0,0.0,0.0
133,US,1930,3,-0.32657142857142857,2.142671428571429,0.21428571428571427,0.5476190476190476,3.632200000000001,-2.032,5.664200000000001
133,US,1940,40,-1.436847514861111,0.956077738888889,0.5734722222222223,0.42652777777777773,-3.3306641999999997,-7.1361298500000006,3.805465650000001
133,US,1950,34,-0.663220186764706,1.3715776751633988,0.4392156862745098,0.5509803921568628,3.7507409411764705,-4.599295117647059,8.35003605882353
133,US,1960,20,-0.6138325035714285,1.6450435057142858,0.34839285714285717,0.6516071428571428,10.105719500000001,-5.7943991,15.900118599999999
133,US,1970,29,-0.2792791663382595,2.342419052380952,0.25717022441160375,0.7428297755883962,5.975236551724138,-2.2132677241379315,8.18850427586207
133,US,1980,36,-1.350716713095238,0.5158701708994707,0.6537698412698413,0.34226190476190477,-6.784002277777777,-11.044385666666665,4.260383388888887
133,US,1990,48,-0.9319235681712962,1.3368015813657408,0.4470486111111111,0.552951388888889,4.614989208333333,-6.24249525,10.857484458333333
133,US,2000,110,-0.37604810909090913,0.35372548103896106,0.5204761904761905,0.4795238095238095,-0.1290825090909091,-1.0461427818181819,0.9170602727272728
133,US,2010,41,-0.04294148780487804,0.14236390243902436,0.2073170731707317,0.7926829268292683,0.19057434146341462,-0.17176595121951216,0.3623402926829268
1330,US,1950,3,-0.28596613333333315,0.07389306666666635,0.5222222222222223,0.4777777777777778,-0.6446520000000003,-0.9479159999999996,0.30326399999999926
1330,US,1960,1,-0.0316992,0.016459199999999986,0.4,0.6,-0.07620000000000005,-0.15849599999999997,0.08229599999999992
1330,US,1970,1,-0.049783999999999974,0.04436533333333332,0.4444444444444444,0.5555555555555556,-0.04876799999999992,-0.4480559999999998,0.39928799999999987
1330,US,2000,1,-0.015410000000001232,0.013207777777779484,0.4444444444444444,0.5555555555555556,-0.01981999999999573,-0.13869000000001108,0.11887000000001535
1330,US,2010,1,-0.013106999999999402,0.011278999999998974,0.5,0.5,-0.018280000000004293,-0.13106999999999402,0.11278999999998973
1330,US,2020,1,-0.017524999999999125,0.010665000000003033,0.5,0.5,-0.013719999999992183,-0.03504999999999825,0.021330000000006066
1331,US,1950,1,-0.1152143999999998,0.09753599999999985,0.7,0.3,-0.1767839999999996,-1.152143999999998,0.9753599999999985
1331,US,1960,1,-0.031496000000000045,0.027432000000000418,0.3333333333333333,0.6666666666666666,-0.01219199999999887,-0.09448800000000013,0.08229600000000126
1331,US,1970,1,-0.031394399999999933,0.023774399999999928,0.5,0.5,-0.07620000000000005,-0.31394399999999933,0.2377439999999993
1331,US,1980,1,-0.025908000000000264,0.18288000000000082,0.5,0.5,0.3139440000000011,-0.05181600000000053,0.36576000000000164
1331,US,2010,21,-0.24920098276643973,0.0820103442176866,0.7289115646258504,0.27108843537414967,-0.6577158095238105,-0.9498149523809519,0.29209914285714156
1332,US,1980,6,-0.03723034999999989,0.06374750833333323,0.32083333333333336,0.6583333333333333,0.15239766666666674,-0.19024799999999933,0.3426456666666661
1332,US,1990,6,-0.018135503968253933,0.041398628968253914,0.4613095238095238,0.5178571428571429,0.11074699999999989,-0.13690499999999972,0.24765199999999962
1332,US,2000,5,-0.04429511999999979,0.043296909999999814,0.595,0.40499999999999997,-0.029260799999999774,-0.3782575999999985,0.34899679999999866
1332,US,2010,8,-0.022006972222222074,0.013896313888888581,0.5472222222222222,0.3965277777777778,-0.062291000000000665,-0.16040099999999932,0.09810999999999866
1332,US,2020,3,-0.02573866666666685,0.00135444444444488,0.7777777777777778,0.2222222222222222,-0.07315266666666591,-0.07721600000000055,0.00406333333333464
1333,US,1950,1,-0.25831999999999944,0.0,1.0,0.0,-0.5166399999999989,-0.5166399999999989,0.0
1333,US,1960,1,-0.11689199999999982,0.16657399999999994,0.5,0.5,0.49682000000000137,-1.1689199999999982,1.6657399999999996
1333,US,1970,2,-0.325451,0.32179349999999995,0.55,0.45,-0.036575000000000024,-3.25451,3.2179349999999998
1333,US,1980,2,-0.22326749999999973,0.1131574999999998,0.625,0.375,-0.4404399999999997,-0.8930699999999989,0.4526299999999992
1333,US,1990,1,-0.2326666666666668,0.018289999999999768,0.6666666666666666,0.3333333333333333,-0.6431300000000011,-0.6980000000000004,0.05486999999999931
1333,US,2000,28,-0.16386602976190487,0.1498963035714286,0.6964285714285714,0.26785714285714285,-0.1282872142857144,-0.5288271428571432,0.4005399285714287
1333,US,2010,29,-0.04649554712643657,0.090456475862069,0.49885057471264366,0.46091954022988507,0.1252824137931041,-0.1553965517241374,0.2806789655172415
1333,US,2020,3,-0.06798666666666671,0.00270911111111115,0.7777777777777777,0.2222222222222222,-0.14528666666666665,-0.15341400000000008,0.00812733333333345
1334,US,1970,1,0.0,0.034543333333333,0.0,1.0,0.103629999999999,0.0,0.103629999999999
1334,US,2000,4,-0.0010889285714287108,0.012337321428571548,0.17857142857142855,0.7857142857142858,0.07581749999999987,-0.007622500000000976,0.08344000000000085
1334,US,2010,4,-0.009829499999999936,0.0022094999999999754,0.6499999999999999,0.325,-0.0761999999999996,-0.09829499999999936,0.022094999999999754
1334,US,2020,4,-0.010540833333333518,0.007112500000000003,0.5,0.5,-0.010285000000000544,-0.03162250000000055,0.02133750000000001
1335,US,1950,6,-0.2220066249999999,0.038785799999999995,0.7333333333333334,0.26666666666666666,-1.0429236666666661,-1.2443456666666661,0.201422
1335,US,1960,8,-0.25801309999999994,0.17089223214285704,0.5839285714285715,0.4160714285714286,-0.7507592500000004,-2.3882974999999997,1.6375382499999993
1335,US,1970,8,-0.21443526666666662,0.22541446666666665,0.31805555555555554,0.6819444444444445,0.06210350000000042,-2.1278849999999996,2.1899885
1335,US,1980,9,-0.15476222222222225,0.2828909777777777,0.3222222222222222,0.6777777777777777,1.1035439999999994,-1.5255242222222227,2.629068222222222
1335,US,1990,8,-0.15560066250000004,0.13618880625000013,0.459375,0.540625,-0.15068449999999933,-1.4919985000000004,1.341314000000001
1335,US,2000,8,-0.12264428750000009,0.08193393749999986,0.53125,0.46875,-0.5579760000000007,-1.2075822500000006,0.6496062499999999
1335,US,2010,6,-0.09931398333333323,0.1759498999999999,0.3958333333333333,0.6041666666666666,0.4892030000000001,-0.941323999999999,1.430526999999999
1335,US,2020,4,-0.2754624999999999,0.21069249999999978,0.5833333333333333,0.41666666666666663,-0.1943100000000002,-0.8263874999999996,0.6320774999999994
1336,US,1960,1,0.0,0.8092449999999989,0.0,1.0,1.6184899999999978,0.0,1.6184899999999978
1336,US,1970,1,-0.20916999999999986,0.028195000000000192,0.625,0.375,-1.4477999999999973,-1.6733599999999988,0.22556000000000154
1336,US,1980,1,-0.05150999999999968,0.0374889999999997,0.6,0.4,-0.14020999999999972,-0.5150999999999968,0.37488999999999706
1336,US,1990,1,-0.02057500000000001,0.035054999999999836,0.5,0.5,0.057919999999999305,-0.08230000000000004,0.14021999999999935
1336,US,2000,1,-0.004063333333333456,0.1351300000000002,0.3333333333333333,0.6666666666666666,0.3932000000000002,-0.012190000000000367,0.4053900000000006
1336,US,2010,1,-0.1117600000000003,0.09245666666666648,0.3333333333333333,0.3333333333333333,-0.05791000000000146,-0.3352800000000009,0.27736999999999945
1336,US,2020,1,-0.018289999999999473,0.003049999999999997,0.5,0.5,-0.030479999999998952,-0.03657999999999895,0.006099999999999994
1337,US,1980,1,-0.06169999999999476,0.036574999999999136,0.5,0.5,-0.10049999999998249,-0.24679999999997904,0.14629999999999654
1337,US,2010,5,-0.01015700000000038,0.046388000000000464,0.255,0.745,0.22463999999999942,-0.0755800000000022,0.3002200000000016
1337,US,2020,4,-0.014216666666667285,0.06019166666666701,0.41666666666666663,0.5833333333333333,0.1379249999999992,-0.04265000000000185,0.18057500000000104
1338,US,1960,9,-0.060997388888888913,0.28724001851851866,0.5185185185185186,0.48148148148148145,0.801961111111111,-0.17306000000000032,0.9750211111111113
1338,US,1970,11,-0.24262498701298726,0.1573613939393942,0.4835497835497835,0.5164502164502165,-0.615419272727273,-1.6787523636363653,1.0633330909090923
1338,US,1980,13,-0.4892849432234433,0.18922421611721615,0.8043040293040293,0.19569597069597072,-2.3103847692307697,-3.768149384615385,1.4577646153846155
1338,US,1990,14,-0.8653245051020411,0.3143430816326532,0.7374149659863946,0.26258503401360545,-3.7954135714285715,-6.037216428571429,2.2418028571428583
1338,US,2000,11,-0.4482192121212119,0.07728855555555542,0.8313131313131312,0.1686868686868687,-3.1528781818181812,-3.8587690909090897,0.7058909090909082
1338,US,2010,10,-0.3615571666666664,0.33392166666666645,0.7,0.3,-0.18791099999999972,-1.0529339999999991,0.8650229999999993
1339,US,1980,1,-0.07620000000000005,0.16765000000000896,0.5,0.5,0.36580000000003565,-0.3048000000000002,0.6706000000000358
1339,US,1990,2,-0.2755350000000035,0.13098500000000116,0.95,0.05,-0.4960550000000197,-1.8059050000000312,1.3098500000000115
1339,US,2000,2,-0.01631500000000017,0.008523888888888425,0.5833333333333333,0.41666666666666663,-0.07698000000000604,-0.15697000000000116,0.07998999999999512
1339,US,2010,3,-0.020337888888888735,0.0172756111111135,0.5555555555555555,0.4444444444444444,-0.022336666666646465,-0.15695666666666833,0.13462000000002186
1339,US,2020,2,-0.011683333333337487,0.016511666666666258,0.3333333333333333,0.5,0.014484999999986314,-0.03505000000001246,0.049534999999998774
134,US,1950,3,-2.01676,2.5196799999999997,0.7777777777777777,0.2222222222222222,1.508759999999998,-6.050280000000001,7.559039999999999
134,US,1960,4,-1.6404166666666669,2.003255666666667,0.5361111111111111,0.4638888888888889,3.7147499999999996,-16.085820000000002,19.80057
134,US,1970,5,-1.5759263333333338,2.2834735066666667,0.4111111111111111,0.5888888888888889,5.949082399999999,-13.739778000000001,19.6888604
134,US,1980,3,-0.5709946666666663,1.1015472000000004,0.3333333333333333,0.6666666666666666,2.65276266666667,-2.8549733333333314,5.507736000000001
134,US,1990,94,-0.6807101599290779,3.3592981297872337,0.22092198581560282,0.7764184397163121,9.305736595744682,-1.7967139148936166,11.102450510638299
134,US,2000,1151,-0.2569800198502337,0.26266851050639195,0.5330168383600181,0.46170514252616773,0.08158121285838406,-1.217672951346655,1.299254164205039
134,US,2010,771,-0.20983653645955572,0.20510471241430422,0.4917387231589566,0.49565705227183826,-0.17380179636835277,-0.8240872957198444,0.6502854993514916
134,US,2020,130,-0.21722664615384615,0.06911731794871794,0.7487179487179487,0.2512820512820513,-0.42766947692307694,-0.631569,0.20389952307692305
1340,US,1980,2,-0.0027439999999991473,0.03657699999999906,0.2,0.8,0.16916499999999957,-0.013719999999995736,0.1828849999999953
1340,US,1990,2,-0.009906666666667324,0.002031666666666728,0.5416666666666666,0.25,-0.0396300000000025,-0.051820000000002864,0.012190000000000367
1340,US,2000,2,-0.025298125000000393,0.005028875000000354,0.8875,0.1125,-0.18059500000000028,-0.22936000000000334,0.048765000000003056
1340,US,2010,8,-0.010554999999999913,0.01613825000000002,0.42500000000000004,0.55,0.037917500000000715,-0.05925124999999909,0.0971687499999998
1340,US,2020,2,-0.018794999999999597,0.003046666666666198,0.6666666666666666,0.3333333333333333,-0.047245000000000203,-0.0563849999999988,0.009139999999998594
1341,US,2000,3,-0.25553055555555676,0.043477777777785796,0.3055555555555555,0.6944444444444443,-0.8646333333333113,-1.0104333333333386,0.14580000000002732
1341,US,2010,3,-0.013805555555552788,0.06468888888888419,0.2222222222222222,0.7777777777777778,0.30529999999998836,-0.08283333333331673,0.3881333333333051
1342,US,1980,1,-0.025042857142856128,0.02047142857142603,0.5714285714285714,0.42857142857142855,-0.03200000000001069,-0.1752999999999929,0.14329999999998222
1342,US,1990,1,-0.01676666666666904,0.03251666666667082,0.3333333333333333,0.5,0.09450000000001069,-0.10060000000001423,0.19510000000002492
1342,US,2000,1,-0.027139999999999987,0.03170999999999822,0.5,0.5,0.04569999999998231,-0.27139999999999986,0.3170999999999822
1342,US,2010,6,-0.03522612500000028,0.012892750000000439,0.5166666666666667,0.44166666666666665,-0.18186699999999836,-0.27662700000000157,0.09476000000000322
1342,US,2020,5,-0.16561693333333558,0.03231240000000142,0.6,0.39999999999999997,-0.3999136000000025,-0.49685080000000675,0.09693720000000425
1343,US,1970,1,-0.02210000000000001,0.17983500000000063,0.25,0.75,0.6309400000000025,-0.08840000000000003,0.7193400000000025
1343,US,1990,2,-0.16433833333333325,0.15595499999999962,0.5833333333333333,0.3333333333333333,-0.11735000000000007,-0.4495799999999974,0.33222999999999736
1343,US,2000,1,-0.0531880000000001,0.0,1.0,0.0,-0.531880000000001,-0.531880000000001,0.0
1343,US,2010,1,-0.0620270000000005,0.00045800000000042476,0.9,0.1,-0.6156900000000007,-0.620270000000005,0.004580000000004247
1343,US,2020,1,-0.08737666666666637,0.0,1.0,0.0,-0.2621299999999991,-0.2621299999999991,0.0
1344,US,1960,38,-0.02360595789473686,0.24664203859649125,0.2789473684210526,0.7210526315789473,0.5915125789473684,-0.07295147368421057,0.6644640526315789
1344,US,1970,1,-0.2670048,0.2776728,0.5,0.5,0.10667999999999989,-2.670048,2.776728
1344,US,1980,1,-0.03555999999999996,0.329184,0.3333333333333333,0.6666666666666666,1.7617440000000002,-0.21335999999999977,1.975104
1344,US,1990,4,-0.08839200000000003,0.05422883333333341,0.4583333333333333,0.5416666666666666,-0.2049789999999997,-0.5303520000000002,0.32537300000000047
1344,US,2010,3,-0.09520914285714292,0.05501895238095241,0.719047619047619,0.28095238095238095,-0.24688866666666667,-0.5720093333333335,0.32512066666666684
1344,US,2020,2,-0.014477500000000143,0.15087699999999993,0.5,0.5,0.27279899999999957,-0.028955000000000286,0.30175399999999986
1345,US,2010,1,-0.07193199999999997,0.18105200000000005,0.6,0.4,0.5456000000000003,-0.35965999999999987,0.9052600000000002
1345,US,2020,1,-0.03810000000000002,0.12497000000000025,0.5,0.5,0.17374000000000045,-0.07620000000000005,0.2499400000000005
1346,US,1960,1,-0.8580100000000002,0.745235000000001,0.5,0.5,-0.22554999999999836,-1.7160200000000003,1.490470000000002
1346,US,1970,1,-0.048768000000001165,0.6723900000000015,0.2,0.8,3.1181100000000015,-0.24384000000000583,3.3619500000000073
1346,US,1990,2,-0.8370988888888873,0.08043361111111204,0.5277777777777778,0.41666666666666663,-1.668014999999997,-1.986530000000002,0.318515000000005
1346,US,2000,1,-0.03352700000000084,0.01310500000000019,0.6,0.4,-0.2042200000000065,-0.3352700000000084,0.1310500000000019
1346,US,2010,1,-0.008535000000000537,0.012955000000000893,0.3,0.6,0.04420000000000357,-0.08535000000000537,0.12955000000000894
1346,US,2020,1,-0.009144999999996628,0.0,0.5,0.0,-0.018289999999993256,-0.018289999999993256,0.0
1347,US,1950,4,-0.17157916666666648,0.060706250000000406,0.7916666666666666,0.20833333333333331,-0.2308899999999987,-0.3524299999999996,0.12154000000000087
1347,US,1960,6,-0.204567583333333,0.08350313888888873,0.6972222222222223,0.30277777777777776,-0.6466816666666656,-1.091946666666665,0.4452649999999994
1347,US,1970,32,-0.11618888072916672,0.01667319687500005,0.9036458333333334,0.09635416666666667,-0.42614868749999996,-0.5193980625000002,0.0932493750000002
1347,US,1980,10,-0.23243572611111124,0.13337727388888895,0.7983333333333333,0.19166666666666668,-0.7031728000000006,-1.751076400000001,1.0479036000000002
1347,US,1990,9,-0.11017141534391517,0.050205138888889084,0.7235449735449735,0.2486772486772487,-0.5181611111111092,-0.7626766666666654,0.24451555555555635
1347,US,2000,10,-0.28090648888888914,0.20809464444444434,0.7166666666666666,0.2833333333333333,-0.7958294000000002,-1.6988006000000015,0.9029712000000014
1347,US,2010,11,-0.5603989015151508,0.4182461590909092,0.6755050505050505,0.31540404040404035,-0.2543701818181795,-1.659775636363635,1.4054054545454555
1347,US,2020,11,-1.2944533333333335,0.0,1.0,0.0,-2.7289300000000005,-2.7289300000000005,0.0
1348,US,1950,2,-0.29803997142857147,0.20728577142857152,0.4642857142857143,0.5357142857142857,-0.9121139999999998,-2.775966000000001,1.863852000000001
1348,US,1960,4,-0.2867945625,0.12488537499999997,0.7020833333333334,0.29791666666666666,-1.5765785000000008,-2.5595580000000004,0.9829794999999997
1348,US,1970,4,-0.21637934999999994,0.3764946999999999,0.38125,0.61875,1.405891,-2.1534109999999993,3.5593019999999993
1348,US,1980,4,-0.46443940000000006,0.60529495,0.5,0.5,1.4085554999999998,-4.644394,6.0529495
1348,US,1990,4,-0.67531325,0.28077787500000007,0.6625,0.3375,-2.913889999999999,-5.055870499999999,2.1419805000000007
1348,US,2000,3,-0.5048499999999999,0.26598866666666665,0.6833333333333332,0.31666666666666665,-2.1193733333333333,-4.749796,2.6304226666666666
1348,US,2010,4,-0.2735578333333333,0.23042879999999993,0.4666666666666667,0.5333333333333333,-0.345947,-2.2158949999999997,1.8699479999999995
1348,US,2020,2,-0.5750553333333335,0.6456670000000001,0.6666666666666666,0.3333333333333333,0.21183499999999955,-1.7251660000000006,1.9370010000000002
1349,US,1950,4,-0.9940987499999996,0.5994424999999994,0.5,0.5,-0.7239149999999999,-2.369844999999998,1.6459299999999981
1349,US,1960,3,-0.6670083333333346,0.06299333333333408,0.7000000000000001,0.3,-1.3421500000000026,-1.5961566666666716,0.25400666666666893
1349,US,1970,1,-0.012189999999999182,0.009143333333332984,0.6666666666666666,0.3333333333333333,-0.009139999999998594,-0.03656999999999755,0.027429999999998955
1349,US,1980,4,-1.0290400000000006,0.2880954166666666,0.7291666666666666,0.2708333333333333,-2.2406450000000016,-3.1405600000000025,0.8999150000000009
1349,US,1990,5,-0.247148666666667,0.33024776190476246,0.383015873015873,0.616984126984127,0.46054000000000317,-2.048860000000002,2.509400000000005
1349,US,2000,6,-0.16421351851851923,0.2982790740740749,0.36772486772486773,0.6322751322751322,1.1742500000000007,-1.4488166666666729,2.6230666666666735
1349,US,2010,11,-0.15090478787878928,0.1784864545454549,0.45606060606060606,0.543939393939394,-0.11415636363636526,-1.1265118181818214,1.012355454545456
1349,US,2020,10,-0.2701540000000001,0.05516800000000022,0.8,0.2,-0.6449579999999997,-0.8104620000000005,0.16550400000000068
135,US,1920,19,-0.45652489473684205,0.18139271052631578,0.7013157894736842,0.28991228070175434,-1.4387363157894737,-2.458452631578947,1.0197163157894735
135,US,1930,17,-0.966829773109243,0.39146522689075636,0.719047619047619,0.28095238095238095,-3.241548235294115,-4.445508235294116,1.2039600000000001
135,US,1940,172,-1.1266308475590625,0.42067745666297535,0.7093092469545957,0.2873477297895903,-3.0293042674418604,-4.989044325581395,1.9597400581395352
135,US,1950,343,-1.5305953321347587,0.7702213385186729,0.6847216437595446,0.3104886852700264,-3.4130360932944606,-6.203342180758018,2.7903060874635575
135,US,1960,364,-1.4419050111023897,0.6731192841640501,0.6889161433804291,0.30187728937728936,-3.9202640000000004,-7.279763335164835,3.359499335164835
135,US,1970,312,-0.8763737203474766,0.5984374897766586,0.6440145502645502,0.34360627798127796,-1.336679583333333,-4.450661788461538,3.1139822051282056
135,US,1980,263,-0.5212851348391575,0.6415538011768966,0.5185844046110205,0.48103536725209733,0.8848065399239545,-3.5362669353612164,4.421073475285171
135,US,1990,273,-0.441991006302692,0.4734559629106343,0.5325018896447468,0.4639790104075818,0.48537878388278377,-2.7018350109890106,3.1872137948717945
135,US,2000,490,-0.5053281379575639,0.38840103018950434,0.5570456754130224,0.4299554583738257,-0.8098474489795918,-3.0415868938775508,2.231739444897959
135,US,2010,473,-0.33827672020705396,0.3854534415953556,0.5773129970804389,0.4200090607067351,-0.14511835517970414,-2.158118367864694,2.0130000126849894
135,US,2020,351,-0.37854517948717953,0.3712943409306742,0.5004748338081672,0.49145299145299143,-0.023996803418803492,-1.1268462507122508,1.1028494472934471
1350,US,2010,2,-0.015493999999999786,0.013716666666666674,0.6666666666666666,0.3333333333333333,0.007622000000000684,-0.033527999999999336,0.04115000000000002
1350,US,2020,1,-0.005080000000000047,0.014224000000000014,0.3333333333333333,0.6666666666666666,0.0274319999999999,-0.015240000000000142,0.04267200000000004
1351,US,1970,1,-0.10972799999999985,0.08926285714285712,0.5714285714285714,0.42857142857142855,-0.14325599999999916,-0.768095999999999,0.6248399999999998
1351,US,1980,1,-0.05080000000000003,0.03962399999999988,0.6666666666666666,0.3333333333333333,-0.06705600000000089,-0.3048000000000002,0.2377439999999993
1351,US,1990,4,-0.061150625000000236,0.1619548809523807,0.1875,0.8125,0.6484774999999969,-0.24460250000000094,0.8930799999999979
1351,US,2000,4,-0.05214124999999966,0.09795900000000042,0.4,0.6,0.3227110000000042,-0.4271149999999977,0.7498260000000019
1351,US,2010,4,-0.10344000000000175,0.06400749999999955,0.5,0.5,-0.0788650000000044,-0.2068800000000035,0.1280149999999991
1352,US,1970,1,-0.15316200000000024,0.11658600000000008,0.75,0.25,-0.14630400000000066,-0.612648000000001,0.4663440000000003
1352,US,1980,1,-0.3381756,0.324612,0.5,0.5,-0.13563599999999987,-3.381756,3.2461200000000003
1352,US,1990,1,-0.17373600000000006,0.25831800000000016,0.4,0.6,0.8458200000000007,-1.7373600000000007,2.5831800000000014
1352,US,2000,1,-0.0710183999999999,0.03809999999999993,0.7,0.3,-0.3291839999999997,-0.710183999999999,0.38099999999999934
1352,US,2010,1,-0.15575279999999986,0.1639823999999998,0.5,0.5,0.08229599999999948,-1.5575279999999987,1.6398239999999982
1352,US,2020,1,-0.16459199999999985,0.16154399999999983,0.3333333333333333,0.6666666666666666,-0.009144000000000041,-0.49377599999999955,0.4846319999999995
1353,US,2000,2,-0.023622500000000102,0.0,1.0,0.0,-0.09449000000000041,-0.09449000000000041,0.0
1353,US,2010,4,-0.007048333333333398,0.17710175000000006,0.4166666666666667,0.5833333333333334,0.3147084999999999,-0.04229000000000038,0.3569985000000003
1354,US,2000,2,-0.05017725000000155,0.11247050000000236,0.525,0.475,0.4366250000000029,-0.44577000000000666,0.8823950000000096
1354,US,2010,2,-0.023619999999999308,0.030097499999998334,0.25,0.75,0.012954999999998051,-0.047239999999998616,0.06019499999999667
1355,US,1960,2,-0.577591666666675,0.5796250000000072,0.5833333333333333,0.41666666666666663,-0.04420000000000357,-1.2390000000000185,1.194800000000015
1355,US,1970,2,-0.1409750000000045,0.03810000000000002,0.75,0.25,-0.20575000000000898,-0.281950000000009,0.07620000000000005
1355,US,1980,1,-0.07402857142857247,0.11408571428571333,0.14285714285714285,0.8571428571428571,0.280399999999986,-0.5182000000000073,0.7985999999999933
1355,US,1990,10,-0.04763634920634769,0.061669349206345245,0.3787301587301587,0.606984126984127,0.09588999999998862,-0.348529999999991,0.4444199999999796
1355,US,2000,19,-0.03780776315789527,0.08168254385964933,0.47222222222222215,0.4961988304093567,0.335178947368417,-0.3307315789473738,0.6659105263157908
1355,US,2010,21,-0.05453561224489821,0.0527257199546494,0.6312358276643991,0.36196145124716556,-0.11719047619047003,-0.5358666666666663,0.4186761904761963
1355,US,2020,21,-0.04659841269841378,0.016904761904762772,0.5555555555555556,0.42857142857142855,-0.06916190476190531,-0.11987619047619362,0.050714285714288314
1356,US,1970,1,-0.051816000000000084,0.16002000000000005,0.5,0.5,0.21640799999999993,-0.10363200000000017,0.3200400000000001
1356,US,1980,1,-0.22212300000000007,0.23393399999999998,0.5,0.5,0.09448799999999924,-1.7769840000000006,1.8714719999999998
1356,US,1990,1,-0.04267200000000004,0.23469600000000002,0.5,0.5,0.38404799999999994,-0.08534400000000009,0.46939200000000003
1356,US,2010,1,-0.24460499999999996,0.0,1.0,0.0,-0.4892099999999999,-0.4892099999999999,0.0
1357,US,1970,1,-0.6004566666666662,0.591313333333332,0.6666666666666666,0.3333333333333333,-0.027430000000002508,-1.8013699999999986,1.773939999999996
1357,US,1980,1,-0.06629500000000021,1.5156175000000012,0.25,0.75,5.797290000000004,-0.26518000000000086,6.062470000000005
1357,US,1990,1,-0.27774874999999977,0.1775462499999998,0.625,0.375,-0.8016199999999998,-2.221989999999998,1.4203699999999984
1357,US,2000,1,-0.21107500000000012,0.011811250000000051,0.75,0.25,-1.5941100000000006,-1.688600000000001,0.09449000000000041
1357,US,2010,1,-0.3901450000000004,0.0,1.0,0.0,-0.7802900000000008,-0.7802900000000008,0.0
1358,US,1990,6,-0.12884749999999956,0.0872911111111116,0.5074074074074074,0.45555555555555555,-0.40461166666666176,-1.049038333333333,0.6444266666666714
1358,US,2000,5,-0.08689540000000008,0.07616660000000011,0.58,0.42000000000000004,-0.09204799999999977,-0.7241740000000008,0.632126000000001
1358,US,2010,5,-0.12560580000000046,0.06467780000000031,0.6,0.32,-0.6092800000000012,-1.2560580000000043,0.6467780000000033
1358,US,2020,8,-0.09699083333333203,0.6175370833333325,0.35416666666666663,0.4583333333333333,1.5836387499999995,-0.2689724999999976,1.8526112499999972
1359,US,1970,5,-0.03841446666666655,0.0797182888888888,0.33999999999999997,0.6377777777777778,0.40142200000000017,-0.36148799999999887,0.7629099999999991
1359,US,1980,5,-0.02536584444444413,0.19540711111111092,0.26222222222222225,0.7377777777777779,1.5602720000000005,-0.23408399999999857,1.7943559999999992
1359,US,1990,4,-0.26222281249999996,0.07639020833333328,0.7083333333333333,0.29166666666666663,-1.0431775,-1.6040074999999998,0.5608299999999997
1359,US,2000,3,-0.16532916666666653,0.15603224999999984,0.5750000000000001,0.425,0.03352333333333313,-1.4447566666666656,1.4782799999999987
1359,US,2010,2,-0.04632999999999985,0.018897999999999728,0.7,0.30000000000000004,-0.27432000000000123,-0.4632999999999985,0.18897999999999726
1359,US,2020,2,-0.012700000000000008,0.037083333333333655,0.3333333333333333,0.6666666666666666,0.07315000000000094,-0.03810000000000002,0.11125000000000096
136,US,1910,1,-4.9987200000000005,0.0,1.0,0.0,-9.997440000000001,-9.997440000000001,0.0
136,US,1920,7,-0.6827162857142856,0.3186253333333333,0.6547619047619048,0.29761904761904756,-1.0985862857142856,-2.0099394285714287,0.9113531428571429
136,US,1930,100,-0.19104385761904766,0.3406419266031746,0.549611111111111,0.43038888888888893,0.5595365399999999,-0.87288666,1.4324232000000001
136,US,1940,97,-0.36749601610211086,0.22223103802160038,0.6024586810669285,0.3838815251186385,-0.7613242268041236,-2.055011628865979,1.2936874020618556
136,US,1950,188,-0.598062161550152,0.2898346918608578,0.677636355960824,0.30906577169875044,-1.5076738191489363,-2.977304,1.469630180851064
136,US,1960,177,-0.44966067133440957,0.3446955307864765,0.6741189131019639,0.313498789346247,-1.2253474915254239,-2.7647765197740113,1.5394290282485876
136,US,1970,141,-0.5543795036811889,0.24513364265450863,0.7261567038162783,0.2738432961837217,-0.738675375886525,-1.63606265248227,0.8973872765957449
136,US,1980,71,-0.38062138480885327,0.17724699770847313,0.5705287279230941,0.4170914375139727,-1.0882011830985918,-2.032179408450705,0.9439782253521131
136,US,1990,388,-0.5168277884675176,0.5605531236867943,0.546147316314842,0.450575805923744,0.20066944845360815,-2.9730019226804125,3.1736713711340205
136,US,2000,627,-0.5710672268043848,0.3389143809422547,0.6569264069264069,0.3385015569226095,-1.0896334928229667,-3.451036740031898,2.3614032472089317
136,US,2010,666,-0.43352484340411845,0.31254178885552225,0.6423685590352257,0.35312336145669476,-0.8988143033033033,-3.003376162162162,2.104561858858859
136,US,2020,202,-0.2260753201320131,0.13161993564356447,0.6212871287128713,0.3770627062706271,-0.2906468415841578,-0.6631368712871285,0.3724900297029707
1360,US,1980,1,0.0,0.18592999999999904,0.0,0.5,0.3718599999999981,0.0,0.3718599999999981
1360,US,1990,2,-0.08953500000000014,0.1532767500000003,0.0625,0.9375,0.6080800000000011,-0.7162800000000011,1.3243600000000022
1360,US,2000,1,0.0,0.05166300000000064,0.0,1.0,0.5166300000000064,0.0,0.5166300000000064
1360,US,2010,1,0.0,0.03794800000000009,0.0,1.0,0.3794800000000009,0.0,0.3794800000000009
1360,US,2020,1,-0.0035566666666682067,0.01066666666666786,0.3333333333333333,0.6666666666666666,0.02132999999999896,-0.01067000000000462,0.03200000000000358
1361,US,1970,1,-0.056580000000000075,0.05867500000000003,0.375,0.625,0.016759999999999664,-0.4526400000000006,0.46940000000000026
1361,US,1980,1,-0.0487680000000001,0.0493780000000001,0.4,0.6,0.003049999999999997,-0.2438400000000005,0.2468900000000005
1361,US,1990,1,-0.012191999999999936,0.0006099999999999994,0.8,0.2,-0.057909999999999684,-0.06095999999999968,0.003049999999999997
1361,US,2000,1,-0.010160000000000046,0.004063333333333456,0.5555555555555556,0.4444444444444444,-0.05486999999999931,-0.09144000000000041,0.0365700000000011
1361,US,2010,1,-0.03261299999999991,0.03779499999999984,0.4,0.5,0.05181999999999931,-0.32612999999999914,0.37794999999999845
1361,US,2020,1,0.0,0.018284999999999663,0.0,1.0,0.036569999999999325,0.0,0.036569999999999325
1362,US,1990,1,0.0,0.07941777777777759,0.0,1.0,0.7147599999999983,0.0,0.7147599999999983
1362,US,2000,6,-0.21680208333333328,0.2056130833333333,0.5083333333333333,0.4916666666666667,-0.08839333333333295,-0.8409966666666673,0.7526033333333343
1362,US,2010,6,-0.10795000000000006,0.1527801666666667,0.4166666666666667,0.5833333333333334,0.08966033333333323,-0.21590000000000012,0.3055603333333334
1363,US,1970,2,-0.354584,0.08763000000000001,0.75,0.25,-1.6017240000000004,-2.127504,0.5257800000000001
1363,US,1980,3,-0.22707600000000014,0.002878666666666696,0.9444444444444445,0.05555555555555555,-1.3370559999999998,-1.354328,0.017272000000000176
1363,US,1990,1,-0.34823400000000015,0.2994660000000001,0.75,0.25,-0.39014400000000027,-2.7858720000000012,2.395728000000001
1363,US,2010,1,-0.004741333333333387,0.14969066666666672,0.2222222222222222,0.7777777777777778,1.304544,-0.04267200000000049,1.3472160000000004
1364,US,1990,1,0.0,0.9128749999999997,0.0,1.0,1.8257499999999993,0.0,1.8257499999999993
1364,US,2010,1,-0.032399999999995543,0.04190000000001248,0.75,0.25,0.03800000000006776,-0.12959999999998217,0.16760000000004993
1364,US,2020,1,-0.10210000000000719,0.06935000000001423,0.5,0.5,-0.0654999999999859,-0.20420000000001437,0.13870000000002847
1365,US,1960,2,-0.25602500000000816,0.16991250000000946,0.375,0.625,0.06704999999999472,-0.5288000000000181,0.5958500000000129
1365,US,1970,3,-0.9075749999999924,0.634224999999995,0.35000000000000003,0.65,-2.967733333333323,-4.5125999999999635,1.5448666666666402
1365,US,1980,4,-0.06438124999999909,0.45402708333333663,0.3333333333333333,0.6666666666666667,2.332150000000013,-0.2910499999999985,2.6232000000000113
1365,US,1990,11,-0.044530216450220934,0.08513510822511282,0.4692640692640693,0.5216450216450217,0.2500818181818183,-0.30023636363638284,0.5503181818182011
1365,US,2000,12,-0.029046666666665322,0.07410678571428425,0.3071428571428571,0.6845238095238094,0.47308333333333036,-0.2536166666666541,0.7266999999999845
1365,US,2010,19,-0.2746986466165384,0.34612055137844533,0.3746867167919799,0.6011904761904762,0.20220000000001082,-0.9488947368420931,1.1510947368421038
1365,US,2020,16,-0.12528541666666845,0.13751458333333727,0.5,0.47916666666666663,0.03668750000000642,-0.37585625000000533,0.41254375000001176
1366,US,1970,1,-0.12283399999999993,0.006095999999999968,0.9,0.1,-1.1673799999999996,-1.2283399999999993,0.06095999999999968
1366,US,1980,1,-0.170993,0.0,1.0,0.0,-1.70993,-1.70993,0.0
1366,US,1990,1,-0.14401874999999986,0.03886250000000002,0.875,0.125,-0.8412499999999987,-1.152149999999999,0.3109000000000002
1366,US,2010,1,-0.10759399999999993,0.02926099999999998,0.8,0.2,-0.7833299999999994,-1.0759399999999992,0.2926099999999998
1367,US,1990,1,0.0,0.40640000000000026,0.0,1.0,1.2192000000000007,0.0,1.2192000000000007
1367,US,2000,1,-0.298704,0.015747999999999946,0.6666666666666666,0.3333333333333333,-0.8488680000000002,-0.896112,0.04724399999999984
1367,US,2010,32,-0.3110602209821429,0.19746808903769833,0.6150421626984127,0.3849578373015873,-0.35737812500000066,-1.8741866250000003,1.5168084999999998
1367,US,2020,3,-0.0006766666666667081,0.4087711111111116,0.1111111111111111,0.8888888888888888,1.2242833333333347,-0.002030000000000124,1.2263133333333347
1368,US,1970,1,-0.15011375000000005,0.1634487499999997,0.375,0.625,0.10667999999999722,-1.2009100000000004,1.3075899999999976
1368,US,1980,1,-0.024383333333332757,0.21894833333333352,0.3333333333333333,0.6666666666666666,1.1673900000000046,-0.14629999999999654,1.3136900000000011
1368,US,1990,1,-0.12649333333333365,0.015748333333333402,0.8333333333333334,0.16666666666666666,-0.6644700000000014,-0.7589600000000019,0.09449000000000041
1368,US,2000,1,-0.041801428571428545,0.023077142857143178,0.7142857142857143,0.2857142857142857,-0.13106999999999758,-0.2926099999999998,0.16154000000000224
1368,US,2010,1,-0.01828777777777783,0.02303000000000013,0.6666666666666666,0.3333333333333333,0.04268000000000072,-0.16459000000000046,0.20727000000000118
1368,US,2020,1,-0.04673666666666657,0.019303333333333228,0.6666666666666666,0.3333333333333333,-0.08230000000000004,-0.14020999999999972,0.057909999999999684
1369,US,1960,1,-0.6492249999999995,0.23165000000000013,0.5,0.5,-0.8351499999999987,-1.298449999999999,0.46330000000000027
1369,US,1970,1,-0.10493857142857164,0.31568571428571424,0.5714285714285714,0.42857142857142855,1.475229999999998,-0.7345700000000015,2.2097999999999995
1369,US,1980,2,-0.24374450000000006,0.600303,0.5,0.5,3.218685,-2.1305500000000004,5.349235
1369,US,1990,2,-0.40835625,0.06671325000000002,0.7875,0.2125,-3.02438,-3.65989,0.63551
1369,US,2000,2,-0.13544512499999992,0.15449524999999992,0.6125,0.3875,0.1463049999999999,-1.2359599999999995,1.3822649999999994
1369,US,2010,2,-0.16123900000000013,0.09448750000000014,0.6499999999999999,0.35,-0.6675149999999999,-1.6123900000000013,0.9448750000000015
1369,US,2020,2,-0.0863616666666663,0.03657666666666633,0.5,0.5,-0.1493549999999999,-0.2590849999999989,0.109729999999999
137,US,1940,1,-0.3914988888888888,0.2841411111111106,0.4444444444444444,0.5555555555555556,-0.9662200000000034,-3.523489999999999,2.5572699999999955
137,US,1950,2,-2.2244687499999984,1.0262231249999991,0.625,0.375,-5.064254999999996,-13.04848999999999,7.984234999999995
137,US,1960,2,-1.1618205,0.7491980000000001,0.65,0.35,-1.289299999999999,-8.468860000000001,7.179560000000002
137,US,1970,3,-0.6063319999999998,0.9706863333333328,0.5555555555555555,0.4444444444444444,3.8094899999999967,-4.937253333333331,8.746743333333328
137,US,1980,3,-0.44938986111111107,0.7559465277777777,0.4305555555555555,0.5694444444444444,2.499866666666667,-3.539746666666666,6.039613333333333
137,US,1990,22,-1.443151318181818,0.807571893939394,0.4439393939393939,0.5560606060606061,-0.8555869999999999,-3.0562421818181815,2.2006551818181816
137,US,2000,308,-0.10595829140383425,0.33830603846629564,0.37118893011750154,0.6203076685219542,0.9673937532467534,-0.48723486363636365,1.4546286168831168
137,US,2010,341,-0.12865307370944468,0.2655425479402318,0.4013254666480473,0.5792847833170414,0.7964708445747799,-0.785700340175953,1.582171184750733
137,US,2020,61,-0.05209072131147543,0.3959483715846994,0.21311475409836064,0.7650273224043715,1.024002950819672,-0.15627216393442628,1.1802751147540982
1370,US,1960,3,-0.17062980952381065,0.16180485714285792,0.5238095238095238,0.4761904761904762,-0.047753333333335014,-0.9489433333333395,0.9011900000000045
1370,US,1970,3,-0.23733733333333332,0.29870366666666665,0.5,0.5,0.6136633333333327,-2.3733733333333333,2.987036666666666
1370,US,1980,3,-0.18628399999999937,0.15255266666666642,0.5333333333333333,0.43333333333333335,-0.3373133333333295,-1.8628399999999938,1.5255266666666643
1370,US,1990,3,-0.15466033333333337,0.2650743333333339,0.425,0.5,1.0139700000000051,-1.4335733333333327,2.447543333333338
1370,US,2000,3,-0.02433377380952408,0.051367011904762346,0.37857142857142856,0.6214285714285714,0.19710666666666773,-0.2001566666666695,0.39726333333333724
1370,US,2010,5,-0.02529995000000122,0.007962044444444557,0.7538888888888888,0.2127777777777778,-0.11399400000000526,-0.1828780000000066,0.06888400000000132
1370,US,2020,2,-0.020828333333332928,0.020320000000000484,0.5,0.5,-0.001524999999997334,-0.06248499999999879,0.06096000000000146
1371,US,1990,2,-0.025900000000000034,0.0507333333333347,0.125,0.875,0.07850000000000534,-0.10360000000000014,0.18210000000000548
1371,US,2000,2,-0.036120000000002504,0.04953000000000287,0.4,0.6,0.13410000000000366,-0.36120000000002506,0.4953000000000287
1371,US,2010,2,-0.007695000000002494,0.020195000000001073,0.35,0.65,0.12499999999998579,-0.07695000000002494,0.20195000000001073
1371,US,2020,2,-0.025666666666661325,0.01473333333332505,0.3333333333333333,0.6666666666666666,-0.03280000000000882,-0.07699999999998397,0.04419999999997515
1372,US,2000,1,-0.10302240000000004,0.12618720000000003,0.6,0.4,0.11582399999999993,-0.5151120000000002,0.6309360000000002
1372,US,2010,3,-0.1078312444444449,0.026720800000000072,0.7999999999999999,0.19999999999999998,-0.27584333333333433,-0.40944733333333466,0.13360400000000036
1372,US,2020,2,-0.2118349999999995,0.0378433333333336,0.6666666666666666,0.3333333333333333,-0.5219749999999976,-0.6355049999999984,0.1135300000000008
1373,US,1950,4,-0.3486912000000001,0.16488409999999995,0.6333333333333333,0.20416666666666666,-0.5955030000000003,-1.281303,0.6857999999999997
1373,US,1960,3,-0.15717520000000004,0.16642080000000004,0.39999999999999997,0.6,0.446024,-1.1633200000000001,1.609344
1373,US,1970,2,-0.34038540000000006,0.24361140000000003,0.55,0.45,-0.9677399999999999,-3.4038540000000004,2.436114
1373,US,1980,2,-0.16268699999999997,0.25469849999999994,0.375,0.625,0.7360919999999997,-1.3014959999999998,2.0375879999999995
1373,US,1990,1,-0.39338249999999997,0.4752975,0.375,0.625,0.6553200000000001,-3.1470599999999997,3.80238
1373,US,2010,1,-0.13585714285714193,0.04245714285714338,0.7142857142857143,0.2857142857142857,-0.6537999999999897,-0.9509999999999934,0.2972000000000037
1373,US,2020,1,-0.05080000000000003,0.029966666666666697,0.3333333333333333,0.6666666666666666,-0.0625,-0.1524000000000001,0.08990000000000009
1374,US,1950,4,-0.03900735714285717,0.3958228571428571,0.34523809523809523,0.6547619047619048,2.1476965,-0.2308875000000002,2.3785839999999996
1374,US,1960,10,-0.16819175333333283,0.07481861333333299,0.52,0.48,-0.7146047999999989,-1.158853199999997,0.444248399999998
1374,US,1970,7,-0.24427552380952397,0.04378792857142861,0.6785714285714286,0.25,-0.560614285714286,-0.7633065714285718,0.20269228571428574
1374,US,1990,2,-0.15163800000000038,0.051435000000000064,0.75,0.25,-0.1493520000000006,-0.35509200000000085,0.20574000000000026
1374,US,2000,14,-0.19555048843537418,0.18606688299319726,0.46802721088435373,0.5319727891156463,-0.08752157142857175,-1.1078392857142858,1.020317714285714
1374,US,2010,18,-0.24060663968253962,0.1723548137566138,0.5505291005291005,0.44947089947089947,-0.349250111111111,-1.4445832222222221,1.0953331111111113
1375,US,1970,1,-0.10149839999999996,0.08930639999999997,0.5,0.5,-0.12192000000000003,-1.0149839999999997,0.8930639999999996
1375,US,1980,5,-0.31210005999999996,0.41734769999999993,0.45999999999999996,0.49000000000000005,0.42184399999999994,-1.507846,1.9296899999999997
1375,US,1990,5,-0.2713787200000001,0.6009436400000001,0.505,0.495,1.0347952000000002,-2.3311108000000003,3.3659060000000003
1375,US,2000,6,-0.27785472222222224,0.3658868888888889,0.4837962962962963,0.5162037037037037,0.7884159999999998,-2.004821,2.7932369999999995
1375,US,2010,3,-0.2004229333333333,0.3396149333333333,0.41111111111111115,0.5888888888888889,0.5384800000000001,-1.3350239999999998,1.8735039999999998
1376,US,2010,1,-0.6801400000000005,1.1477900000000005,0.5714285714285714,0.42857142857142855,3.27355,-4.7609800000000035,8.034530000000004
1377,US,2000,5,-0.009905500000000168,0.02125916666666692,0.4,0.6,0.035966000000000165,-0.03870800000000045,0.07467400000000061
1377,US,2010,5,-0.016001999999999867,0.011856799999999838,0.64,0.36,-0.04145200000000031,-0.16001999999999866,0.11856799999999837
1377,US,2020,5,-0.015952666666666636,0.007417333333332957,0.8,0.2,-0.021338000000001144,-0.04359000000000002,0.022251999999998873
1378,US,1980,12,-0.1431610694444446,0.05357273611111146,0.6597222222222222,0.34027777777777773,-0.35141066666666587,-0.5601983333333339,0.20878766666666812
1378,US,1990,6,-0.04869150833333402,0.09407375833333385,0.4611111111111111,0.5388888888888889,0.22911333333333195,-0.42138433333333775,0.6504976666666696
1378,US,2000,1,-0.09867899999999996,0.10668,0.5,0.5,0.06400800000000029,-0.7894319999999997,0.85344
1378,US,2010,1,-0.04175759999999999,0.04160519999999997,0.4,0.6,-0.0015240000000003029,-0.41757599999999995,0.41605199999999964
1378,US,2020,1,-0.19710399999999995,0.0,1.0,0.0,-0.5913119999999998,-0.5913119999999998,0.0
1379,US,1970,2,-0.46908700000000003,0.5026150000000001,0.6000000000000001,0.4,0.16764000000000046,-2.345435,2.5130750000000006
1379,US,1980,2,-0.34770049999999947,0.28978899999999996,0.3,0.7,1.3350250000000008,-0.7094249999999995,2.0444500000000003
1379,US,1990,1,-0.040690000000000025,0.16443899999999995,0.4,0.6,1.2374899999999993,-0.40690000000000026,1.6443899999999996
1379,US,2000,1,-0.28219333333333346,0.0027933333333332775,0.8333333333333334,0.16666666666666666,-1.676400000000001,-1.6931600000000007,0.016759999999999664
138,US,1910,5,-0.10242768000000013,0.35574704000000007,0.31,0.6900000000000001,1.0875271999999998,-0.46908560000000066,1.5566128000000004
138,US,1920,20,-0.4317709342857142,0.3023487657142857,0.7005158730158729,0.29948412698412696,-0.2671573999999998,-1.8836643,1.6165068999999999
138,US,1930,17,-0.20817656321195144,0.2738970224089636,0.35746965452847806,0.6425303454715219,0.4630269411764706,-1.7044596470588234,2.167486588235294
138,US,1940,12,-0.271260811904762,0.18006150714285718,0.5587301587301586,0.4246031746031746,-0.948563,-2.615438,1.666875
138,US,1950,19,-0.4115108922305764,0.19815861002506266,0.5508354218880535,0.4403926482873851,-0.9513769473684208,-1.9900232631578945,1.0386463157894739
138,US,1960,5,-0.28040258333333334,0.41368145333333334,0.3711111111111111,0.6288888888888888,1.4252447999999998,-2.3603724,3.7856172
138,US,1970,4,-0.2743411666666667,0.31853716666666654,0.5833333333333333,0.41666666666666663,0.5737859999999998,-1.518285,2.092071
138,US,1980,4,-0.19046401666666665,0.19311619999999996,0.42638888888888893,0.5736111111111111,-0.31356300000000004,-1.7480279999999997,1.4344649999999999
138,US,1990,13,-0.20526738717948728,0.2933568743589742,0.31025641025641026,0.6897435897435897,0.2437232307692301,-0.5650529230769233,0.8087761538461535
138,US,2000,1731,-0.14009375274545405,0.10458498959313361,0.5872623861791972,0.40675153365794614,-0.18934488503755054,-0.6810319260543038,0.4916870410167533
138,US,2010,1982,-0.1468692121798568,0.1266248164015825,0.4934495779475598,0.4963528902983999,-0.13033662462159434,-0.9127399495459132,0.7824033249243189
138,US,2020,295,-0.3663678960451977,0.21303628813559322,0.6011299435028249,0.39209039548022595,-0.4440418915254236,-1.072229640677966,0.6281877491525424
1380,US,1940,22,-0.660252896969697,0.3059762090909091,0.5886363636363636,0.4,-0.7716292727272728,-1.4689280000000002,0.6972987272727272
1380,US,1950,11,-0.1864637545454545,0.2411997136363637,0.5174242424242425,0.4825757575757576,0.2229194545454545,-0.7416341818181817,0.9645536363636363
1380,US,1960,17,-0.2892064277310925,0.21660031428571433,0.6111344537815127,0.3888655462184874,-0.3119717647058824,-1.4435865882352943,1.1316148235294121
1380,US,1970,16,-0.6962016056547616,1.0710307580357141,0.47410714285714284,0.4842261904761905,1.2690171250000002,-2.346386874999999,3.615403999999999
1380,US,1980,11,-0.5533220909090911,0.6736622121212116,0.5272727272727272,0.4727272727272727,1.1127952727272712,-1.545888545454546,2.658683818181817
1380,US,1990,2,-0.3559306999999995,0.27005320000000027,0.35,0.65,-0.9090649999999965,-3.4343369999999975,2.525272000000001
1380,US,2000,2,-0.26974750000000103,0.12484083333333344,0.75,0.25,-0.8694400000000053,-1.618485000000006,0.7490450000000006
1381,US,1970,2,-0.11785600000000004,0.3091180000000001,0.41666666666666663,0.5833333333333333,0.5562600000000002,-0.41148000000000007,0.9677400000000003
1381,US,1980,2,-0.09510848571428566,0.20017739999999995,0.5571428571428572,0.44285714285714284,0.8397240000000001,-0.7642859999999997,1.6040099999999997
1381,US,1990,2,-0.15131415,0.08498204999999996,0.5125,0.4875,-0.39166800000000035,-1.022604,0.6309359999999997
1381,US,2000,5,-1.8385536000000002,0.53199792,0.6900000000000001,0.31,-7.9930752,-13.105485600000003,5.112410400000001
1381,US,2010,5,-5.041577514285715,3.8322706,0.4542857142857143,0.5457142857142857,-5.710419600000001,-31.288930000000004,25.578510400000003
1381,US,2020,1,-0.21031500000000047,0.012195000000000178,0.5,0.5,-0.3962400000000006,-0.42063000000000095,0.024390000000000356
1382,US,1930,1,-0.35433000000000003,0.24536400000000036,0.5,0.5,-0.21793199999999935,-0.7086600000000001,0.4907280000000007
1382,US,1940,6,-0.07795259999999994,0.3162046,0.35000000000000003,0.65,0.882904,-0.5976619999999998,1.4805659999999998
1382,US,1950,15,-0.2968955466666667,0.35896298666666665,0.48000000000000004,0.52,0.3311144,-2.4650194666666665,2.7961338666666666
1382,US,1960,146,-0.3383133435746902,0.2504194745923027,0.6278185475103283,0.36761524244400956,0.05640875342465752,-1.3354519726027396,1.3918607260273974
1382,US,1970,40,-0.26741603827380955,0.26043286869047616,0.5798115079365079,0.42018849206349207,-0.11548085000000008,-1.79801555,1.6825346999999997
1382,US,1980,18,-0.19890501111111106,0.15975038253968252,0.5386243386243386,0.46137566137566133,-0.2394366666666666,-1.191514111111111,0.9520774444444443
1382,US,1990,124,-0.3500586170506913,0.3545063397465438,0.5152073732718894,0.48008832565284176,-0.06451191935483878,-1.259266370967742,1.1947544516129032
1382,US,2000,77,-0.3109042066171923,0.18242176437847865,0.5859822716965574,0.4140177283034426,-0.4784371428571429,-1.2002988051948051,0.7218616623376622
1382,US,2010,15,-0.2791527733333333,0.43743193777777795,0.40444444444444444,0.5955555555555556,0.7130285333333338,-1.5902432,2.3032717333333337
1383,US,1950,3,-0.49462311111111107,0.4753191111111112,0.5555555555555555,0.4444444444444444,-0.057911999999999665,-1.4838693333333335,1.4259573333333335
1383,US,1960,4,-0.33210474999999995,0.35758406249999997,0.4583333333333333,0.5416666666666666,-0.33337549999999994,-1.8996639999999996,1.5662884999999998
1383,US,1970,3,-0.3274126412698413,0.30194742222222226,0.5613756613756614,0.43862433862433864,-0.32969133333333317,-2.9291293333333335,2.5994380000000006
1383,US,1980,5,-0.23087076,0.38075612,0.44000000000000006,0.5349999999999999,0.9000739999999998,-1.8940272,2.7941011999999996
1383,US,1990,4,-0.2481700952380952,0.1886917619047619,0.6428571428571428,0.35714285714285715,-0.23317199999999988,-1.7651729999999997,1.5320009999999997
1383,US,2000,2,-0.11996057142857144,0.038100000000000016,0.5714285714285714,0.42857142857142855,-0.573024,-0.8397240000000001,0.2667000000000001
1383,US,2010,2,-0.12039600000000009,0.40106600000000014,0.5,0.5,0.8420100000000001,-0.3611880000000003,1.2031980000000004
1384,US,1940,16,-0.07750460019841271,0.23779330307539676,0.35987103174603174,0.6331845238095238,1.1655737499999996,-0.5775004999999999,1.7430742499999996
1384,US,1950,12,-0.19070738333333334,0.15951483888888893,0.587037037037037,0.412962962962963,-0.5146033333333332,-1.4380203333333332,0.923417
1384,US,1960,35,-0.16072099142857146,0.14824593238095235,0.49666666666666665,0.5033333333333333,-0.23478320000000014,-0.8103336571428573,0.5755504571428572
1384,US,1970,49,-0.19563952444120503,0.1374768944120505,0.613160025915128,0.38428895367670873,-0.35328828571428594,-1.177492326530612,0.8242040408163263
1384,US,1980,39,-0.15820374436304435,0.20489972482702476,0.46779609279609285,0.5270757020757021,0.15619128205128188,-1.3886755384615384,1.5448668205128204
1384,US,1990,34,-0.1686871735060691,0.13882066711017743,0.5654295051353875,0.43089402427637724,-0.15549305882352946,-1.1662184705882355,1.0107254117647058
1384,US,2000,27,-0.3204105811287479,0.17194711904761906,0.6247795414462082,0.3752204585537919,-0.3718551851851853,-1.150223777777778,0.7783685925925927
1384,US,2010,3,-0.5263553333333332,0.24871666666666647,0.5111111111111112,0.35555555555555557,-1.3878546666666667,-2.6680139999999994,1.2801593333333325
1385,US,1930,13,-0.21899098461538463,0.1773095846153846,0.55,0.4115384615384616,-0.15005538461538478,-0.9989233846153847,0.848868
1385,US,1940,13,-0.056446615384615303,0.1134950923076923,0.46153846153846156,0.5128205128205128,0.19542384615384628,-0.1909689230769229,0.3863927692307692
1385,US,1950,28,-0.18659750119047616,0.171063230952381,0.5438492063492063,0.45615079365079364,-0.1687831428571427,-1.2396650714285715,1.0708819285714288
1385,US,1960,35,-0.17526131122448976,0.14166968020408163,0.5399659863945577,0.45360544217687077,-0.21815000000000004,-1.3340657142857142,1.1159157142857141
1385,US,1970,101,-0.3951433601603018,0.49081073394625174,0.5587694483734087,0.44024045261669026,0.04080144554455428,-1.7372693465346536,1.7780707920792078
1385,US,1980,118,-0.3178546723432876,0.3600010686575196,0.4460788270110304,0.551802528921173,0.16938344067796604,-2.332030576271187,2.5014140169491523
1385,US,1990,153,-0.23547264752048971,0.35731579271708686,0.45293858284054367,0.5442602967112771,1.0307418300653595,-1.7278175816993468,2.758559411764706
1385,US,2000,166,-0.3457048535331803,0.23553354796806275,0.5556822528208071,0.4412052973799962,-0.6661348072289156,-2.6702779156626506,2.004143108433735
1385,US,2010,142,-0.2545271266879052,0.34568307946009386,0.4638134361725911,0.5295970266040689,0.760476028169014,-1.968267704225352,2.728743732394366
1385,US,2020,113,-0.42617381710914454,0.14152961946902654,0.6268436578171092,0.36430678466076694,-0.843096,-1.2663766725663717,0.42328067256637164
1386,US,1950,41,-0.4893803317460319,0.1340799732868758,0.8527680991095625,0.14723190089043747,-1.985549512195122,-2.4953835609756103,0.509834048780488
1386,US,1960,61,-0.4271242135961487,0.22752867779078847,0.6355906843611762,0.36440931563882384,-1.0709724262295077,-2.5333876065573766,1.462415180327869
1386,US,1970,56,-0.7133932774234693,0.4076543471513606,0.609736394557823,0.3813350340136054,-2.0452903571428562,-4.363403035714286,2.318112678571429
1386,US,1980,37,-0.5515979009009009,0.4947039549549547,0.43453453453453456,0.5654654654654654,-0.22349162162162192,-2.3680486486486485,2.1445570270270267
1386,US,1990,39,-0.5782707133699633,0.34844708333333335,0.633943833943834,0.35964590964590964,-1.0699264102564103,-3.270542564102564,2.2006161538461537
1386,US,2000,28,-0.5848008163265307,0.3373033830782312,0.7567602040816326,0.24323979591836734,-2.1321303571428585,-3.607907142857143,1.4757767857142847
1386,US,2010,21,-0.5543439727891158,0.3921665555555555,0.6843537414965987,0.31564625850340133,-1.248302761904763,-3.0652711428571435,1.8169683809523807
1386,US,2020,1,-0.6482066666666668,0.4160533333333329,0.6666666666666666,0.3333333333333333,-0.6964600000000019,-1.9446200000000005,1.2481599999999986
1387,US,1950,6,-0.22529833333333282,0.30043999999999965,0.6388888888888888,0.3611111111111111,0.31369000000000025,-0.5542283333333323,0.8679183333333326
1387,US,1960,6,-0.3603693055555555,0.13138735648148153,0.7648148148148147,0.2351851851851852,-1.8999183333333327,-3.183128333333333,1.2832100000000004
1387,US,1970,5,-0.40792366666666646,0.11155666666666661,0.8,0.2,-1.352702,-2.022042,0.6693399999999997
1387,US,1980,1,-0.23948714285714243,0.3766471428571424,0.2857142857142857,0.7142857142857143,0.9601199999999999,-1.676409999999997,2.636529999999997
1387,US,1990,1,-0.08976399999999955,0.11917699999999982,0.6,0.4,0.29413000000000267,-0.8976399999999956,1.1917699999999982
1387,US,2000,1,-0.43027666666666714,0.039370000000000495,0.8333333333333334,0.16666666666666666,-2.34544,-2.581660000000003,0.23622000000000298
1388,US,1970,1,-0.0487666666666667,0.0010133333333328665,0.6666666666666666,0.3333333333333333,-0.1432600000000015,-0.1463000000000001,0.0030399999999985994
1388,US,1980,3,-0.30798322222222213,0.03222400000000004,0.7555555555555555,0.24444444444444446,-1.6697953333333324,-1.9202379999999994,0.250442666666667
1388,US,1990,3,-0.22143719999999997,0.07457446666666663,0.6333333333333333,0.3666666666666667,-1.4686273333333333,-2.2143719999999996,0.7457446666666662
1388,US,2000,193,-0.09458400377498148,0.04768081191709845,0.6076239822353812,0.38956328645447813,-0.17099678756476683,-0.35816454922279795,0.1871677616580311
1388,US,2010,169,-0.15645683770076077,0.0560403062975486,0.6737531699070161,0.3238799661876585,-0.4747394674556213,-0.7014006982248521,0.22666123076923073
1388,US,2020,81,-0.07389828806584363,0.07380106995884772,0.4506172839506173,0.5452674897119342,0.009369753086419677,-0.20220271604938275,0.21157246913580244
1389,US,1950,15,-0.6458565841269842,0.22049616031746044,0.735079365079365,0.26492063492063495,-2.5953713333333326,-3.4339773333333334,0.8386060000000006
1389,US,1960,14,-0.4476575617346939,0.43376265306122436,0.6831632653061225,0.3168367346938776,-0.6911342857142867,-3.7868134285714286,3.0956791428571413
1389,US,1970,12,-0.30850089285714277,0.38617071428571487,0.5714285714285714,0.42857142857142855,0.04648250000000124,-0.7294875,0.7759700000000013
1389,US,1980,9,-0.4418002469135808,0.03393264197530849,0.8290123456790124,0.15246913580246912,-1.7846044444444458,-2.0343722222222222,0.2497677777777769
1389,US,1990,23,-1.1155690641821943,0.14501852173913035,0.8217391304347825,0.17391304347826086,-3.55615304347826,-3.9938721739130423,0.43771913043478217
1389,US,2000,41,-0.7746886639566395,0.2059769473480449,0.7881920247773907,0.21180797522260936,-3.537387073170732,-4.539288780487804,1.0019017073170726
1389,US,2010,6,-0.3130474259259261,0.0,1.0,0.0,-2.2898116666666675,-2.2898116666666675,0.0
1389,US,2020,5,-0.24851266666666638,0.0,1.0,0.0,-0.7455379999999991,-0.7455379999999991,0.0
139,US,1950,2,-0.5148894583333334,0.2132009583333334,0.6458333333333333,0.35416666666666663,-2.5176480000000003,-3.945634000000001,1.4279860000000006
139,US,1960,3,-0.6998840833333331,0.8369169166666662,0.5333333333333333,0.4666666666666666,0.81483,-5.288786666666666,6.103616666666665
139,US,1970,13,-0.4927599871794872,3.3056829807692307,0.37179487179487175,0.6282051282051282,7.873804615384616,-2.7440209230769232,10.617825538461538
139,US,1980,23,-0.784588422774327,0.6723580669772256,0.407815734989648,0.5921842650103519,-1.2167480000000006,-5.996144347826088,4.779396347826086
139,US,1990,29,-0.7643323680076628,0.8933332019157089,0.4557471264367816,0.5442528735632184,0.5692405517241377,-6.0236881379310345,6.592928689655173
139,US,2000,59,-0.8070005952380953,0.700229271993543,0.47185230024213076,0.5281476997578692,-1.9137054915254237,-4.905317525423729,2.991612033898305
139,US,2010,35,-0.6582983092970521,0.5732551391156464,0.5559183673469388,0.44090702947845806,-0.721331942857142,-3.646670571428571,2.925338628571429
139,US,2020,16,-1.1792264166666668,0.021748666666666666,0.9166666666666666,0.08333333333333333,-3.1849688750000005,-3.2502148750000006,0.065246
1390,US,1950,2,-0.3295415000000003,0.029313000000000203,0.6333333333333333,0.3666666666666667,-1.6352550000000008,-1.788425000000002,0.15317000000000114
1390,US,1960,2,-0.9924795000000002,0.41894750000000003,0.5166666666666666,0.4833333333333333,-2.07264,-3.915155000000002,1.8425150000000023
1390,US,1970,1,-0.6522700000000015,0.899160000000002,0.5,0.5,0.493780000000001,-1.304540000000003,1.798320000000004
1390,US,1980,2,-0.20939699999999964,0.5072366666666672,0.3666666666666667,0.6333333333333333,0.8938250000000032,-0.6355049999999984,1.5293300000000016
1390,US,1990,2,-0.43723500000000043,0.10271800000000013,0.8,0.1,-1.6725850000000015,-2.186175000000002,0.5135900000000007
1390,US,2000,1,-0.047053749999999894,0.6945637500000004,0.25,0.75,5.180080000000004,-0.37642999999999915,5.556510000000003
1390,US,2010,1,0.0,1.0774650000000001,0.0,1.0,2.1549300000000002,0.0,2.1549300000000002
1391,US,1920,1,-0.6482086666666665,0.35204399999999997,0.6666666666666666,0.3333333333333333,-0.8884939999999997,-1.9446259999999995,1.0561319999999998
1391,US,1930,1,-0.23850580000000027,0.4110228000000003,0.5,0.5,1.7251700000000003,-2.3850580000000026,4.110228000000003
1391,US,1940,2,-0.367284,0.12679669999999996,0.6499999999999999,0.35,-1.5651490000000003,-2.737104,1.1719549999999996
1391,US,1950,2,-0.24475429999999995,0.313944,0.5,0.5,0.6918970000000004,-2.4475429999999996,3.13944
1391,US,1960,2,-0.27447239999999995,0.5797805666666666,0.3833333333333333,0.6166666666666667,1.8608049999999996,-2.4749759999999994,4.335780999999999
1391,US,1970,2,-0.7985755,1.3263365000000003,0.5166666666666666,0.4833333333333333,0.29565400000000075,-4.684009,4.979663
1391,US,1980,6,-0.022352000000000035,0.883539,0.15,0.85,4.009898,-0.09347200000000017,4.10337
1391,US,2000,18,-0.24406275396825394,0.05893203174603174,0.8306878306878307,0.1693121693121693,-0.6830906666666667,-1.06172,0.37862933333333326
1391,US,2010,8,-0.40728899999999996,0.25047575000000005,0.4270833333333333,0.5729166666666666,-0.5438774999999998,-1.4487524999999999,0.9048750000000001
1392,US,1930,3,-0.7730745333333333,0.7898893333333333,0.3666666666666667,0.6333333333333333,0.16814799999999996,-7.730745333333334,7.8988933333333335
1392,US,1940,3,-0.182118,0.11308080000000002,0.5333333333333333,0.4666666666666666,-0.690372,-1.82118,1.1308080000000003
1392,US,1950,3,-0.1166876,0.19867880000000002,0.5333333333333333,0.4333333333333333,0.819912,-1.166876,1.986788
1392,US,1960,3,-0.4802632,0.457708,0.6333333333333333,0.3666666666666667,-0.22555199999999984,-4.802632,4.57708
1392,US,1970,3,-1.291894733333333,0.6853427333333334,0.5666666666666667,0.43333333333333335,-6.065519999999999,-12.91894733333333,6.853427333333332
1392,US,1980,7,-0.23988476190476193,0.4355374285714286,0.29761904761904756,0.6071428571428571,1.0489479999999998,-1.4027325714285717,2.4516805714285717
1392,US,2000,84,-0.23286393401360547,0.2505154005102041,0.5096230158730158,0.4903769841269841,0.12017828571428572,-1.1473181190476192,1.2674964047619048
1392,US,2010,43,-0.3816734341085271,0.194189,0.5658914728682171,0.4263565891472868,-0.6502161860465115,-1.3024176279069766,0.6522014418604651
1392,US,2020,9,-0.14207066666666668,0.033697333333333294,0.6666666666666666,0.3333333333333333,-0.21674666666666675,-0.28414133333333336,0.06739466666666659
1393,US,2010,4,-0.13530964285714286,0.0119196428571428,0.9285714285714286,0.07142857142857142,-0.8637300000000003,-0.9471674999999999,0.08343749999999961
1393,US,2020,3,-0.039792222222221736,0.018626666666666517,0.4444444444444444,0.5555555555555555,-0.06349666666666565,-0.1193766666666652,0.05587999999999956
1394,US,2000,5,-0.07053072,0.0984504,0.56,0.44000000000000006,0.13959839999999998,-0.35265359999999996,0.49225199999999997
1395,US,1950,1,-0.05283200000000004,0.176784,0.2222222222222222,0.7777777777777778,1.1155679999999997,-0.47548800000000035,1.591056
1395,US,1960,4,-0.0566558750000003,0.10069374999999961,0.4583333333333333,0.47916666666666663,0.3154704999999973,-0.31774600000000097,0.6332164999999983
1395,US,1970,2,-0.16306800000000043,0.0,0.75,0.0,-0.32613600000000087,-0.32613600000000087,0.0
1395,US,1980,2,-0.021335999999999977,0.027432000000000123,0.30000000000000004,0.7,0.03048000000000073,-0.10667999999999989,0.13716000000000061
1395,US,2000,8,-0.7921508035714276,0.22559660714285787,0.6607142857142857,0.3392857142857143,-2.266951249999993,-3.1710524999999965,0.9041012500000036
1395,US,2010,9,-0.20385799999999993,0.14830022222222175,0.5888888888888889,0.3888888888888889,-0.5288222222222253,-1.998278888888889,1.4694566666666635
1395,US,2020,7,-0.11741904761904905,0.28054761904762077,0.47619047619047616,0.5238095238095238,0.48938571428571515,-0.35225714285714715,0.8416428571428624
1396,US,1960,3,-0.05710833333333339,0.13195350000000017,0.38888888888888884,0.611111111111111,0.3307073333333337,-0.18339000000000016,0.5140973333333339
1396,US,1970,6,-0.04317999999999995,0.016086666666666756,0.38888888888888884,0.27777777777777773,-0.08127999999999957,-0.12953999999999985,0.04826000000000027
1396,US,1980,10,-0.35619565000000064,0.24492038333333427,0.5,0.47000000000000003,-0.28726899999999916,-1.199994000000001,0.9127250000000018
1396,US,1990,22,-0.14575148124098078,0.12316880880230875,0.4856060606060606,0.5143939393939394,-0.11229063636363543,-0.6648118181818172,0.5525211818181818
1396,US,2000,9,-0.5827031234567901,0.143517972222222,0.5333333333333333,0.4666666666666667,-1.590887555555556,-2.3068293333333325,0.7159417777777767
1396,US,2010,36,-0.8547072709876545,0.07413905046296299,0.9678240740740741,0.026620370370370367,-5.0216635,-5.275917500000001,0.25425400000000015
1396,US,2020,13,-0.3744350512820516,0.02223476923076922,0.9230769230769231,0.07692307692307693,-0.8430066153846163,-0.9097109230769239,0.06670430769230766
1397,US,1950,1,-0.5293366666666657,0.10160000000000007,0.6666666666666666,0.3333333333333333,-1.2832099999999969,-1.588009999999997,0.3048000000000002
1397,US,1960,1,-2.2098000000000013,0.0,1.0,0.0,-4.419600000000003,-4.419600000000003,0.0
1397,US,1970,3,-0.3556000000000002,1.0668000000000006,0.5,0.5,1.4224000000000008,-0.7112000000000004,2.1336000000000013
1397,US,1980,1,0.0,0.1935500000000019,0.0,1.0,0.3871000000000038,0.0,0.3871000000000038
1397,US,1990,46,-0.2159387173913044,0.5014621992753627,0.26268115942028986,0.7373188405797101,0.8874647391304356,-0.47797295652173927,1.3654376956521748
1397,US,2000,34,-0.11984313725490203,0.25779519607843143,0.20588235294117646,0.7941176470588235,0.41385617647058826,-0.3595294117647061,0.7733855882352944
1397,US,2010,92,-0.04964313102139406,0.2674574943926845,0.23645617667356797,0.7586525189786059,0.9938803913043476,-0.2344141739130435,1.228294565217391
1397,US,2020,15,-0.06272044444444447,0.08829022222222231,0.4444444444444444,0.5555555555555555,0.07670933333333352,-0.1881613333333334,0.2648706666666669
1398,US,1970,1,0.0,0.7071346666666667,0.0,1.0,2.121404,0.0,2.121404
1398,US,1980,3,-0.4959102666666666,0.0,1.0,0.0,-1.4478013333333333,-1.4478013333333333,0.0
1398,US,1990,4,-0.4155390999999979,0.11087100000000003,0.9,0.1,-1.8287859999999942,-2.9374959999999946,1.1087100000000003
1398,US,2000,2,-0.4873125000000096,0.03810000000000002,0.75,0.25,-1.1636000000000202,-1.3160000000000203,0.1524000000000001
1399,US,1980,1,-0.3555999999999999,0.034543333333333294,0.8333333333333334,0.16666666666666666,-1.9263399999999997,-2.1335999999999995,0.20725999999999978
1399,US,2000,3,-0.25603222222222005,0.16713222222222157,0.7777777777777777,0.2222222222222222,-0.26669999999999544,-0.7680966666666601,0.5013966666666647
1399,US,2010,3,-0.18323566666666646,0.17180566666666694,0.6333333333333333,0.3666666666666667,-0.11429999999999534,-1.8323566666666646,1.7180566666666692
1399,US,2020,3,-0.5411888888888888,1.0170144444444433,0.6666666666666666,0.3333333333333333,1.4274766666666636,-1.6235666666666664,3.05104333333333
14,US,1940,6,-0.13157166666666628,0.5617211666666662,0.3333333333333333,0.6666666666666666,0.8602989999999998,-0.26314333333333256,1.1234423333333323
14,US,1950,40,-0.19374935000000007,0.2855505218253968,0.4732142857142857,0.5267857142857142,0.14546609999999993,-0.95425225,1.09971835
14,US,1960,113,-0.2829437125298497,0.38334750103947185,0.4697675235285854,0.5278725944655148,0.3567775044247789,-1.6699264778761063,2.026703982300885
14,US,1970,177,-0.4296313083759305,0.3532000945834455,0.5191014258810869,0.4733118105999462,-0.2367198983050849,-1.8193465988700568,1.582626700564972
14,US,1980,201,-0.3766844312524678,0.30710293900339575,0.5600094764273869,0.4317677485587933,-0.6370393930348257,-1.931817671641791,1.2947782786069655
14,US,1990,184,-0.5196105712603519,0.4499401175207039,0.5498641304347825,0.44446816770186337,-0.681285956521739,-2.7862856195652173,2.104999663043478
14,US,2000,161,-0.6913918486098787,0.5718788541555753,0.5239746623286995,0.464172335600907,-0.9005041366459627,-3.606636161490683,2.7061320248447203
14,US,2010,337,-0.8166672114832086,0.83154314045735,0.49881541142668745,0.4855235269181857,0.3958239703264093,-4.443794142433235,4.839618112759644
14,US,2020,182,-0.9550051684981684,0.6562187564102564,0.5476190476190476,0.4487179487179487,-0.8965056593406593,-2.6386134725274726,1.7421078131868133
140,US,1960,5,-0.45125639999999984,0.12440940000000025,0.5666666666666667,0.4333333333333333,-0.5571739999999993,-0.9741407999999998,0.4169668000000005
140,US,1970,9,-0.4273975555555555,0.40927888888888886,0.16666666666666666,0.7777777777777778,0.04572000000000008,-0.854795111111111,0.900515111111111
140,US,1980,45,-0.37919421703703704,0.17326493629629633,0.6448148148148148,0.34407407407407403,-0.9302830222222221,-1.4177261777777779,0.4874431555555556
140,US,1990,55,-0.38412439987012986,0.500796591948052,0.468975468975469,0.5287518037518038,0.8940062909090911,-2.637767418181818,3.5317737090909094
140,US,2000,94,-0.28525843961499503,0.5743852457700102,0.3792806484295846,0.6207193515704154,0.13454946808510607,-1.888949510638298,2.023498978723404
140,US,2010,52,-0.5769339804639805,0.4154408927045176,0.5013659951159951,0.4986340048840049,-1.0992728846153847,-2.984549346153846,1.8852764615384614
140,US,2020,8,-1.0114284166666665,0.11950725000000012,0.8333333333333333,0.16666666666666666,-2.675763499999999,-3.0342852499999995,0.3585217500000004
1400,US,1940,5,-1.171448,0.33985200000000015,0.7533333333333333,0.13999999999999999,-3.1988759999999994,-4.65582,1.4569440000000007
1400,US,1950,75,-0.11085815784126982,0.10179953060317458,0.4864708994708995,0.5049576719576719,-0.11371090666666672,-0.6048454666666665,0.4911345599999998
1400,US,1960,108,-0.24174382101704883,0.1403642756687243,0.653942533803645,0.3335464432686655,-0.8981017777777779,-1.6616533148148152,0.7635515370370372
1400,US,1970,117,-0.20786815343915338,0.07984672616334282,0.7158831908831909,0.2777065527065527,-0.956408205128205,-1.4480741025641024,0.49166589743589745
1400,US,1980,95,-0.24989196192982474,0.07799265380952389,0.6318713450292398,0.3646198830409356,-0.6515972842105265,-1.0116147789473688,0.36001749473684225
1400,US,1990,22,-0.3327619090909088,0.08429396212121221,0.7651515151515151,0.23484848484848486,-0.8843302727272715,-1.2102594545454535,0.32592918181818203
1400,US,2000,6,-0.0035558333333333505,0.12420583333333342,0.16666666666666666,0.8333333333333334,0.4826000000000003,-0.014223333333333402,0.49682333333333367
1404,US,1970,1,-0.14325600000000005,0.050292,0.5,0.5,-0.1859280000000001,-0.2865120000000001,0.100584
1404,US,1980,41,-0.3530165444831591,0.1426316095238095,0.6738095238095239,0.31782810685249707,-0.7498447804878051,-1.5364892195121953,0.78664443902439
1404,US,1990,44,-0.2647153590909091,0.1966243248917749,0.569832251082251,0.4256222943722943,-0.40631931818181816,-1.7689475000000001,1.3626281818181818
1404,US,2000,42,-0.16509596118669687,0.10038109074074075,0.6515306122448979,0.3407312925170068,-0.391596095238095,-1.076924857142857,0.685328761904762
1404,US,2010,19,-0.12895694924812018,0.1972619642857143,0.5761278195488722,0.42387218045112784,0.23830536842105285,-0.5864193684210522,0.824724736842105
1404,US,2020,9,-0.21934303703703684,0.007111851851851764,0.9259259259259258,0.07407407407407407,-0.6366935555555552,-0.6580291111111105,0.021335555555555292
1405,US,2000,25,-0.07207562057142856,0.11749183657142856,0.43438095238095237,0.5656190476190476,0.22933151999999996,-0.40983408,0.6391655999999999
1405,US,2010,13,-0.1493295304029304,0.17525033821733824,0.5235653235653236,0.47643467643467646,0.14325584615384615,-1.1111143076923076,1.2543701538461538
1405,US,2020,5,-0.32877719999999994,0.01046426666666663,0.7333333333333333,0.26666666666666666,-0.9549388000000001,-0.9863316,0.03139279999999989
1406,US,1970,10,-0.25171671333333323,0.2525828,0.5516666666666666,0.44833333333333336,0.1066800000000004,-0.9378697999999996,1.0445498
1406,US,1980,1,-0.6324599999999996,1.2588239999999997,0.5,0.5,1.2527280000000003,-1.2649199999999992,2.5176479999999994
1407,US,1960,5,-0.10918161666666645,0.2435349166666667,0.5,0.475,0.1322824000000004,-0.8570955999999988,0.9893779999999992
1407,US,1970,2,-0.016764,0.31813399999999903,0.25,0.75,0.602739999999998,-0.033528,0.6362679999999981
1407,US,1980,3,-1.018540222222222,0.093133333333333,0.888888888888889,0.1111111111111111,-5.475225333333334,-6.034025333333332,0.558799999999998
1407,US,1990,2,0.0,2.446403333333332,0.0,1.0,5.665474999999997,0.0,5.665474999999997
1407,US,2000,1,-0.07857000000000072,0.0523233333333353,0.5555555555555556,0.4444444444444444,-0.23621999999998877,-0.7071300000000065,0.4709100000000177
1407,US,2010,4,-0.017741958333334057,0.048957416666666705,0.3333333333333333,0.6666666666666666,0.15391999999999584,-0.10553750000000583,0.2594575000000017
1407,US,2020,4,-0.015113333333333756,0.056642500000000595,0.3333333333333333,0.6666666666666666,0.12458750000000052,-0.04534000000000127,0.16992750000000179
1408,US,1980,2,-0.24053750000000118,0.2724150000000005,0.6666666666666666,0.3333333333333333,0.216409999999998,-1.3472150000000038,1.5636250000000018
1408,US,1990,1,-0.19126200000000004,0.12390100000000004,0.7,0.3,-0.67361,-1.9126200000000004,1.2390100000000004
1408,US,2000,6,-0.04987700000000007,0.13977616666666673,0.24444444444444446,0.7555555555555555,0.29032299999999983,-0.488694666666667,0.7790176666666668
1408,US,2010,2,-0.09418350000000002,0.18956050000000055,0.2,0.6333333333333333,0.5448300000000019,-0.9418350000000002,1.4866650000000021
1408,US,2020,1,0.0,0.06654666666666505,0.0,1.0,0.19963999999999515,0.0,0.19963999999999515
1409,US,2000,4,-0.03400374999999989,0.02466937499999977,0.75,0.25,-0.03733750000000047,-0.13601499999999955,0.09867749999999909
1409,US,2010,4,-0.05337825000000001,0.005677000000000021,0.875,0.125,-0.47701249999999984,-0.5337825,0.05677000000000021
1409,US,2020,4,-0.061468333333333305,0.008254999999999827,0.9166666666666666,0.08333333333333333,-0.15964000000000045,-0.18440499999999993,0.024764999999999482
141,US,2000,32,-0.12425748958333328,0.11683995312499991,0.5234375,0.4609375,-0.026336250000000137,-0.40676499999999993,0.3804287499999998
141,US,2010,46,-0.10354065127674258,0.09424969406487232,0.5423913043478261,0.45157004830917874,0.023986260869565103,-0.6283529130434782,0.6523391739130433
141,US,2020,35,-0.11264529523809508,0.048572038095238045,0.6619047619047619,0.319047619047619,-0.193068914285714,-0.3301853142857138,0.13711639999999983
1410,US,1970,26,-0.15759717307692275,0.2355564705128207,0.5217948717948718,0.4782051282051282,0.339910307692309,-0.42894699999999936,0.7688573076923083
1410,US,1980,30,-0.16226206185185188,0.13958584907407404,0.5915740740740741,0.40175925925925926,0.03027639999999964,-1.1288768666666666,1.1591532666666666
1410,US,1990,25,-0.10011695622222225,0.10685700431746036,0.5691428571428571,0.4268571428571428,0.23067240000000006,-0.6681814399999996,0.8988538399999997
1410,US,2000,27,-0.17802230679012337,0.16629886596119922,0.5317019400352734,0.4682980599647266,-0.09527711111111115,-0.8905223703703697,0.7952452592592586
1410,US,2010,29,-0.04122525090311989,0.0668727473727421,0.5483305966064587,0.4443897099069513,0.2551917241379302,-0.25603186206896533,0.5112235862068956
1410,US,2020,24,-0.03191894444444454,0.04093577777777802,0.5555555555555555,0.4305555555555555,0.02705050000000046,-0.09575683333333362,0.12280733333333409
1411,US,2000,17,-0.4793877941176471,0.11582348039215691,0.6519607843137255,0.34803921568627455,-1.009158823529412,-1.4602611764705884,0.4511023529411767
1411,US,2010,10,-0.23126673333333314,0.11955793333333334,0.6433333333333333,0.3366666666666666,-0.5887189999999995,-0.9918169999999995,0.40309799999999996
1412,US,2000,732,-0.12577582415430652,0.21352075315508717,0.47484875097580015,0.517741673172001,0.3419775928961749,-0.6084070355191257,0.9503846284153006
1412,US,2010,628,-0.26853674026387625,0.15216459200788596,0.5345421342634719,0.4588040895763826,-0.30814643630573246,-1.1077975095541401,0.7996510732484077
1412,US,2020,116,-0.23343696551724138,0.12802478160919536,0.610632183908046,0.389367816091954,-0.31592781034482764,-0.6991219137931034,0.38319410344827576
1413,US,2000,170,-0.13059757711484593,0.15581507672268907,0.48626050420168065,0.5102380952380953,0.07906852941176475,-0.601917494117647,0.6809860235294117
1413,US,2010,155,-0.13670187755760368,0.1629516494470046,0.4404224270353303,0.5557066052227343,0.07932650322580648,-1.0784110838709677,1.157737587096774
1413,US,2020,45,-0.2703350666666667,0.3784262222222222,0.5407407407407407,0.4592592592592592,0.3289809333333334,-0.8017934666666666,1.1307744
1414,US,1990,3,-0.16353366666666666,0.19549533333333335,0.6944444444444443,0.3055555555555555,0.11582400000000008,-0.535432,0.6512560000000001
1414,US,2000,358,-0.08426856440542699,0.10125257948922588,0.4948191008246874,0.47964219207235964,0.10255498324022348,-0.41653729608938544,0.519092279329609
1414,US,2010,387,-0.102880665374677,0.07800828966408269,0.5712891185759402,0.4259115704852139,-0.12324316279069766,-0.4285747906976744,0.3053316279069767
1415,US,2000,1,-1.1201399999999997,1.3350240000000002,0.5,0.5,0.42976800000000104,-2.2402799999999994,2.6700480000000004
1415,US,2010,6,-0.5735742888888888,0.4420700666666666,0.4611111111111111,0.5388888888888889,-0.37896800000000025,-2.370836,1.9918679999999995
1416,US,2000,125,-0.18989899645714287,0.19950857668571428,0.4791333333333333,0.5157238095238096,0.192950672,-0.8616208479999999,1.0545715199999999
1416,US,2010,130,-0.2593948848351649,0.166373604981685,0.5942857142857143,0.3940903540903541,-0.6037387384615386,-1.714511646153846,1.1107729076923076
1416,US,2020,42,-0.31797180158730165,0.5141686428571429,0.5238095238095238,0.47619047619047616,0.4030979047619047,-0.8525330952380954,1.255631
1417,US,1940,1,-0.27736800000000006,0.099441,0.5,0.5,-0.7117080000000002,-1.1094720000000002,0.397764
1417,US,1950,1,-0.8149590000000002,0.24536400000000014,0.75,0.25,-2.2783800000000003,-3.259836000000001,0.9814560000000006
1417,US,1960,1,-1.3462635,1.2647295,0.75,0.25,-0.652272,-10.770108,10.117836
1417,US,2010,7,-1.4391550912698412,0.4084896944444445,0.7142857142857143,0.2857142857142857,-8.114428571428572,-10.949070571428573,2.834642
1417,US,2020,6,-0.6084146666666667,0.6545578888888891,0.6666666666666666,0.3333333333333333,0.13842966666666703,-1.8252440000000003,1.963673666666667
1418,US,1920,6,-0.1436939484126984,0.10524117063492062,0.5029761904761905,0.49702380952380953,-0.164592,-0.890778,0.7261859999999999
1418,US,1930,6,-0.07329452222222224,0.12713899444444446,0.5291666666666667,0.4523148148148148,0.49326800000000004,-0.48895000000000016,0.9822180000000001
1418,US,1940,5,-0.8443976,0.3486911999999999,0.65,0.35,-1.9043903999999998,-3.2991552,1.3947647999999997
1418,US,1950,41,-0.29274635075493616,0.47274483646922183,0.508778552071235,0.48817266744096016,1.368254731707317,-2.295701512195122,3.663956243902439
1418,US,1960,46,-0.3715471284679089,0.49367550220841955,0.49386645962732917,0.5061335403726709,0.8105690434782609,-2.4517850869565216,3.2623541304347823
1418,US,1970,29,-0.13854736551724142,0.11833078620689658,0.5689655172413793,0.43103448275862066,0.0713128275862069,-0.5347663448275862,0.6060791724137932
1418,US,1980,6,-0.16018933333333332,0.1589510833333333,0.6041666666666666,0.3958333333333333,0.036576,-1.093724,1.1302999999999999
1418,US,1990,9,-0.025357666666666674,0.12225866666666668,0.5555555555555556,0.4444444444444444,0.2269066666666667,-0.07349066666666666,0.3003973333333334
1418,US,2000,59,-0.07802615762711863,0.2824036745762712,0.2953389830508475,0.653813559322034,0.545695627118644,-0.2934343389830508,0.8391299661016949
1418,US,2010,58,-0.17692097701149426,0.1608388932676519,0.48727422003284065,0.5127257799671593,-0.0947244827586206,-1.052032724137931,0.9573082413793105
1419,US,1910,4,-0.187833,0.12979400000000002,0.5833333333333333,0.41666666666666663,-0.11391899999999991,-0.503301,0.3893820000000001
1419,US,1920,6,-0.3702473333333333,0.24080046666666657,0.5972222222222222,0.40277777777777773,-0.6243320000000002,-1.7592039999999998,1.1348719999999997
1419,US,1930,8,-0.11166928571428572,0.14217650000000004,0.47023809523809523,0.5297619047619048,-0.09753599999999996,-0.6158865,0.5183505
1419,US,1940,18,-0.11509586666666666,0.04378536666666665,0.6222222222222222,0.3490740740740741,-0.5846233333333334,-0.9570719999999999,0.3724486666666666
1419,US,1950,31,-0.8109128552227343,0.6581388822580645,0.6803891449052739,0.31154633896569384,-0.9311143870967743,-4.833341806451613,3.9022274193548387
1419,US,1960,22,-0.6918650012987013,0.27534585649350646,0.699025974025974,0.2944805194805195,-1.524208090909091,-3.633978090909091,2.10977
1419,US,1970,5,-0.13119462857142858,0.24845554285714289,0.3476190476190476,0.6523809523809524,0.3486912000000001,-0.6449568,0.9936480000000001
1419,US,1980,5,-0.44958,0.01793240000000004,0.8333333333333334,0.16666666666666666,-0.8866631999999999,-0.993648,0.10698480000000013
1419,US,2000,121,-0.1736318523022432,0.17612993778040137,0.5253443526170799,0.4746556473829201,-0.09604971900826441,-0.940923041322314,0.8448733223140495
1419,US,2010,104,-0.28200476955128206,0.09180175993589743,0.7600961538461538,0.23990384615384613,-0.9061643846153847,-1.2955026730769232,0.3893382884615384
142,US,1950,1,-0.03810000000000002,0.12954,0.5,0.5,0.18287999999999993,-0.07620000000000005,0.25908
142,US,1960,1,-0.044196,0.05334000000000001,0.6,0.4,0.09144000000000008,-0.44196,0.5334000000000001
142,US,1970,1,-0.17983200000000002,0.048768,0.7,0.3,-1.3106400000000002,-1.7983200000000001,0.48768
142,US,1980,1,-0.12191999999999997,0.381,0.5,0.5,1.0363200000000001,-0.4876799999999999,1.524
142,US,2000,18,-0.1485935277777778,0.17809986111111112,0.4328703703703704,0.5671296296296297,0.012869333333333332,-1.1796606666666667,1.19253
142,US,2010,16,-0.07032625,0.35074225000000003,0.3958333333333333,0.6041666666666666,0.841248,-0.21097875,1.05222675
1420,US,1920,5,-0.45161186666666653,0.3557017333333337,0.5666666666666667,0.3333333333333333,-0.06827439999999907,-1.0027915999999997,0.9345172000000007
1420,US,1930,3,-0.32101458333333344,0.26966438888888894,0.5472222222222222,0.4527777777777778,-0.06858000000000015,-1.6393200000000008,1.5707400000000007
1420,US,1940,3,-0.31821966666666684,0.10665460000000011,0.7000000000000001,0.3,-0.40436800000000006,-1.2004040000000005,0.7960360000000005
1420,US,1950,10,-0.4179569999999999,0.9919167857142861,0.45,0.55,1.1716500000000007,-1.411986,2.583636000000001
1420,US,1960,14,-0.5369297936507935,0.6146503206349205,0.5031746031746032,0.49682539682539684,-0.11212214285714316,-2.6434857142857138,2.531363571428571
1420,US,1970,9,-0.25192880238095255,0.5702240880952382,0.5603174603174603,0.4396825396825397,1.430189333333333,-1.9789993333333342,3.409188666666667
1420,US,1980,6,-0.7655199083333334,0.7205303444444445,0.6666666666666666,0.3333333333333333,-0.7934946666666663,-5.702045000000001,4.908550333333334
1420,US,1990,22,-0.3507405681818182,0.8441617484848485,0.3911616161616162,0.6088383838383838,1.791392818181818,-2.3286030909090907,4.1199959090909095
1420,US,2000,238,-0.29186527771108445,0.15827069279711886,0.5882352941176471,0.396078431372549,-0.735413193277311,-1.5924070588235295,0.8569938655462185
1420,US,2010,164,-0.11804545406504065,0.3294427467479675,0.4368902439024391,0.563109756097561,0.9929048658536586,-0.49949978048780486,1.4924046463414635
1420,US,2020,18,-0.9174198148148149,0.9068080740740742,0.48148148148148145,0.5185185185185186,-0.031835222222223,-2.7522594444444453,2.7204242222222224
1421,US,2000,59,-0.4953873227199354,0.6293365846246973,0.5644471347861179,0.36251008878127516,0.9352446440677964,-2.9085415593220336,3.8437862033898305
1421,US,2010,73,-0.6012272145575125,0.38209669417264625,0.499782561426397,0.4865188084366166,-2.0779839726027394,-4.977132931506849,2.8991489589041097
1421,US,2020,51,-0.13291653594771247,0.9101318300653594,0.37254901960784315,0.6274509803921569,1.8982172549019607,-0.3089533333333334,2.207170588235294
1422,US,2000,41,-0.39789281904761903,0.3983183909407666,0.5853658536585366,0.4146341463414634,-0.20139165853658517,-2.438364,2.2369723414634146
1422,US,2010,29,-0.19434479310344835,0.17807574137931034,0.49712643678160917,0.5028735632183907,-0.10757303448275879,-0.6420234482758622,0.5344504137931034
1423,US,2000,1,-3.581400000000002,4.800599999999999,0.75,0.25,4.876799999999989,-14.325600000000009,19.202399999999997
1424,US,2000,126,-0.1670675162131519,0.1382099609410431,0.5098356009070295,0.48355064247921387,-0.2855928412698412,-0.98552,0.6999271587301588
1424,US,2010,150,-0.26702927115343916,0.17876406285714283,0.5361375661375661,0.4638624338624338,-0.3443122,-1.2830962933333332,0.9387840933333332
1424,US,2020,5,-0.2891544,0.2848862666666663,0.6,0.4,-0.01280440000000116,-0.8674631999999999,0.8546587999999987
1425,US,1950,8,-1.3479462500000001,0.6941504166666665,0.7291666666666666,0.2708333333333333,-1.6870675000000006,-3.9738300000000004,2.2867624999999996
1425,US,1970,4,-0.5932041964285716,0.12027321428571382,0.7053571428571428,0.29464285714285715,-1.866902500000002,-2.3618200000000007,0.4949174999999988
1425,US,1980,3,-0.16261817460317443,0.39118885714285706,0.2587301587301587,0.7412698412698413,1.681986666666668,-1.1724633333333319,2.85445
1425,US,1990,3,-0.32427311111111107,0.32833777777777756,0.38888888888888884,0.611111111111111,0.013209999999999352,-0.7696193333333333,0.7828293333333326
1425,US,2000,36,-0.44311659259259273,0.4836374953703706,0.5833333333333334,0.4027777777777778,0.0020331111111113248,-1.3753667777777778,1.3773998888888892
1425,US,2010,7,-0.4310961428571428,0.4468586571428572,0.5,0.5,-0.1833148571428567,-4.052098571428571,3.868783714285714
1425,US,2020,50,-0.31575256666666685,0.3305907066666666,0.5966666666666667,0.39333333333333337,0.13871327999999944,-0.8072018400000003,0.9459151199999998
1426,US,1970,2,-0.28542285714285726,0.1775457142857143,0.7142857142857143,0.2857142857142857,-0.7551400000000008,-1.9979600000000008,1.24282
1426,US,1980,2,-0.2939534999999999,0.5150604999999999,0.3333333333333333,0.6666666666666667,1.5887700000000002,-2.2669449999999998,3.855715
1426,US,1990,1,-0.43942000000000014,0.12700000000000009,0.6666666666666666,0.3333333333333333,-0.9372600000000002,-1.3182600000000004,0.3810000000000002
1426,US,2000,9,-0.09014148148148152,0.2016196296296298,0.35185185185185186,0.6481481481481481,0.33020111111111144,-0.26991666666666664,0.6001177777777781
1426,US,2020,4,-0.19164333333333294,0.11696666666666673,0.5,0.5,-0.22402999999999862,-0.5749299999999988,0.3509000000000002
1427,US,2000,233,-0.1634432846106683,0.1633545896586961,0.5228319367804346,0.4742301927924245,0.05322226609442066,-0.8771960858369099,0.9304183519313305
1427,US,2010,177,-0.12633481657250473,0.14894921148775894,0.5014169132813201,0.4857770603533315,0.1836549152542373,-0.87539593220339,1.059050847457627
1427,US,2020,29,-0.14668937931034484,0.15033296551724143,0.5632183908045977,0.41379310344827586,0.0109307586206897,-0.4400681379310345,0.4509988965517242
1428,US,2000,399,-0.2555643417114214,0.26213251700083545,0.5707005609261249,0.4274197398257549,0.0924522255639098,-1.3984246817042607,1.4908769072681702
1428,US,2010,326,-0.2707018837058136,0.24466694842243647,0.5392272860064271,0.45847210049664033,-0.23595346012269944,-1.456813098159509,1.2208596380368097
1428,US,2020,68,-0.29245120588235296,0.044767490196078445,0.7230392156862745,0.267156862745098,-0.7383558823529411,-0.8627635588235294,0.12440767647058827
1429,US,2000,248,-0.11801710031682028,0.11835498701996928,0.5108198924731183,0.48092357910906297,0.01728624999999996,-0.6317471612903226,0.6490334112903225
1429,US,2010,137,-0.1077231895377129,0.0778724476885645,0.5311638280616383,0.4637266828872669,-0.14055312408759119,-0.5646700729927008,0.42411694890510954
1429,US,2020,28,-0.13589002380952375,0.030969904761904705,0.7142857142857143,0.2857142857142857,-0.29750649999999995,-0.3904162142857141,0.09290971428571412
143,US,1950,2,-0.6667500000000001,0.28575000000000006,0.5,0.5,-0.762,-1.3335000000000001,0.5715000000000001
143,US,1970,5,-0.6008914285714286,0.2584268571428571,0.5904761904761904,0.4095238095238095,-2.3896319999999998,-4.142232,1.7526
143,US,1980,35,-0.4419507360544218,0.7982432176870747,0.423469387755102,0.5622448979591836,1.4313406857142856,-2.165647771428571,3.5969884571428565
143,US,1990,11,-0.21033047272727276,0.35242721818181827,0.47575757575757577,0.5242424242424243,0.31629909090909103,-0.8001000000000001,1.116399090909091
143,US,2000,151,-0.17107395423105226,0.2324710406601493,0.45212341007042994,0.5465520866183118,0.25886806622516556,-0.7791576291390729,1.0380256953642384
143,US,2010,113,-0.1694603849557522,0.2017702923303835,0.41408554572271383,0.5829646017699115,0.18140994690265494,-0.8385506725663716,1.0199606194690265
143,US,2020,26,-0.19012905128205126,0.06164392307692304,0.7243589743589743,0.2756410256410256,-0.36716730769230776,-0.5346902307692308,0.16752292307692299
1430,US,1960,1,-1.258146666666666,0.030479999999998755,0.8888888888888888,0.1111111111111111,-11.049000000000007,-11.323319999999995,0.2743199999999888
1430,US,1970,1,-1.1176000000000006,0.0,1.0,0.0,-3.352800000000002,-3.352800000000002,0.0
1430,US,1980,1,-0.16459199999999896,0.507795999999999,0.2,0.8,1.7160200000000003,-0.8229599999999948,2.538979999999995
1430,US,1990,4,-0.4133842500000001,0.2710807500000001,0.5,0.5,-0.28460700000000005,-0.8267685000000002,0.5421615000000002
1430,US,2000,1237,-0.2712484708857836,0.26047148354313426,0.5880143973515033,0.4083198598760442,-0.021423531123686407,-1.3180042223120452,1.2965806911883588
1430,US,2010,1423,-0.27037495709489234,0.23303606526230078,0.616846534819128,0.38004300103737915,-0.28773840056219246,-1.6734827252283906,1.3857443246661982
1430,US,2020,570,-0.4679453368421053,0.21745586140350878,0.6643274853801169,0.3330409356725146,-0.7136517894736842,-1.3505507719298249,0.6368989824561404
1431,US,2000,184,-0.8270428358825052,0.33436832908902686,0.7179541925465839,0.2777432712215321,-1.6170878586956523,-3.3012904021739127,1.6842025434782608
1431,US,2010,132,-0.7159966808501684,0.7488657622895624,0.5773118085618085,0.4128938191438191,-0.11863033333333332,-4.495235348484849,4.376605015151515
1431,US,2020,68,-0.8205397745098039,0.17308235294117658,0.7303921568627451,0.2696078431372549,-1.7788891764705879,-2.231158588235294,0.4522694117647062
1432,US,1930,1,-0.6189614285714288,1.9230700000000007,0.5714285714285714,0.42857142857142855,9.128760000000003,-4.3327300000000015,13.461490000000005
1432,US,1940,1,-1.819657,1.0582660000000002,0.7,0.3,-7.613910000000001,-18.19657,10.58266
1432,US,1950,1,-1.6306799999999995,1.2100559999999994,0.8,0.2,-4.206240000000001,-16.306799999999996,12.100559999999994
1432,US,1960,1,-1.9897330000000004,2.7061660000000005,0.6,0.4,7.164330000000003,-19.897330000000004,27.061660000000007
1432,US,1970,1,-2.4469349999999994,1.6695419999999992,0.7,0.3,-7.773930000000004,-24.469349999999995,16.69541999999999
1432,US,1980,1,-2.6561790000000003,1.3959840000000008,0.7,0.3,-12.601949999999995,-26.561790000000002,13.959840000000007
1432,US,1990,1,-2.0317980000000007,2.8930100000000003,0.6,0.4,8.612119999999997,-20.317980000000006,28.930100000000003
1432,US,2000,104,-0.6960587217032967,0.35897711323260073,0.6826808608058609,0.3065018315018315,-0.927413153846154,-2.2412035192307695,1.3137903653846155
1432,US,2010,104,-0.3157087259844322,0.6784653301053113,0.5110119047619047,0.4870650183150183,0.5693024423076924,-1.8699913269230768,2.4392937692307695
1432,US,2020,49,-0.5466026666666665,0.10637915646258486,0.6938775510204082,0.30612244897959184,-1.3243562448979591,-1.6360914693877544,0.3117352244897954
1433,US,2000,340,-0.23288678044817926,0.19406987479691876,0.5951750700280112,0.39888655462184874,-0.0751197705882353,-1.2739251176470587,1.1988053470588236
1433,US,2010,341,-0.2486432670157799,0.21897617458455523,0.5540776427873202,0.44305962854349956,-0.36942931378299126,-1.7497621114369504,1.380332797653959
1433,US,2020,123,-0.37025763414634144,0.07515299186991871,0.6355013550135501,0.36449864498644985,-0.8239016747967479,-1.035192406504065,0.21129073170731708
1434,US,2000,8,-0.46844687499999993,0.41451845833333323,0.6642857142857143,0.3357142857142857,-0.32194875000000023,-2.84721375,2.525264999999999
1434,US,2010,13,-0.12839576923076923,0.20568134615384623,0.5384615384615384,0.4423076923076923,0.21770153846153867,-0.5114738461538462,0.7291753846153848
1434,US,2020,5,-0.2379473333333332,0.04328133333333331,0.8,0.2,-0.5839979999999997,-0.7138419999999996,0.12984399999999993
1435,US,2000,148,-0.5403232794079794,0.6026318826415701,0.5743564993564994,0.4192245817245817,0.2751849189189186,-2.419545824324324,2.694730743243243
1435,US,2010,124,-0.44397152446236565,0.239719680421147,0.6751792114695341,0.3239247311827957,-0.7488746451612902,-1.6458706774193548,0.8969960322580648
1435,US,2020,55,-0.1415330909090909,1.3476637878787876,0.26666666666666666,0.7333333333333334,3.607779381818182,-0.37285272727272717,3.9806321090909087
1436,US,1940,1,-0.24384000000000006,0.19050000000000006,0.5,0.5,-0.10668,-0.4876800000000001,0.3810000000000001
1436,US,1950,1,-0.47244,0.020320000000000005,0.5,0.5,-2.71272,-2.8346400000000003,0.12192000000000003
1436,US,1960,3,-0.3632199999999999,0.5671255555555557,0.3148148148148148,0.5740740740740741,0.3556000000000008,-2.1132799999999996,2.4688800000000004
1436,US,1970,69,-0.9176997414768806,0.7407980824706696,0.4988612836438923,0.4854382332643202,-0.06588495652173881,-3.5236422318840583,3.4577572753623196
1436,US,1980,73,-0.2999323835616439,1.037424700913242,0.25799086757990863,0.7420091324200913,2.507939917808219,-1.0504747397260277,3.5584146575342466
1436,US,1990,21,-0.13060609278155702,0.3392192246787605,0.3897959183673469,0.610204081632653,0.9124414285714288,-0.8928466666666675,1.805288095238096
1436,US,2000,426,-0.21668516753856473,0.20191869945226915,0.49072769953051637,0.505787502794545,-0.06196175117370899,-1.0852883615023474,1.0233266103286385
1436,US,2010,419,-0.1544266470223889,0.27038830935333563,0.3912035458574838,0.6069269235140357,0.36155903579952264,-0.7296541766109785,1.0912132124105012
1436,US,2020,70,-0.15714255714285716,0.09549676190476193,0.5666666666666667,0.4333333333333333,-0.17253854285714287,-0.42965914285714296,0.2571206000000001
1437,US,1950,1,-0.8381999999999998,1.1521439999999998,0.4,0.6,1.5697200000000002,-4.190999999999999,5.760719999999999
1437,US,1960,1,-0.05943599999999982,0.37490399999999974,0.3,0.7,3.154679999999999,-0.5943599999999982,3.7490399999999973
1437,US,1970,1,-0.35269714285714315,0.3048000000000002,0.42857142857142855,0.5714285714285714,-0.3352800000000009,-2.468880000000002,2.1336000000000013
1437,US,1980,9,-0.12132750000000006,1.5925237407407407,0.2685185185185185,0.7314814814814814,3.339422666666667,-0.3224111111111113,3.661833777777778
1437,US,1990,11,-0.03756429090909091,0.18572480000000002,0.2948051948051948,0.7051948051948052,0.7586749090909092,-0.1348047272727273,0.8934796363636366
1437,US,2000,378,-0.16955271651549508,0.15133465600907028,0.47058138070042826,0.5235197782816831,0.04171051322751321,-0.6867674920634921,0.7284780052910053
1437,US,2010,313,-0.21841935560626805,0.3525677985090522,0.37940818499923934,0.615533242050814,0.4731653993610224,-0.7571261405750799,1.2302915399361023
1437,US,2020,12,-0.30861,0.0,1.0,0.0,-0.7551419999999999,-0.7551419999999999,0.0
1438,US,1950,1,-0.11429999999999962,0.21335999999999977,0.75,0.25,0.3962400000000006,-0.4571999999999985,0.8534399999999991
1438,US,1960,1,-0.159173333333333,0.45889333333333293,0.3333333333333333,0.6666666666666666,2.6974799999999997,-1.432559999999997,4.130039999999997
1438,US,1970,1,-0.35705142857142874,0.2699657142857144,0.42857142857142855,0.5714285714285714,-0.6096000000000004,-2.499360000000001,1.8897600000000008
1438,US,1980,2,-0.3736659999999999,0.6408419999999999,0.4375,0.5625,0.25526800000000005,-2.8902679999999994,3.1455359999999994
1438,US,1990,3,-0.23882666666666674,0.9218509777777778,0.35555555555555557,0.6444444444444444,3.2694926666666664,-0.8981400000000003,4.167632666666667
1438,US,2000,60,-0.20725392785714286,0.2911423188095238,0.4604563492063492,0.5395436507936507,0.30233613333333337,-1.0802111666666667,1.3825473
1438,US,2010,49,-0.33106991486880466,0.20725281788143826,0.5897473275024295,0.4073372206025267,-0.2725782448979594,-1.153605469387755,0.8810272244897958
1438,US,2020,4,-0.2935604999999999,0.0,1.0,0.0,-0.5871209999999998,-0.5871209999999998,0.0
1439,US,1950,6,-2.0565533333333335,2.289725333333333,0.49444444444444446,0.5055555555555555,1.7754599999999996,-10.1473,11.922759999999998
1439,US,1960,35,-1.3284013387755103,1.9007702952380954,0.4393083900226757,0.545374149659864,3.3062091428571443,-9.326009142857144,12.632218285714288
1439,US,1970,161,-0.4432624167406093,1.5459014992605737,0.34118603963324456,0.6536379769299023,4.9777626708074525,-2.869464819875777,7.84722749068323
1439,US,1980,146,-0.5104269178082191,0.8332852739726028,0.4029680365296804,0.5936073059360731,0.6773449315068495,-1.136006301369863,1.8133512328767123
1439,US,2000,289,-0.337916851886637,0.3260375673504696,0.5053550832097544,0.4918437963420662,0.26640999307958474,-1.5529180726643599,1.8193280657439446
1439,US,2010,413,-0.46927725588608327,0.5258476453264922,0.46527825819593377,0.5322129981936278,0.30341998547215493,-2.6970965375302662,3.0005165230024216
1439,US,2020,65,-0.37434910769230767,0.0654616717948718,0.7871794871794872,0.20256410256410257,-0.926591969230769,-1.122906646153846,0.19631467692307697
144,US,1980,29,-0.2677916069786535,0.22939821576354685,0.5445128626163109,0.44514230979748226,-0.3424784827586199,-2.061126620689655,1.7186481379310352
144,US,1990,61,-0.38171319717668506,0.3105524294821754,0.6616900858704138,0.3246487119437939,-0.06445875409836123,-1.2033866885245905,1.1389279344262293
144,US,2000,3,-0.2149725291005291,0.150190507936508,0.5343915343915344,0.4656084656084656,-0.42976733333333267,-1.7353266666666667,1.305559333333334
144,US,2010,7,-0.1762240204081636,0.21625868877551024,0.5035714285714286,0.4964285714285714,0.4171411428571414,-1.1808814285714304,1.5980225714285718
144,US,2020,3,-0.281430666666666,0.2971800000000003,0.6666666666666666,0.3333333333333333,0.03149866666666856,-0.562861333333332,0.5943600000000006
1440,US,1950,1,0.0,12.2682,0.0,1.0,24.5364,0.0,24.5364
1440,US,1970,2,0.0,4.881880000000001,0.0,1.0,10.256520000000002,0.0,10.256520000000002
1440,US,1980,1,0.0,1.4935200000000002,0.0,1.0,2.9870400000000004,0.0,2.9870400000000004
1440,US,2000,81,-0.11648870052910054,0.15292421657848324,0.4130217519106408,0.5808054085831863,0.0363502222222221,-0.5402674074074075,0.5766176296296296
1440,US,2010,34,-0.07236687675070028,0.14366844761904762,0.3131419234360411,0.6806489262371616,0.15401364705882353,-0.46307188235294117,0.6170855294117646
1440,US,2020,5,-0.10373360000000001,0.15483840000000004,0.3333333333333333,0.6666666666666666,0.1533144000000001,-0.31120080000000006,0.46451520000000013
1441,US,1960,1,-0.07772399999999995,0.17221199999999995,0.5,0.5,0.9448799999999999,-0.7772399999999995,1.7221199999999994
1441,US,1970,1,-0.288036,0.26822399999999996,0.5,0.5,-0.1981200000000003,-2.88036,2.6822399999999997
1441,US,2000,341,-0.14234323841642227,0.1422077616673649,0.48136084345761765,0.5099113252339058,-0.03976253372434014,-0.7007003343108503,0.6609378005865102
1441,US,2010,236,-0.0978239575464084,0.17467909646892654,0.41265973903685765,0.5725568334678504,0.19412921186440674,-0.5414462542372882,0.7355754661016949
1441,US,2020,99,-0.2942577777777778,0.1093021515151515,0.5387205387205387,0.4444444444444444,-0.4787823434343434,-0.7840288888888889,0.30524654545454544
1442,US,1970,3,-0.5644605714285715,0.33999714285714305,0.7238095238095239,0.27619047619047615,-1.286764,-3.166872000000001,1.8801080000000008
1442,US,1980,3,-0.3267456,0.3794760000000001,0.5333333333333333,0.4666666666666666,0.5273040000000003,-3.2674560000000006,3.7947600000000006
1442,US,1990,3,-0.14478000000000005,0.18877280000000007,0.5333333333333333,0.4666666666666666,0.5323840000000003,-1.0845800000000005,1.6169640000000005
1442,US,2000,208,-0.5553823204899268,0.5988871040750916,0.4242101648351648,0.5724244505494506,0.049874346153846116,-2.0433835961538462,2.0932579423076922
1442,US,2010,341,-0.1484403695363776,0.12504552156123444,0.5562596006144392,0.43769608527673043,-0.18868099706744867,-0.8991645102639296,0.710483513196481
1442,US,2020,171,-0.31268591228070175,0.1229968693957115,0.5760233918128655,0.419103313840156,-0.39115122807017544,-0.6849355555555555,0.2937843274853801
1443,US,1970,9,-0.09256628606701943,0.11753397319223989,0.4989858906525573,0.5010141093474427,0.059436222222222196,-0.7474368888888888,0.806873111111111
1443,US,1980,10,-0.06131051999999994,0.2144827466666665,0.27999999999999997,0.72,0.6105145999999999,-0.26852879999999973,0.8790433999999996
1443,US,2000,285,-0.11362651528822057,0.07199989482038432,0.5843692564745196,0.41212197159565583,-0.12815515789473686,-0.34417828771929837,0.21602312982456146
1443,US,2010,237,-0.103710967185721,0.07940433292478735,0.5425992900676445,0.4534291072265756,-0.026094590717299627,-0.6480088691983122,0.6219142784810127
1443,US,2020,113,-0.09682567551622419,0.04001510324483777,0.6017699115044248,0.39823008849557523,-0.14438884955752207,-0.2378113628318584,0.09342251327433633
1444,US,1950,1,-2.59842,0.7239000000000001,0.75,0.25,-7.49808,-10.39368,2.8956000000000004
1444,US,1960,1,-0.3200399999999998,1.3655039999999998,0.2,0.8,10.45464,-3.2003999999999984,13.655039999999998
1444,US,1970,1,-0.7802879999999996,0.7437119999999997,0.5,0.5,-0.36575999999999986,-7.8028799999999965,7.437119999999997
1444,US,1980,1,0.0,0.9791700000000003,0.0,1.0,3.9166800000000013,0.0,3.9166800000000013
1444,US,2000,560,-0.13749319425170067,0.1617455419047619,0.44508503401360544,0.5509970238095239,0.11047639285714285,-0.7799614321428572,0.8904378249999999
1444,US,2010,521,-0.1595551808518417,0.21009167529476283,0.45630883831459645,0.542219632574719,0.21783547024952013,-0.9397194606525912,1.1575549309021111
1444,US,2020,158,-0.23250484810126582,0.10708993670886076,0.5854430379746836,0.41455696202531644,-0.3547640506329114,-0.6455201012658228,0.2907560506329114
1445,US,1950,2,-0.6544491428571428,0.7474131428571428,0.4732142857142857,0.5267857142857143,0.7162800000000002,-4.750308,5.466588
1445,US,1960,2,-0.2936748,0.2959608,0.5,0.45,0.022860000000000102,-2.9367479999999997,2.9596080000000002
1445,US,1970,2,-0.4126230000000001,0.46901100000000007,0.5625,0.4375,0.4419599999999999,-3.7033200000000006,4.1452800000000005
1445,US,1980,2,-0.08382,0.51054,0.25,0.75,1.70688,-0.33528,2.04216
1445,US,2000,246,-0.21695979918699188,0.2562837111498258,0.4705671699574139,0.5281746031746032,0.07730271544715445,-1.082287845528455,1.1595905609756096
1445,US,2010,194,-0.23491553297741777,0.31800932303632795,0.4681414662084765,0.530569873997709,0.19651744329896906,-1.48171293814433,1.678230381443299
1445,US,2020,3,-0.6065520000000001,0.600456,0.5555555555555555,0.4444444444444444,-0.018288000000000082,-1.8196560000000002,1.801368
1446,US,2000,5,-0.12512040000000002,0.1877568,0.3333333333333333,0.6666666666666666,0.19202399999999992,-0.7507224000000001,0.9427464000000001
1447,US,1960,2,-0.18110199999999999,0.27127199999999996,0.41666666666666663,0.5833333333333333,0.58674,-1.5468599999999997,2.1335999999999995
1447,US,1970,2,-0.24333200000000005,0.20878800000000006,0.5833333333333333,0.41666666666666663,-0.30479999999999996,-2.3088600000000006,2.004060000000001
1447,US,1980,1,-0.06857999999999986,0.3962399999999998,0.25,0.75,1.3106399999999998,-0.27431999999999945,1.5849599999999993
1447,US,1990,31,-0.15747972688172043,0.3265303827956989,0.41021505376344086,0.5897849462365592,0.7274887741935484,-0.6487815483870968,1.3762703225806452
1447,US,2000,2282,-0.1298874033804933,0.15020842241976545,0.47823772658347596,0.5158370198795265,0.045346709903593345,-0.6912401787905347,0.736586888694128
1447,US,2010,2359,-0.13009007357940208,0.17095349091321987,0.44665516058055266,0.5500137938459261,0.17833298134802883,-0.733459782111064,0.9117927634590928
1447,US,2020,618,-0.2442707796655879,0.12894652427184466,0.5836030204962244,0.4134304207119741,-0.3165449012944984,-0.6649244158576052,0.3483795145631068
1448,US,1970,3,-0.2540845555555556,1.020233888888889,0.3333333333333333,0.6666666666666666,1.419861333333334,-1.3472153333333334,2.7670766666666675
1448,US,1980,1,-0.47624999999999984,1.2420584999999997,0.25,0.75,3.0632339999999996,-1.9049999999999994,4.968233999999999
1448,US,1990,44,-0.09145749242424245,0.6977260681818183,0.2234848484848485,0.7765151515151515,1.279673909090909,-0.21796695454545467,1.4976408636363638
1448,US,2000,1325,-0.14765876245642406,0.14275262007726863,0.48069901168014373,0.5097538185085355,-0.06891009962264151,-0.7661280045283019,0.6972179049056604
1448,US,2010,1291,-0.1535263134945225,0.22099109273357678,0.45950844060836316,0.5358037328021835,0.27473551045701006,-0.8737123857474827,1.1484478962044926
1448,US,2020,307,-0.3074748555917481,0.15387271444082518,0.6112920738327904,0.3865363735070575,-0.28286826058631925,-0.7255381628664496,0.44266990228013026
1449,US,1960,1,0.0,1.9720560000000007,0.0,1.0,9.860280000000003,0.0,9.860280000000003
1449,US,1970,2,-0.8343900000000001,0.39471599999999984,0.75,0.25,0.8458199999999989,-3.1013399999999995,3.9471599999999984
1449,US,1980,2,-0.9086850000000002,0.8534400000000001,0.4583333333333333,0.5416666666666666,0.2057399999999996,-2.9641800000000007,3.1699200000000003
1449,US,1990,8,-0.23602999999999996,0.7026272499999999,0.1875,0.8125,1.2656805,-0.4720599999999999,1.7377405
1449,US,2000,1262,-0.16162452400950872,0.1928998453758207,0.4925782330893266,0.5041833320755666,0.06544387163232963,-0.8709025261489699,0.9363463977812995
1449,US,2010,1206,-0.2196442484363895,0.21663890016254705,0.5196504251230619,0.47839177130221905,0.02204291044776119,-1.4841358623548924,1.5061787728026534
1449,US,2020,474,-0.2542881744022504,0.08441588748241913,0.7229254571026723,0.27039381153305203,-0.5041767637130802,-0.744582953586498,0.24040618987341772
145,US,1940,8,-0.2537775833333334,0.008953500000000012,0.7916666666666666,0.125,-0.7499985000000001,-0.7768590000000002,0.026860500000000037
145,US,1950,8,-0.12624743988095238,0.18572083690476188,0.4642857142857143,0.5357142857142857,0.10001399999999988,-1.112519,1.2125329999999999
145,US,1960,14,-0.3430101770408163,0.17847129642857146,0.5603741496598639,0.4217687074829932,-0.8065229999999998,-1.6855444285714287,0.8790214285714286
145,US,1970,16,-0.3251661145833332,0.24701435833333335,0.5359375,0.4536458333333333,-0.6416033749999996,-1.9865341249999995,1.34493075
145,US,1980,4,-0.05912963571428593,0.5974357142857145,0.3464285714285714,0.6178571428571429,2.168653,-0.3569970000000009,2.525650000000001
145,US,1990,29,-0.4377870041050903,0.16873091625615771,0.7926929392446633,0.1986863711001642,-1.0264404137931034,-1.506342275862069,0.4799018620689656
145,US,2000,1,-0.41496428571428573,0.13498428571428558,0.7142857142857143,0.2857142857142857,-1.9598600000000008,-2.90475,0.9448899999999991
145,US,2020,1,-0.06552999999999898,0.0,1.0,0.0,-0.13105999999999796,-0.13105999999999796,0.0
1450,US,1930,11,-1.9419454545454544,1.600430909090909,0.5151515151515151,0.4848484848484848,-0.6414654545454548,-3.915294545454545,3.2738290909090906
1450,US,1940,18,-1.382804222222222,0.9449949047619047,0.5085978835978836,0.46309523809523806,-1.8321866666666666,-7.61492,5.782733333333334
1450,US,1950,53,-0.7918354150943395,1.4890873234501347,0.4342542677448338,0.5619721473495058,3.0146445283018872,-4.02134716981132,7.035991698113207
1450,US,1960,72,-0.996215928240741,1.0926793158068784,0.47868165784832445,0.514373897707231,-0.40756416666666684,-6.172792666666667,5.7652285
1450,US,1970,86,-1.9228488444075307,1.2486229324473976,0.534703765227021,0.449390919158361,-6.408951627906977,-16.722001395348837,10.31304976744186
1450,US,1980,110,-1.283662670995671,1.5391363658008657,0.4920670995670996,0.4908874458874459,2.014866545454545,-9.631402909090909,11.646269454545456
1450,US,2000,55,-0.21085052575757576,0.3850142727272727,0.3748484848484849,0.6206060606060606,0.8321311999999998,-0.9745011636363636,1.8066323636363633
1450,US,2010,208,-0.5354824307158119,0.40461816728479855,0.5909817612942613,0.40805670024420027,-0.5553952307692307,-3.3957573173076927,2.840362086538462
1451,US,1970,1,-1.5621,5.2578,0.25,0.75,14.782799999999998,-6.2484,21.0312
1451,US,1980,1,-0.7112000000000004,3.1496000000000013,0.3333333333333333,0.6666666666666666,7.315200000000003,-2.1336000000000013,9.448800000000004
1451,US,2000,247,-0.9523929395508002,0.7911156039232696,0.5180065548486601,0.4800655484866011,-0.1987742510121458,-3.7018146558704452,3.5030404048582997
1451,US,2010,151,-0.8105318638442132,1.1716350727005151,0.47580153474193204,0.5241984652580679,1.2605499470198676,-4.116586291390728,5.377136238410596
1451,US,2020,39,-1.1496493760683761,0.17942141025641023,0.7478632478632479,0.25213675213675213,-2.5775140512820514,-3.015956512820513,0.43844246153846156
1453,US,1970,1,-1.828800000000001,0.0,1.0,0.0,-5.486400000000003,-5.486400000000003,0.0
1453,US,2000,5,-0.1491229999999998,0.040919499999999685,0.65,0.35,-0.4328140000000005,-0.5964919999999992,0.16367799999999874
1453,US,2010,5,-0.3327198000000004,0.002743200000000172,0.9199999999999999,0.08,-3.2214320000000014,-3.2488640000000033,0.027432000000001722
1453,US,2020,4,-0.29121166666666676,0.0,1.0,0.0,-0.8736350000000002,-0.8736350000000002,0.0
1454,US,2000,6,-6.190233333333333,0.16230416666666692,0.7916666666666666,0.20833333333333334,-24.111716666666666,-24.76093333333333,0.6492166666666677
1454,US,2010,6,-0.692528333333334,0.018440000000000605,0.6166666666666667,0.21666666666666667,-6.740883333333334,-6.92528333333334,0.18440000000000603
1454,US,2020,5,-0.2392666666666666,0.007419999999999998,0.8,0.2,-0.6955399999999997,-0.7177999999999998,0.02225999999999999
1456,US,1970,1,-1.1048999999999998,3.75666,0.5,0.5,5.303520000000001,-2.2097999999999995,7.51332
1456,US,1980,2,-0.44577000000000006,2.5184100000000003,0.125,0.875,8.29056,-1.7830800000000002,10.073640000000001
1456,US,2000,29,-0.11219132758620692,0.10811242528735635,0.4683908045977011,0.5316091954022988,-0.00930696551724142,-0.4079063448275863,0.39859937931034495
1456,US,2010,26,-0.1556893076923077,0.12501392307692313,0.5846153846153845,0.4153846153846154,-0.1321776923076921,-0.6331634615384616,0.5009857692307695
1456,US,2020,1,-0.2580633333333348,0.46786666666666576,0.6666666666666666,0.3333333333333333,0.6294099999999929,-0.7741900000000044,1.4035999999999973
1457,US,1960,1,-0.8991599999999998,0.6299199999999999,0.5,0.5,-1.6154399999999995,-5.394959999999999,3.7795199999999998
1457,US,1970,1,-2.4764999999999997,2.119884,0.6,0.4,-3.56616,-24.764999999999997,21.198839999999997
1457,US,1980,1,-0.12700000000000009,1.8999199999999998,0.3333333333333333,0.6666666666666666,5.318759999999999,-0.3810000000000002,5.6997599999999995
1457,US,2000,49,-0.18688627609329447,0.1787817260447036,0.49863945578231295,0.501360544217687,-0.03884644897959183,-0.9705702857142857,0.9317238367346939
1457,US,2010,23,-0.21116345217391302,0.11406982236024844,0.565734989648033,0.4255693581780538,-0.452031652173913,-0.9948406956521738,0.5428090434782609
1458,US,1950,5,-0.46925483999999995,0.55414164,0.53,0.47000000000000003,0.5766816000000001,-2.1028151999999998,2.6794968000000003
1458,US,1960,3,-0.35514280000000004,0.3962908,0.4666666666666666,0.5,0.3047999999999998,-2.6903680000000008,2.995168
1458,US,1970,7,-0.8026037142857143,1.1919857142857142,0.41428571428571426,0.5857142857142856,2.2748965714285716,-4.946686285714286,7.221582857142857
1458,US,1980,8,-0.3403917500000001,1.025763125,0.2791666666666667,0.7083333333333334,3.6044504999999996,-2.8403550000000006,6.4448055
1458,US,1990,2,-0.255651,0.614172,0.375,0.625,1.4340840000000001,-1.022604,2.456688
1458,US,2000,244,-0.23837210967993755,0.3400568383099141,0.4880220530835285,0.5107094067135051,0.3258861639344262,-1.2136411475409836,1.5395273114754098
1458,US,2010,233,-0.2206484495810341,0.5600722589822195,0.4300105593024048,0.5699894406975952,1.032859982832618,-1.0079461888412018,2.0408061716738195
1458,US,2020,23,-0.3469087826086956,0.32360704347826086,0.5,0.5,-0.09124121739130435,-0.9304351304347825,0.8391939130434782
1459,US,2000,22,-0.2403301818181818,0.06792190909090909,0.587121212121212,0.4128787878787879,-0.5470467272727273,-0.7229994545454544,0.17595272727272723
1459,US,2010,25,-0.3422364986666666,0.4468865306666666,0.374,0.5993333333333333,0.3687470399999999,-1.6414087999999998,2.01015584
1459,US,2020,4,-0.7522844999999999,0.4718685,0.625,0.375,-0.5608319999999998,-1.5045689999999998,0.943737
146,US,1960,2,-0.6765928333333333,0.05543549999999997,0.75,0.25,-2.014729,-2.236471,0.22174199999999988
146,US,1970,2,-0.2348146444444445,0.4247558444444445,0.41666666666666663,0.5833333333333333,1.7617439999999998,-2.2219930000000003,3.9837370000000005
146,US,1980,1,-0.292608,0.26327100000000003,0.375,0.625,-0.23469599999999957,-2.340864,2.1061680000000003
146,US,1990,1,-0.7406639999999999,0.6858,0.6666666666666666,0.3333333333333333,-0.3291839999999997,-4.4439839999999995,4.1148
146,US,2000,1,-0.7991856,1.44658,0.6,0.4,3.2369719999999997,-3.995928,7.2329
146,US,2010,1,-0.8839199999999998,0.3581399999999997,0.5,0.5,-1.0515600000000003,-1.7678399999999996,0.7162799999999994
1460,US,1950,1,-1.185672,1.022985,0.5,0.5,-1.3014960000000002,-9.485376,8.18388
1460,US,1960,4,-0.48950245,0.41556199166666663,0.6013888888888889,0.39861111111111114,-0.628269,-4.122801,3.494532
1460,US,1970,7,-0.7543255714285715,0.9976212857142858,0.6071428571428571,0.39285714285714285,1.3803085714285714,-4.759234285714285,6.139542857142857
1460,US,1980,9,-0.3909483333333333,0.4274114444444444,0.4861111111111111,0.5138888888888888,0.32088666666666676,-3.4916533333333333,3.8125400000000003
1460,US,2000,5,-0.34795968,0.5154168,0.44000000000000006,0.5599999999999999,0.8372856000000002,-1.7397984000000002,2.577084
1460,US,2010,7,-0.6550297142857142,1.7141372857142858,0.4642857142857143,0.5,4.704806285714286,-3.6334337142857143,8.33824
1461,US,1950,3,-1.8381133333333333,0.2407073333333333,0.7222222222222222,0.27777777777777773,-5.6906159999999995,-6.541008000000001,0.8503919999999999
1461,US,1960,4,-0.3149854000000001,0.40020239999999996,0.4083333333333333,0.5916666666666667,-0.0723900000000004,-2.8209240000000007,2.748534
1461,US,1970,5,-0.32501840000000004,0.49502906666666674,0.49111111111111116,0.48888888888888893,1.6520160000000004,-3.1821120000000005,4.8341280000000015
1461,US,1980,7,-0.23741742857142856,0.781158857142857,0.23809523809523808,0.6904761904761905,1.353312,-0.9139645714285713,2.2672765714285714
1461,US,2000,95,-0.1389566584962406,0.11445150240601502,0.5426817042606517,0.45468671679198,-0.09541844210526317,-0.7188627789473684,0.6234443368421052
1461,US,2010,91,-0.1788458659340659,0.2045082395604396,0.4652014652014652,0.5347985347985348,0.1223554285714286,-0.8328911208791209,0.9552465494505494
1461,US,2020,17,-0.1853303529411765,0.2026770588235294,0.40196078431372545,0.5980392156862745,0.10219764705882349,-0.44895247058823534,0.5511501176470589
1462,US,2000,102,-0.1066955637254902,0.1642700532212885,0.4363562091503268,0.5636437908496732,0.11848352941176468,-0.4983629411764706,0.6168464705882353
1462,US,2010,36,-0.05727825992063491,0.23179875026455024,0.2445436507936508,0.7554563492063492,0.6899062222222222,-0.298577,0.9884832222222223
1462,US,2020,6,-0.3114040000000002,0.5935981666666666,0.4166666666666667,0.5833333333333334,0.564388333333333,-0.6228080000000004,1.1871963333333333
1463,US,1950,1,-2.2860000000000014,0.1524000000000001,0.5,0.5,-4.2672000000000025,-4.572000000000003,0.3048000000000002
1463,US,1980,1,0.0,1.2192000000000007,0.0,1.0,2.4384000000000015,0.0,2.4384000000000015
1463,US,1990,1,-0.25908000000000014,1.630680000000001,0.3,0.7,13.716000000000008,-2.5908000000000015,16.30680000000001
1463,US,2000,1,-0.22860000000000014,1.8669000000000011,0.25,0.75,6.553200000000004,-0.9144000000000005,7.4676000000000045
1464,US,1940,2,-4.247726666666667,1.4626166666666667,0.7638888888888888,0.18055555555555555,-13.65504,-19.56054,5.9055
1464,US,1950,3,-3.7229062222222224,0.3609057777777777,0.8222222222222223,0.17777777777777778,-19.50212,-22.80412,3.301999999999999
1464,US,1960,6,-1.3175023809523807,0.6853156349206347,0.5466269841269841,0.41170634920634913,-4.277353333333331,-7.653009999999996,3.375656666666664
1464,US,1970,6,-1.5303076666666657,1.89344275,0.4694444444444444,0.5305555555555556,3.9242966666666717,-14.386559999999994,18.310856666666663
1464,US,1980,7,-0.541382857142857,1.9133449999999994,0.1869047619047619,0.7392857142857142,7.080065714285712,-2.549434285714284,9.629499999999995
1464,US,1990,7,-0.6352179047619045,0.4755606666666666,0.5809523809523809,0.3904761904761905,-0.3178631428571421,-4.289407428571428,3.9715442857142853
1464,US,2000,55,-0.5126592123376625,0.2563995396103897,0.61495670995671,0.38277056277056276,-1.2783864000000005,-2.241109636363637,0.9627232363636367
1464,US,2010,29,-0.27206526436781614,0.2355797816091953,0.4557471264367816,0.5442528735632184,-0.23853406896551765,-0.9543942068965519,0.7158601379310341
1464,US,2020,25,-0.6659562533333336,0.18044094666666669,0.7533333333333333,0.24666666666666665,-1.3144183200000004,-1.8517186400000005,0.53730032
1465,US,1950,1,-2.5069800000000004,1.423035,0.5,0.5,-8.671560000000001,-20.055840000000003,11.38428
1465,US,1960,1,-2.0802600000000004,0.3749040000000008,0.7,0.3,-17.053559999999997,-20.802600000000005,3.749040000000008
1465,US,1970,1,-1.0637519999999996,1.2039599999999993,0.5,0.5,1.402079999999998,-10.637519999999995,12.039599999999993
1465,US,1990,15,-0.17437933333333336,0.07479439999999991,0.538888888888889,0.46111111111111114,-0.3405632000000004,-0.6380474666666668,0.2974842666666664
1465,US,2000,76,-0.24553975795739336,0.1318830735588971,0.5640977443609023,0.43590225563909774,-0.5005933947368421,-0.989036026315789,0.4884426315789469
1465,US,2010,145,-0.4381998637931034,0.22344315632183906,0.7355172413793104,0.26448275862068965,-1.4972403034482757,-2.3227441793103445,0.825503875862069
1465,US,2020,149,-0.5778973780760625,0.26478247651006714,0.785234899328859,0.21029082774049215,-0.782823261744966,-1.5668248590604021,0.7840015973154363
1466,US,1950,5,-4.217365199999999,1.9755612,0.6216666666666667,0.3783333333333333,-14.191487999999998,-27.688032,13.496544
1466,US,1960,9,-3.231811333333334,3.755531111111112,0.5574074074074074,0.4425925925925926,2.8515733333333326,-22.64494666666667,25.49652
1466,US,1970,9,-3.3867315555555555,1.479445555555556,0.5944444444444444,0.39166666666666666,-12.08024,-22.658154444444445,10.577914444444446
1466,US,1980,10,-0.9182862,4.981067,0.2975,0.6925,12.239244000000001,-7.043927999999999,19.283172
1466,US,1990,4,-1.5127605,2.0088225,0.55,0.425,5.366766000000001,-12.673583999999998,18.04035
1466,US,2000,145,-2.0690182466666664,0.3565026956650246,0.7636124794745485,0.23638752052545153,-4.8000323862068965,-5.744607379310345,0.9445749931034482
1466,US,2010,425,-3.411162879439776,0.9174557798095239,0.7111372549019608,0.27788235294117647,-8.34834675764706,-12.35623371764706,4.0078869599999996
1466,US,2020,199,-2.264314078726968,2.340482304857621,0.6373534338358459,0.36264656616415414,-0.2444907236180904,-5.32449567839196,5.0800049547738695
1467,US,1930,1,-3.4725428571428574,1.5566571428571419,0.7142857142857143,0.2857142857142857,-13.411200000000008,-24.3078,10.896599999999992
1467,US,1940,1,-5.880735,2.4764999999999997,0.875,0.125,-27.23388,-47.04588,19.811999999999998
1467,US,1950,5,-1.1415815999999999,2.288036000000001,0.20666666666666664,0.7933333333333333,9.674352000000003,-2.9199919999999993,12.594344000000001
1467,US,1960,8,-1.3104287500000003,2.032503541666667,0.3579861111111111,0.6420138888888889,6.816092499999999,-12.294872500000002,19.110965
1467,US,1970,9,-2.119468962962963,2.4581884814814816,0.5083333333333333,0.49166666666666664,1.7424466666666685,-18.650366666666667,20.392813333333336
1467,US,1980,8,-0.9620270000000003,2.3047857499999997,0.28125,0.71875,6.288026249999998,-5.692150000000001,11.98017625
1467,US,1990,9,-0.3455964074074072,0.7131775555555558,0.487037037037037,0.512962962962963,1.5494042222222248,-2.900347555555555,4.44975177777778
1467,US,2000,113,-0.7166608699536451,0.2841220372524232,0.6079856721449641,0.39201432785503576,-1.4441719115044243,-2.209732530973451,0.7655606194690266
1467,US,2010,69,-0.8782904308143549,0.6265252565562457,0.555952380952381,0.444047619047619,-2.2926040579710145,-4.620193768115943,2.3275897101449274
1467,US,2020,4,-1.7929841666666662,0.054610833333333275,0.8333333333333333,0.16666666666666666,-5.215119999999999,-5.378952499999999,0.16383249999999983
1468,US,1920,1,-0.6035039999999998,0.12801600000000005,0.6,0.4,-2.377439999999999,-3.0175199999999993,0.6400800000000002
1468,US,1930,1,-1.00584,0.38099999999999934,0.5,0.5,-1.2496800000000015,-2.01168,0.7619999999999987
1468,US,1940,1,-0.2933700000000006,0.19431000000000043,0.5,0.5,-0.7924800000000012,-2.3469600000000046,1.5544800000000034
1468,US,1950,1,-0.21335999999999994,0.6568440000000001,0.5,0.5,4.434840000000001,-2.1335999999999995,6.568440000000001
1468,US,1960,5,-0.8058404000000001,1.2777724000000004,0.44666666666666666,0.5533333333333333,3.429000000000001,-6.882383999999999,10.311384
1468,US,1970,6,-1.4399824444444445,1.400160888888889,0.4407407407407407,0.5259259259259259,-0.27177999999999997,-11.269979999999999,10.998199999999999
1468,US,1980,6,-0.3232150000000001,1.4014449999999998,0.25,0.75,2.7736799999999993,-2.9845000000000006,5.758179999999999
1468,US,1990,16,-0.44228543749999993,0.140001625,0.6302083333333334,0.3697916666666667,-1.0125075,-1.7600295,0.747522
1468,US,2000,214,-0.9518096229862038,0.5211180439697374,0.6445149087672452,0.3548175344904317,-1.6021437009345794,-3.579127691588785,1.9769839906542055
1468,US,2010,199,-0.6895827296003829,0.4445199698253171,0.6069753529552524,0.39302464704474754,-1.5292768040201008,-3.0960478894472367,1.5667710854271357
1468,US,2020,20,-0.7975346833333333,0.13173721666666657,0.6583333333333333,0.3416666666666667,-1.9762469000000003,-2.3634193,0.38717239999999975
1469,US,1950,1,-1.6001999999999985,2.006600000000001,0.6666666666666666,0.3333333333333333,1.2192000000000078,-4.800599999999996,6.019800000000004
1469,US,1960,5,-1.8639535999999999,2.707132,0.33666666666666667,0.63,1.7556479999999985,-6.056376,7.812023999999999
1469,US,1970,6,-4.237318714285714,1.8522224285714284,0.33809523809523806,0.6077380952380952,-10.053320000000001,-23.246080000000003,13.19276
1469,US,1980,6,-1.7466370476190478,2.008015142857143,0.376984126984127,0.6063492063492063,-2.1717,-13.58392,11.41222
1469,US,1990,16,-0.6514940416666666,1.237456,0.4302083333333333,0.5697916666666667,3.47062375,-4.607909,8.078532749999999
1469,US,2000,72,-0.6307857144841269,0.17205099384920639,0.6895171957671957,0.30770502645502645,-1.8438070555555557,-2.4617465555555555,0.6179395
1469,US,2010,122,-0.2577628090163934,0.1748815270491803,0.6148907103825136,0.37793715846994536,-0.2301366229508197,-1.031623524590164,0.8014869016393441
1469,US,2020,34,-0.1891251960784314,0.09405439215686284,0.6862745098039216,0.3137254901960784,-0.2852124117647057,-0.5673755882352942,0.28216317647058853
147,US,1950,2,-0.0760476,0.06743699999999997,0.3666666666666667,0.5833333333333333,-0.0937260000000002,-0.626364,0.5326379999999998
147,US,1960,3,-0.24783142857142867,0.21360699285714288,0.3535714285714286,0.6464285714285715,-0.3413740000000005,-1.8409920000000006,1.4996180000000001
147,US,1970,4,-0.63939505,0.02918469999999999,0.6,0.375,-1.2793995,-1.5582924999999999,0.27889299999999995
147,US,1980,3,-0.0850899999999999,0.08467788888888882,0.3814814814814815,0.6185185185185186,-0.032512666666666475,-0.7376159999999992,0.7051033333333326
147,US,1990,3,-0.22402808333333332,0.16065508333333256,0.5833333333333334,0.4166666666666667,-0.05740400000000142,-0.5958846666666671,0.5384806666666656
147,US,2000,1,-0.05384999999999973,0.010669999999999588,0.6666666666666666,0.3333333333333333,-0.25908000000000087,-0.3230999999999984,0.06401999999999752
147,US,2010,2,-0.1513335,0.012649500000000025,0.95,0.05,-0.7467599999999998,-0.873255,0.12649500000000025
1470,US,1930,2,-2.65303,0.20065999999999976,0.9166666666666667,0.08333333333333333,-9.532620000000001,-10.73658,1.2039599999999986
1470,US,1940,3,-3.9735759999999978,0.5384799999999993,0.8333333333333334,0.16666666666666666,-12.557759999999996,-15.859759999999993,3.301999999999996
1470,US,1950,3,-3.2616502857142855,1.2708708571428573,0.6476190476190476,0.3523809523809524,-15.758159999999998,-25.05964,9.30148
1470,US,1960,20,-2.6981519111111116,1.9657141055555567,0.50125,0.49874999999999997,-2.811785999999997,-13.194781,10.382995000000005
1470,US,1970,23,-1.787601691511387,4.032522992753623,0.2849551414768806,0.7150448585231194,19.159403043478257,-13.027019130434782,32.186422173913044
1470,US,1980,60,-0.6328259666666667,1.6595794361111114,0.28125,0.71875,4.990108966666667,-2.771672833333333,7.7617818
1470,US,1990,54,-2.211804160493827,1.2049385432098765,0.6224279835390946,0.37139917695473246,-3.6826619259259252,-8.015366222222221,4.332704296296296
1470,US,2000,27,-0.6562465185185185,0.2727206296296295,0.5493827160493827,0.4506172839506173,-1.4664831111111112,-2.494505333333333,1.0280222222222217
1470,US,2010,9,-0.8373157283950616,1.951321395061728,0.271604938271605,0.7283950617283951,2.848861555555555,-7.535841555555556,10.384703111111111
1470,US,2020,1,-5.894829999999999,0.0,1.0,0.0,-17.684489999999997,-17.684489999999997,0.0
1471,US,1920,1,-0.46863,0.10668,0.75,0.25,-2.8956,-3.74904,0.85344
1471,US,1940,3,-0.7374466666666667,0.0733213333333333,0.6888888888888888,0.3111111111111111,-2.5806400000000003,-2.9819600000000004,0.40131999999999984
1471,US,1950,7,-0.7078435714285716,0.3200400000000001,0.6964285714285714,0.30357142857142855,-3.085011428571429,-4.84632,1.761308571428572
1471,US,1960,10,-0.7887207999999999,0.6035759666666666,0.6177777777777778,0.37222222222222223,-2.1305520000000007,-6.975347999999999,4.844796
1471,US,1970,10,-0.9750382666666667,0.6724438333333334,0.5683333333333334,0.43166666666666664,-2.8788360000000006,-9.15162,6.272784
1471,US,1980,10,-0.5593841999999999,0.9558528000000001,0.3933333333333333,0.5966666666666667,1.883664000000001,-4.027931999999998,5.911596
1471,US,1990,7,-0.9069977142857143,0.7257350204081632,0.5938775510204081,0.4061224489795919,-2.3787462857142856,-8.529174857142857,6.15042857142857
1471,US,2000,337,-0.8241080806415149,0.26265066953511373,0.7316129715981348,0.2615126466016674,-1.9751354302670623,-3.130980925816024,1.1558454955489614
1471,US,2010,447,-0.6248039251411527,0.6220966675242356,0.48408969851922873,0.5080430382443806,-0.28212410738255034,-2.596009427293065,2.3138853199105145
1471,US,2020,125,-0.6564946133333333,0.2748502133333333,0.6906666666666667,0.3093333333333333,-1.0404292,-1.7167679200000001,0.67633872
1472,US,1960,5,-1.0443464000000002,0.7090664000000002,0.5266666666666666,0.47333333333333333,-2.6883360000000005,-8.183880000000002,5.495544000000001
1472,US,1970,5,-1.0544555999999998,0.8746997999999999,0.5650000000000001,0.43499999999999994,-1.8775679999999995,-9.491471999999998,7.613904
1472,US,1980,4,-1.1167109999999998,0.7219949999999999,0.65,0.35,-3.9471599999999984,-11.167109999999997,7.21995
1472,US,1990,4,-0.9631680000000005,0.6419850000000001,0.575,0.425,-3.2118300000000035,-9.631680000000005,6.419850000000002
1472,US,2000,26,-0.4450888141025639,0.5079842884615383,0.7358974358974358,0.2641025641025641,0.43955730769230755,-1.4090549999999995,1.8486123076923069
1472,US,2010,24,-1.3036212118055557,0.0769334791666666,0.8795138888888889,0.12048611111111111,-3.8964237500000003,-4.340797500000001,0.44437374999999985
1472,US,2020,11,-1.2587315151515153,0.02313696969696969,0.9393939393939394,0.0606060606060606,-2.5481281818181825,-2.617539090909091,0.06941090909090906
1473,US,1960,3,-1.3570857142857145,1.3788571428571428,0.4761904761904762,0.5238095238095238,0.15239999999999979,-9.4996,9.652
1473,US,1970,26,-0.3478972115384616,1.5165899551282052,0.14903846153846154,0.8317307692307693,1.7976744615384617,-2.1165434615384617,3.914217923076923
1473,US,1980,75,-0.891159595809524,1.0387324892910053,0.46391005291005283,0.5360899470899471,-0.3152438666666668,-5.027899466666667,4.7126556
1473,US,1990,44,-0.8025362272727271,0.8093882499999999,0.47121212121212125,0.5265151515151515,0.031449227272727504,-3.2294585454545452,3.2609077727272724
1473,US,2000,298,-0.8120926529269202,0.1798623797352722,0.7046140939597315,0.291079418344519,-2.518844496644295,-3.354927268456376,0.8360827718120806
1473,US,2010,334,-0.63815895368311,0.23567249206824445,0.6297725976618193,0.3538850869689193,-2.555410251497006,-3.98268222754491,1.4272719760479042
1473,US,2020,134,-0.9131754303482588,0.052458671641791056,0.8830845771144278,0.10945273631840796,-2.5012930447761192,-2.6493486865671643,0.1480556417910448
1474,US,1960,6,-0.2937933333333333,0.30691666666666656,0.45555555555555555,0.5166666666666667,0.17525999999999994,-1.8541999999999996,2.02946
1474,US,1970,6,-0.416814,0.309372,0.5666666666666667,0.39999999999999997,-1.0744200000000002,-4.16814,3.09372
1474,US,1980,6,-0.38489466666666666,0.13017499999999996,0.65,0.35000000000000003,-2.1717,-3.4239200000000003,1.2522199999999997
1474,US,1990,5,-0.2529404571428572,0.4272425142857143,0.32857142857142857,0.5857142857142857,1.6123920000000005,-2.4993600000000002,4.111752000000001
1474,US,2000,454,-0.2864945509492343,0.17245003276693938,0.5928728760226557,0.40712712397734424,-0.3479776497797356,-1.03924968061674,0.6912720308370045
1474,US,2010,314,-0.15215574590284098,0.32638516194773026,0.38699322616520065,0.6110959458093216,0.6794129235668789,-1.117038286624204,1.7964512101910828
1474,US,2020,128,-0.5334018437499999,0.04267803645833334,0.87109375,0.12630208333333331,-1.40742525,-1.5160938124999999,0.10866856249999998
1475,US,1950,1,-1.5000514285714286,0.2830285714285716,0.7142857142857143,0.2857142857142857,-8.51916,-10.50036,1.9812000000000012
1475,US,1960,5,-0.7430008,0.06065519999999995,0.86,0.13999999999999999,-4.60248,-5.001768,0.3992879999999996
1475,US,1970,8,-0.7771311785714285,0.1250089642857142,0.8151785714285714,0.18482142857142855,-5.78624625,-6.87933625,1.0930899999999995
1475,US,1980,9,-0.5474826111111111,0.44771755555555576,0.5388888888888889,0.46111111111111114,0.41148111111111124,-2.8597011111111117,3.271182222222223
1475,US,1990,5,-0.3983583999999999,0.5655412,0.425,0.575,1.3075920000000003,-3.303117999999999,4.610709999999999
1475,US,2000,96,-0.3891844697420635,0.28363178757440477,0.5523065476190476,0.4476934523809524,-0.5170807291666666,-2.0280470833333335,1.5109663541666667
1475,US,2010,36,-0.3618479745370371,0.43185023148148155,0.524537037037037,0.475462962962963,0.5891522222222222,-2.221738055555556,2.8108902777777782
1475,US,2020,8,-1.675319375,0.0,1.0,0.0,-3.4627162499999997,-3.4627162499999997,0.0
1476,US,1960,5,-0.5004138666666667,0.9020725333333333,0.37777777777777777,0.6222222222222222,3.9806879999999993,-4.858512,8.8392
1476,US,1970,7,-0.9885498571428573,1.192929142857143,0.5214285714285715,0.46071428571428574,1.4151428571428575,-6.651171428571429,8.066314285714286
1476,US,1980,24,-0.3856566666666667,0.2583603333333333,0.5770833333333333,0.4145833333333333,-0.2500630000000001,-1.4589759999999998,1.208913
1476,US,1990,33,-0.17090724242424243,0.3584055454545455,0.5992424242424242,0.40075757575757576,0.48190751515151514,-0.6947590303030304,1.1766665454545455
1476,US,2000,386,-0.3817695867197138,0.18473277793609674,0.535874660745127,0.4299222797927461,-0.7418286787564766,-1.6417111813471503,0.8998825025906736
1476,US,2010,466,-0.27630124951801893,0.26350853694904286,0.5264612712037604,0.4711552217453505,-0.31427748927038623,-1.9495327811158798,1.6352552918454935
1476,US,2020,264,-0.4591983421717172,0.14238431313131314,0.7676767676767676,0.22285353535353533,-0.9062778484848485,-1.331231378787879,0.4249535303030303
1477,US,1960,3,-2.514664507936508,2.8179082539682536,0.4121693121693122,0.5878306878306878,4.759959999999996,-20.14728,24.90723999999999
1477,US,1970,5,-0.7503159999999998,0.7011125714285715,0.5447619047619048,0.42666666666666664,-0.1127759999999985,-6.708647999999998,6.595872
1477,US,1980,9,-0.3660187037037037,0.47695555555555547,0.4981481481481482,0.4629629629629629,0.6053666666666664,-3.1931186666666664,3.798485333333333
1477,US,1990,7,-0.30459196190476207,0.40825299047619057,0.5301587301587302,0.46984126984126984,1.0154194285714278,-2.525050285714287,3.5404697142857153
1477,US,2000,429,-0.1309439357864358,0.1504147817182817,0.45778943278943274,0.5342518592518593,0.01688478787878785,-0.619745738927739,0.6366305268065268
1477,US,2010,480,-0.1567031311656746,0.1799890850892857,0.4493419312169312,0.549130291005291,-0.1339087875,-1.0732768458333335,0.9393680583333333
1477,US,2020,167,-0.24266268263473056,0.08091041916167666,0.7235528942115769,0.27644710578842313,-0.4474626107784431,-0.6898972814371258,0.24243467065868268
1478,US,1940,1,-0.6664228571428575,0.09470571428571464,0.7142857142857143,0.2857142857142857,-4.00202,-4.664960000000002,0.6629400000000025
1478,US,1950,1,-0.6056379999999999,0.33253699999999975,0.6,0.4,-2.7310100000000013,-6.056379999999999,3.3253699999999977
1478,US,1960,6,-0.5338676825396825,0.43705538095238095,0.48346560846560843,0.5165343915343915,-1.48336,-4.1148,2.6314399999999996
1478,US,1970,7,-0.798485775510204,0.38137630612244894,0.7306122448979592,0.2693877551020408,-3.8883771428571436,-7.616298571428572,3.727921428571428
1478,US,1980,8,-0.3787775000000001,0.6821805000000001,0.45208333333333334,0.5479166666666666,1.8623280000000002,-3.5429190000000004,5.405247000000001
1478,US,1990,125,-0.24497583657142857,1.0255917393333334,0.22304126984126985,0.7769587301587302,4.477597552,-1.9896000800000002,6.467197632
1478,US,2000,2681,-0.2647289267043806,0.2697889843866006,0.5214066653641439,0.47669061532358803,0.034290660574412546,-1.4019869522566206,1.4362776128310333
1478,US,2010,2460,-0.13335756120209058,0.4566015945341334,0.30718479803845655,0.6908546264034069,1.4687766804878049,-0.9303542739837399,2.399130954471545
1478,US,2020,971,-0.47282430072090625,0.09614384963954685,0.7370408513559904,0.2596979059388946,-1.0757776766220393,-1.356540578784758,0.2807629021627188
1479,US,1960,5,-0.2690367999999999,0.37307519999999994,0.4533333333333333,0.5466666666666666,0.30480000000000024,-1.0241279999999997,1.3289279999999999
1479,US,1970,2,-0.8296275,0.7705725000000001,0.4375,0.5625,-0.47243999999999886,-6.63702,6.164580000000001
1479,US,1980,24,-0.6013877498015873,0.7263074833333333,0.45615079365079364,0.5202380952380953,-0.5180968333333335,-3.455670083333333,2.93757325
1479,US,1990,16,-1.4597188374999999,1.5784955458333332,0.49895833333333334,0.5010416666666666,0.25907999999999964,-4.848319749999999,5.107399749999999
1479,US,2000,395,-0.3117484144786016,0.11251112150693189,0.6787030339561985,0.3171197508539281,-0.8944566886075949,-1.453251630379747,0.5587949417721519
1479,US,2010,317,-0.19659215835962146,0.28199943202643835,0.4307833859095689,0.5535751840168244,0.01966302208201888,-1.015907066246057,1.0355700883280756
1479,US,2020,117,-0.6361202108262107,0.01361180056980057,0.9102564102564102,0.08689458689458689,-1.7836661538461538,-1.8142634017094015,0.030597247863247863
148,US,1950,3,-0.1299825904761904,0.08108033333333335,0.430952380952381,0.569047619047619,-0.06857999999999927,-0.5532113333333327,0.48463133333333347
148,US,1960,75,-0.6140945814603176,0.4223593925714286,0.5337301587301587,0.45915873015873016,-1.0988850666666667,-2.8314093600000003,1.7325242933333338
148,US,1970,109,-1.1191965955439056,0.2606030733944954,0.7441896024464831,0.2491590214067278,-3.9591562201834862,-5.431927504587156,1.4727712844036696
148,US,1980,96,-0.9751420485119047,0.3971463113095239,0.6371279761904761,0.34169146825396823,-3.2358329791666662,-5.125942229166666,1.89010925
148,US,1990,9,-0.2512331296296294,0.08660288888888898,0.7148148148148148,0.28518518518518515,-0.6527804444444433,-1.190922666666666,0.5381422222222229
148,US,2000,21,-0.4586322095238099,0.036960604761904915,0.8539682539682539,0.146031746031746,-1.4642740000000005,-1.6301722857142864,0.16589828571428583
148,US,2010,15,-0.22194498888888906,0.01570058666666691,0.8444444444444444,0.15555555555555553,-0.8007087999999997,-0.8710160000000005,0.0703072000000007
148,US,2020,2,-0.018288000000000082,0.013716000000000061,0.75,0.25,-0.009144000000000041,-0.036576000000000164,0.027432000000000123
1480,US,1960,2,-0.6880225000000002,0.6845300000000001,0.375,0.625,0.5714999999999986,-4.358640000000001,4.93014
1480,US,1970,3,-1.331976,1.6723359999999996,0.4833333333333334,0.5166666666666667,-1.7780000000000011,-12.710160000000002,10.932160000000001
1480,US,1980,7,-1.5767378095238096,1.388175380952381,0.4047619047619047,0.5952380952380952,-1.4134014285714296,-12.749567142857144,11.336165714285714
1480,US,1990,7,-1.3412653333333329,0.7560925714285717,0.4761904761904762,0.5238095238095238,-4.021837142857141,-8.060654285714284,4.038817142857144
1480,US,2000,15,-0.5549475333333335,0.29678188888888896,0.6377777777777778,0.3488888888888889,-0.7120126666666666,-1.699360666666667,0.9873480000000003
1480,US,2010,11,-0.32584546320346314,0.3190713160173159,0.5093073593073593,0.4906926406926406,0.024246363636363132,-1.7870954545454545,1.8113418181818175
1480,US,2020,13,-0.6982851282051283,0.07266384615384616,0.8333333333333333,0.16666666666666666,-1.4414692307692307,-1.6521338461538462,0.2106646153846154
1481,US,1970,8,-0.1862149910714285,0.14899488392857144,0.5709821428571429,0.4290178571428571,-0.21164574999999972,-1.0942327499999998,0.8825869999999999
1481,US,1980,9,-0.16848644444444452,0.2964461481481482,0.4185185185185185,0.5814814814814815,0.3246124444444443,-0.933364666666667,1.257977111111111
1481,US,1990,9,-0.09963573333333334,0.08334586666666666,0.5666666666666667,0.43333333333333335,-0.08331200000000005,-0.6803813333333334,0.5970693333333332
1481,US,2000,426,-0.19454360656159178,0.08435834179521573,0.600802034428795,0.3947043371339146,-0.41353906103286386,-0.8149427934272301,0.40140373239436616
1481,US,2010,333,-0.08274815497402165,0.19468493450116783,0.4093974927308261,0.5760593927260594,0.42033117717717716,-0.44035374174174174,0.8606849189189189
1481,US,2020,167,-0.2908726007984032,0.09490016966067864,0.716566866267465,0.27744510978043907,-0.43162970059880235,-0.7068530778443113,0.27522337724550894
1482,US,1940,1,-0.510159,0.005714999999999915,0.75,0.25,-2.0177760000000005,-2.040636,0.02285999999999966
1482,US,1950,2,-1.7865724999999997,0.28448,0.9166666666666667,0.08333333333333333,-10.759439999999998,-12.46632,1.70688
1482,US,1960,5,-0.4006088,0.6541007999999998,0.32,0.6799999999999999,2.2829519999999994,-3.453384,5.736336
1482,US,1970,6,-0.871093,0.6183629999999999,0.4666666666666666,0.5333333333333333,-2.428240000000001,-7.807959999999999,5.379719999999999
1482,US,1980,6,-0.4452619999999999,1.027049,0.425,0.5416666666666666,4.6329600000000015,-3.723639999999999,8.3566
1482,US,1990,7,-0.49410257142857156,0.7269480000000001,0.42142857142857143,0.5785714285714285,1.7232085714285705,-3.4080994285714294,5.1313080000000015
1482,US,2000,743,-0.27828080613343587,0.23648733778119593,0.4980099980772928,0.49311670832532206,-0.25041802153432036,-1.3006980834454913,1.050280061911171
1482,US,2010,628,-0.23516081397988073,0.2782731364952987,0.4802971135375594,0.5161579971691437,0.16980220700636944,-1.5770584713375797,1.7468606783439493
1482,US,2020,319,-0.5007494702194357,0.17935587042842216,0.6980146290491118,0.2998955067920585,-1.0125856990595612,-1.4763786206896552,0.463792921630094
1483,US,2000,206,-0.22867073072122054,0.2595899463938974,0.4778490522422561,0.5196370781322237,0.134874,-1.2500055145631066,1.384879514563107
1483,US,2010,183,-0.260540952276867,0.3334337144418423,0.4648148148148148,0.5346387370977534,0.2672037923497268,-1.2800434426229508,1.5472472349726778
1483,US,2020,27,-0.2771139259259259,0.05215466666666663,0.7407407407407407,0.25925925925925924,-0.6708419999999999,-0.8273059999999999,0.1564639999999999
1484,US,1960,1,-0.519684,0.20573999999999995,0.4,0.6,-3.1394400000000005,-5.19684,2.0573999999999995
1484,US,1970,3,-1.0398034285714286,1.0186851428571428,0.5333333333333333,0.4666666666666666,-0.5333999999999998,-8.86968,8.33628
1484,US,1980,3,-0.9980929999999999,0.8888729999999999,0.5333333333333333,0.4666666666666666,-2.34188,-7.868919999999999,5.5270399999999995
1484,US,1990,2,-1.280922,1.370838,0.45,0.55,0.8991600000000002,-12.80922,13.70838
1484,US,2000,167,-0.5684809082976904,0.502930600427716,0.5166238950670089,0.48337610493299116,-0.5296858083832335,-2.0368216646706587,1.507135856287425
1484,US,2010,109,-0.29459076633901266,0.5435607659895151,0.3751856705985146,0.6248143294014853,1.175129981651376,-2.4396582935779816,3.6147882752293574
1484,US,2020,68,-1.0121301274509804,0.1517574558823529,0.7549019607843137,0.24509803921568624,-2.493084705882353,-2.937352882352941,0.4442681764705881
1485,US,1950,2,-0.70485,0.0,1.0,0.0,-3.5814000000000004,-3.5814000000000004,0.0
1485,US,1960,7,-0.5023653469387753,0.30584364625850335,0.5846938775510203,0.4153061224489796,-1.6807542857142848,-4.158342857142856,2.4775885714285706
1485,US,1970,9,-0.7164493333333334,0.17458266666666672,0.6888888888888889,0.3111111111111111,-3.9556266666666664,-5.701453333333334,1.745826666666667
1485,US,1980,7,-0.3714446904761906,0.5014081269841268,0.41904761904761906,0.5650793650793651,0.5695414285714272,-3.1581628571428575,3.727704285714285
1485,US,1990,70,-0.04402957505668935,0.4835245520408164,0.11801020408163265,0.8802040816326531,2.3598264285714285,-0.38494071428571436,2.744767142857143
1485,US,2000,1745,-0.1578054055414563,0.26375834466457454,0.437030063219175,0.5585646063583026,0.4872861455587392,-0.8046675839541547,1.291953729512894
1485,US,2010,1556,-0.14482921799434856,0.3652444725476395,0.32150048965601663,0.6764314787611703,0.9441699588688945,-0.7185478174807198,1.6627177763496142
1485,US,2020,472,-0.3024828375706215,0.08481126483050849,0.7369350282485875,0.2598870056497175,-0.6220891440677966,-0.8733587033898306,0.25126955932203393
1486,US,1940,2,-0.2781300000000002,0.23241000000000045,0.5,0.5,-0.09143999999999952,-0.5562600000000004,0.4648200000000009
1486,US,1950,2,-0.8191499999999998,0.516255,0.4375,0.5625,-2.4231599999999984,-6.553199999999999,4.13004
1486,US,1960,4,-0.34785299999999997,1.8592799999999996,0.275,0.725,1.916429999999999,-3.4785299999999997,5.394959999999998
1486,US,1970,4,-0.6491287500000001,0.31499175,0.6875,0.3125,-3.234690000000001,-6.305550000000001,3.07086
1486,US,1980,4,-0.3559492500000001,0.9169717500000001,0.3625,0.6375,4.01193,-3.0670500000000005,7.078980000000001
1486,US,1990,3,-0.3596639999999998,0.30860999999999994,0.5833333333333334,0.4166666666666667,0.2438400000000002,-2.5145999999999993,2.75844
1486,US,2000,116,-0.3658484926518883,0.4528472862889984,0.42898193760262726,0.5695812807881773,0.4371908793103449,-1.724156620689655,2.1613474999999998
1486,US,2010,251,-0.4370118925061658,0.548422948940745,0.4897995320306077,0.5097024600012648,1.0775045976095619,-2.154207203187251,3.2317118007968126
1486,US,2020,77,-0.8468425281385281,0.021256831168831175,0.8225108225108225,0.16017316017316016,-2.3889984415584413,-2.452768935064935,0.06377049350649353
1487,US,2000,108,-0.15380539947089944,0.147541914021164,0.5102292768959436,0.4897707231040564,-0.05064477777777777,-0.6316274444444444,0.5809826666666666
1487,US,2010,81,-0.27159352427983535,0.35644002921810697,0.3946502057613169,0.5991769547325103,0.6226574814814815,-2.223421925925926,2.8460794074074074
1488,US,1950,1,-1.1130280000000001,0.39928800000000003,0.6666666666666666,0.3333333333333333,-4.28244,-6.678168,2.395728
1488,US,1960,2,-0.5021579999999999,0.5425439999999999,0.5,0.5,0.8229600000000001,-3.3299399999999997,4.1529
1488,US,1970,2,-0.768096,0.653796,0.55,0.45,-1.1429999999999998,-7.68096,6.53796
1488,US,1980,1,0.0,3.39471,0.0,1.0,13.57884,0.0,13.57884
1488,US,2000,55,-0.2138032135064935,0.27515193246753245,0.4146753246753247,0.5807792207792207,0.29210923636363634,-1.1117995636363636,1.4039088
1488,US,2010,34,-0.40167261176470587,0.3274470882352941,0.5799019607843137,0.4200980392156863,-1.2266855294117647,-3.101205529411765,1.87452
1488,US,2020,12,-0.8932333333333333,0.0,1.0,0.0,-2.0495259999999997,-2.0495259999999997,0.0
1489,US,1950,1,-0.3149600000000004,1.4427200000000002,0.3333333333333333,0.6666666666666666,3.383279999999999,-0.9448800000000013,4.3281600000000005
1489,US,1960,1,-0.8945879999999997,0.23164799999999985,0.7,0.3,-6.629399999999999,-8.945879999999997,2.3164799999999985
1489,US,1970,1,-0.49529999999999996,0.34289999999999987,0.5,0.5,-1.524000000000001,-4.952999999999999,3.4289999999999985
1489,US,1980,1,-0.22860000000000014,0.7823199999999998,0.3333333333333333,0.6666666666666666,1.6611599999999989,-0.6858000000000004,2.3469599999999993
1489,US,2000,131,-0.20260585292620864,0.15558992264631044,0.49739185750636133,0.49780988731370407,-0.18905757251908398,-0.9623188702290076,0.7732612977099238
1489,US,2010,80,-0.08516270124999999,0.11007186499999999,0.35,0.60375,-0.01663059999999995,-0.3948683999999999,0.3782378
149,US,1940,2,-0.09334500000000001,0.08610600000000002,0.5,0.5,-0.201168,-0.37338000000000005,0.17221200000000003
149,US,1950,2,-0.2574037,0.2714247000000001,0.6,0.4,0.14021000000000017,-2.574037,2.7142470000000003
149,US,1960,16,-0.037918821874999994,0.22065361249999998,0.30104166666666665,0.6989583333333333,0.53063775,-0.21945587499999994,0.7500936249999999
149,US,1970,120,-0.9815276204166666,0.43233731734126984,0.6961805555555556,0.3006944444444445,-3.060788883333333,-5.475325483333333,2.4145365999999995
149,US,1980,135,-0.5441272392592593,0.4529957634567901,0.5037654320987653,0.4962345679012345,-0.382287140740741,-2.1200648444444443,1.7377777037037037
149,US,1990,5,-0.24973285,0.22938755000000005,0.625,0.375,-0.29809359999999974,-1.9257268,1.6276332000000004
149,US,2000,3,-0.5599921190476191,0.18146485714285712,0.6488095238095238,0.3511904761904762,-2.1605246666666673,-3.472180666666667,1.3116559999999997
149,US,2010,3,-0.4982209166666666,0.36237349999999996,0.6527777777777778,0.34722222222222215,-1.1104859999999996,-3.915155333333333,2.804669333333333
149,US,2020,1,-1.784604,0.0,1.0,0.0,-3.569208,-3.569208,0.0
1490,US,2000,78,-0.33704965238095236,0.2574707514041514,0.5247557997557997,0.47341269841269845,-0.3999131025641025,-1.5009640512820515,1.1010509487179487
1490,US,2010,49,-0.13279472342079687,0.3910086931000971,0.416715257531584,0.571622934888241,0.6864842040816326,-0.8015002040816324,1.4879844081632652
1490,US,2020,15,-0.14310366666666638,0.0,1.0,0.0,-0.28620733333333276,-0.28620733333333276,0.0
1491,US,1940,1,-0.28574999999999995,0.0,1.0,0.0,-0.5714999999999999,-0.5714999999999999,0.0
1491,US,1950,2,-0.19880580000000003,0.20398740000000004,0.675,0.325,0.0861059999999999,-1.1193780000000002,1.2054840000000002
1491,US,1960,4,-0.12296774999999997,0.22669499999999995,0.36875,0.60625,0.6286499999999999,-1.0629899999999999,1.6916399999999998
1491,US,1970,5,-0.25647226666666667,0.42211413333333325,0.4488888888888889,0.5511111111111111,-0.06461760000000005,-2.5481279999999997,2.4835103999999997
1491,US,1980,7,-0.21086354285714287,0.24701137142857146,0.5190476190476191,0.48095238095238096,0.18875828571428574,-2.057835428571429,2.2465937142857144
1491,US,1990,6,-0.2509393,0.27587575,0.5,0.5,0.224282,-2.493772,2.718054
1491,US,2000,120,-0.14528181126984127,0.16002467682539684,0.4850925925925926,0.512526455026455,0.059270899999999994,-0.6072886000000001,0.6665595
1491,US,2010,44,-0.2132942,0.3380924818181818,0.29090909090909095,0.7090909090909091,0.33122754545454547,-0.9892492272727273,1.3204767727272728
1492,US,1950,6,-0.5710554999999999,0.29423783333333325,0.5958333333333333,0.4041666666666666,-1.1582399999999995,-2.66192,1.5036800000000001
1492,US,1960,12,-0.3389947499999999,0.5155141666666666,0.4583333333333333,0.5416666666666666,1.0858499999999998,-3.173729999999999,4.259579999999999
1492,US,1970,12,-0.64944625,0.2507932499999999,0.5979166666666667,0.40208333333333335,-3.8849300000000007,-6.30555,2.4206199999999995
1492,US,1980,12,-0.4076417777777777,0.7985830555555556,0.4087962962962963,0.5912037037037037,1.8973800000000007,-2.8981399999999997,4.795520000000001
1492,US,1990,24,-0.16318466666666664,0.23167833333333335,0.3689814814814815,0.6310185185185185,0.3116583333333334,-0.9193535000000003,1.2310118333333337
1492,US,2000,1335,-0.19506349662386305,0.21663529171392903,0.5084667974555616,0.4882498067891326,0.11083990112359553,-1.0104211265917602,1.1212610277153559
1492,US,2010,1192,-0.24146811412591881,0.41161371886651754,0.40775340896985196,0.5887114493448385,0.2928189345637584,-1.3352373926174497,1.628056327181208
1492,US,2020,283,-0.32929887985865725,0.08446805064782094,0.7438162544169611,0.25265017667844525,-0.7131565017667844,-0.960513109540636,0.24735660777385154
1493,US,1930,1,-0.21145499999999995,0.2705099999999999,0.375,0.625,0.47243999999999975,-1.6916399999999996,2.1640799999999993
1493,US,1940,2,-0.45434249999999987,0.352425,0.5625,0.4375,-1.2725399999999993,-3.1089599999999993,1.83642
1493,US,1950,6,-0.5444490000000001,0.8710083333333332,0.5055555555555555,0.49444444444444446,0.8508999999999998,-3.7490399999999995,4.599939999999999
1493,US,1960,8,-0.6486524999999999,0.7819480714285714,0.44305555555555554,0.5212301587301588,1.064895,-6.3322199999999995,7.3971149999999986
1493,US,1970,9,-1.2573846666666666,1.1353376666666666,0.5,0.48888888888888893,-2.2521333333333335,-12.274973333333334,10.022839999999999
1493,US,1980,15,-1.5327376533333334,1.41547048,0.38999999999999996,0.61,1.0177264000000001,-5.9592464,6.9769727999999995
1493,US,1990,13,-0.9330218666666666,1.5010968846153847,0.3794871794871795,0.6205128205128205,2.642381846153846,-6.454373538461539,9.096755384615385
1493,US,2000,952,-0.34154252234393756,0.2678871712943511,0.5217741263171936,0.47601498932906494,-0.36391430672268915,-1.719934850840336,1.3560205441176472
1493,US,2010,884,-0.3004668679810386,0.43097728637147165,0.45872881203763555,0.5399460425195719,0.48619351923076926,-1.7136604886877829,2.1998540079185522
1493,US,2020,224,-0.5281431130952381,0.09506861755952381,0.6532738095238095,0.34375,-1.1582398839285715,-1.401617375,0.24337749107142856
1494,US,1940,2,-0.05333999999999994,0.17144999999999994,0.5,0.5,0.23621999999999999,-0.10667999999999989,0.34289999999999987
1494,US,1950,2,-0.29432250000000004,0.27813,0.4375,0.5625,-0.1295400000000002,-2.3545800000000003,2.22504
1494,US,1960,3,-0.19168533333333326,0.32816799999999996,0.41111111111111115,0.5555555555555555,0.9855200000000002,-1.6560799999999993,2.641599999999999
1494,US,1970,3,-0.40843199999999996,0.283464,0.6666666666666666,0.3333333333333333,-1.24968,-4.084319999999999,2.8346400000000003
1494,US,1980,7,-0.23062940816326533,0.4101270612244898,0.4561224489795918,0.5295918367346939,1.306938857142857,-1.6256725714285716,2.932611428571429
1494,US,1990,6,-0.2591816,0.3355086,0.5,0.5,0.7632699999999999,-2.591816,3.355086
1494,US,2000,207,-0.21625055599263862,0.18779110388773868,0.4978548424200598,0.5014550264550264,-0.056623565217391265,-1.059555458937198,1.0029318937198068
1494,US,2010,146,-0.1724464322243966,0.48646702159165034,0.2976842791911285,0.7023157208088715,0.9406420273972602,-1.1462880821917807,2.086930109589041
1495,US,1950,1,-0.73152,0.7848599999999999,0.5,0.5,0.10667999999999989,-1.46304,1.5697199999999998
1495,US,1960,1,-0.13258799999999998,0.164592,0.4,0.5,0.3200400000000001,-1.3258799999999997,1.6459199999999998
1495,US,1970,2,-0.22097999999999995,0.21259799999999995,0.55,0.45,-0.12953999999999988,-1.8668999999999998,1.7373599999999998
1495,US,1980,2,-0.15022285714285713,0.25799142857142854,0.5857142857142856,0.41428571428571426,0.6781799999999999,-1.02108,1.69926
1495,US,1990,2,-0.4022271428571428,0.47505257142857144,0.5857142857142856,0.36428571428571427,0.5029200000000004,-3.1241999999999996,3.62712
1495,US,2000,33,-0.12729358441558442,0.14037348484848483,0.43556998556998555,0.5644300144300144,0.08566727272727272,-0.5936210909090909,0.6792883636363636
1495,US,2010,19,-0.08674863909774436,0.054245328571428574,0.5572681704260652,0.41466165413533834,-0.1746985263157895,-0.4997115789473684,0.3250130526315789
1496,US,1930,1,-0.04571999999999991,0.1524000000000001,0.5,0.3333333333333333,0.6400800000000011,-0.27431999999999945,0.9144000000000005
1496,US,1950,1,-0.7162799999999999,0.44704000000000005,0.4444444444444444,0.4444444444444444,-2.4231599999999993,-6.44652,4.02336
1496,US,1960,1,-0.5090160000000001,0.8031480000000002,0.3,0.7,2.941320000000001,-5.090160000000001,8.031480000000002
1496,US,1970,2,-0.2979420000000001,1.1864340000000004,0.25,0.75,1.4782799999999998,-2.979420000000001,4.457700000000001
1496,US,1980,2,-0.7258049999999998,2.028825,0.25,0.75,5.21208,-2.9032199999999992,8.1153
1496,US,1990,11,-0.2830234199134199,0.30015779004328996,0.4875541125541126,0.5124458874458875,0.13937727272727257,-1.9117876363636361,2.0511649090909088
1496,US,2000,140,-0.30520658850340127,0.8636548688605442,0.4414795918367347,0.5570918367346939,2.3707125142857146,-1.0523548285714281,3.4230673428571428
1496,US,2010,55,-0.233812957056277,0.14436298549783547,0.6081385281385282,0.37852813852813855,-0.28900563636363635,-1.2293416727272723,0.940336036363636
1496,US,2020,5,-0.23510199999999984,0.008941333333333055,0.7333333333333333,0.26666666666666666,-0.6784820000000004,-0.7053059999999995,0.02682399999999916
1497,US,1950,1,-0.30479999999999985,0.4465319999999998,0.6,0.4,1.4173200000000001,-3.0479999999999983,4.465319999999998
1497,US,1960,1,-0.2560319999999999,0.43586399999999986,0.4,0.6,1.7983199999999995,-2.560319999999999,4.3586399999999985
1497,US,1970,1,-0.454152,0.35204399999999997,0.8,0.2,-1.0210800000000004,-4.54152,3.52044
1497,US,1980,1,-0.7437120000000002,0.6492240000000001,0.5,0.5,-0.9448799999999995,-7.437120000000001,6.492240000000002
1497,US,1990,1,-0.89154,0.9159240000000001,0.4,0.6,0.2438400000000005,-8.9154,9.15924
1497,US,2000,41,-0.540630318699187,0.49381750731707313,0.5060975609756098,0.49390243902439024,-0.45233058536585374,-2.447655463414634,1.9953248780487804
1498,US,1950,1,-2.09931,1.63068,0.5,0.5,-1.8745200000000004,-8.39724,6.52272
1498,US,1960,2,-0.2465070000000002,1.1624310000000004,0.275,0.725,3.901440000000001,-2.202180000000001,6.103620000000002
1498,US,1970,2,-0.7566659999999998,0.7269479999999999,0.55,0.45,-0.29718000000000044,-7.566659999999999,7.269479999999999
1498,US,1980,2,-0.7745729999999998,1.2953999999999999,0.5,0.5,1.24206,-6.2941199999999995,7.53618
1498,US,1990,1,-1.3563599999999998,1.347216,0.6,0.4,-0.09144000000000041,-13.563599999999997,13.472159999999999
1498,US,2000,129,-0.8655817850867479,0.1991729543373939,0.7504798818752306,0.24952011812476926,-2.168380387596899,-3.0054816589147286,0.8371012713178294
1498,US,2010,99,-0.4168385684944685,0.3455853888247555,0.5045775212441879,0.4954224787558121,-0.5169437575757577,-2.630854585858586,2.1139108282828283
1498,US,2020,10,-0.29082973333333334,0.030581533333333334,0.7666666666666666,0.2333333333333333,-0.7807446,-0.8724892000000001,0.0917446
1499,US,1960,1,-0.14096999999999982,0.22478999999999982,0.5,0.5,0.33528,-0.5638799999999993,0.8991599999999993
1499,US,1970,3,-0.6411524444444444,0.6521026666666666,0.41111111111111115,0.5888888888888889,0.10159999999999976,-5.9486799999999995,6.05028
1499,US,1980,3,-0.35356800000000005,0.325628,0.5333333333333333,0.4666666666666666,-0.2794000000000005,-3.5356800000000006,3.25628
1499,US,1990,3,-0.385064,0.380492,0.5666666666666667,0.39999999999999997,-0.045719999999999615,-3.85064,3.8049200000000005
1499,US,2000,3,-0.40030400000000005,0.5344160000000001,0.4666666666666666,0.5333333333333333,0.6705600000000004,-2.0015200000000006,2.672080000000001
15,US,1930,101,-0.7056433224029545,1.1006304963853528,0.5140539053905391,0.4776952695269527,2.0579734851485147,-4.702354514851485,6.760328
15,US,1940,86,-1.0660331590900702,0.5649295499538576,0.6220653377630122,0.3767718715393134,-3.3279201162790697,-6.5117685581395355,3.183848441860466
15,US,1950,195,-1.3854983373422873,0.5444875973056573,0.6817582417582418,0.3146805046805047,-4.263182974358974,-6.677941702564103,2.414758728205128
15,US,1960,284,-1.365358845129108,0.8081202631231835,0.5360468365750055,0.4628632908562486,-2.5576048661971833,-5.947227528169014,3.389622661971831
15,US,1970,454,-1.4583392303475284,1.4224503187976365,0.4955186700230753,0.5003181595692608,-0.49325240528634334,-8.716057894273128,8.222805488986785
15,US,1980,296,-0.9206229818693693,0.7207847497265124,0.5954552767052766,0.4030807593307593,-0.7407676418918917,-3.9728261013513513,3.2320584594594597
15,US,1990,257,-1.0146312284262862,1.1357681161200668,0.5099715891544685,0.4845160891853499,-0.0893633774319065,-5.055551844357977,4.96618846692607
15,US,2000,269,-1.1803487031332978,0.8537987678084616,0.5664822682480675,0.42186080132176784,-2.089223137546468,-7.5357163717472115,5.446493234200743
15,US,2010,399,-0.9851956388252376,0.5475250804252695,0.5680689819787564,0.42526455026455023,-2.2944171729323313,-5.642817654135339,3.3484004812030075
15,US,2020,217,-0.7101267388632874,0.29496162980030716,0.6367127496159753,0.35714285714285715,-1.1769923778801847,-2.002465824884793,0.8254734470046082
150,US,1990,13,-0.29055615384615385,0.051698999999999974,0.8461538461538461,0.15384615384615385,-0.4777143076923078,-0.5811123076923077,0.10339799999999995
150,US,2000,1,-0.05455899999999971,0.0015239999999998588,0.8,0.2,-0.5303499999999985,-0.5455899999999971,0.015239999999998588
150,US,2010,1,0.0,0.16408333333333402,0.0,1.0,0.9845000000000041,0.0,0.9845000000000041
1500,US,2000,941,-0.11932636815950609,0.3606428067911543,0.3589861343049441,0.6313319164009918,1.268683659936238,-0.6079253815090329,1.876609041445271
1500,US,2010,509,-0.8239532807231734,0.2009431520722238,0.6779056350765584,0.3173277824554838,-4.354337504911592,-5.743453273084479,1.389115768172888
1500,US,2020,222,-0.24854248948948948,0.25604346996997,0.6156156156156156,0.3821321321321321,0.02645717117117138,-0.7189985765765765,0.745455747747748
1501,US,2000,820,-0.19036028727351917,0.2307678588327526,0.5920397793263646,0.3988453348819202,0.2085985048780488,-1.0100904390243903,1.218688943902439
1501,US,2010,733,-0.16595442299530092,0.16116778417354208,0.5514671170878538,0.4453149700080123,-0.11653101773533425,-1.104394834924966,0.9878638171896317
1501,US,2020,236,-0.17327214689265538,0.07502903389830508,0.67090395480226,0.32909604519774005,-0.2764058050847458,-0.4812353389830509,0.20482953389830505
1502,US,1920,2,-2.742184,0.0,1.0,0.0,-15.058644000000001,-15.058644000000001,0.0
1502,US,1930,7,-0.5899467882086169,1.0047228562358277,0.3757369614512472,0.6242630385487529,2.4538574285714283,-4.708723142857144,7.162580571428572
1502,US,1940,7,-0.8011449714285714,0.4854157714285715,0.6285714285714287,0.37142857142857144,-1.8601502857142855,-4.453780571428572,2.593630285714286
1502,US,1950,1,-1.079754,0.0015240000000000364,0.9,0.1,-10.782300000000001,-10.797540000000001,0.015240000000000364
1502,US,1960,1,-0.17404100000000006,0.43708300000000017,0.3,0.7,2.630420000000001,-1.7404100000000007,4.3708300000000015
1502,US,1970,1,-0.158115,0.19621500000000003,0.5,0.5,0.3048000000000002,-1.26492,1.5697200000000002
1502,US,1990,62,-0.9004463118279571,0.5213963763440861,0.5134408602150538,0.4865591397849462,-1.1130362580645161,-2.975339483870968,1.8623032258064518
1502,US,2000,5021,-0.28130929492765305,0.19051756550661822,0.6551300411288461,0.337247686699987,-0.3790980143397729,-1.3173787460665205,0.9382807317267476
1502,US,2010,5633,-0.28644669938035217,0.15609303915489506,0.666252370526292,0.3262721941844967,-0.9393908151961654,-1.764485182673531,0.8250943674773655
1502,US,2020,2330,-0.21267770357653792,0.08766227138769671,0.6860515021459227,0.3103719599427754,-0.3273951416309013,-0.5632233553648068,0.23582821373390558
1503,US,1920,2,-1.6123919999999998,0.29718000000000006,0.8,0.2,-6.57606,-8.06196,1.4859000000000002
1503,US,1930,3,-0.6340056476190474,0.8087719714285715,0.44285714285714284,0.557142857142857,1.6266146666666677,-5.821679333333332,7.448294
1503,US,1940,3,-0.5707887999999999,0.5326887999999999,0.5,0.5,-1.9786600000000003,-4.873243999999999,2.8945839999999983
1503,US,1950,1,-0.971398,0.5507739999999999,0.6,0.4,-4.206240000000001,-9.71398,5.507739999999998
1503,US,1960,2,-0.4105658749999999,0.04853950000000005,0.85,0.15,-3.2476449999999986,-3.733039999999999,0.48539500000000046
1503,US,1970,2,-0.08724900000000008,0.4589524999999998,0.2,0.8,3.7170349999999974,-0.8724900000000009,4.589524999999998
1503,US,1980,2,-0.005714999999999915,0.5248275000000001,0.0625,0.9375,4.152900000000002,-0.04571999999999932,4.198620000000001
1503,US,1990,47,-0.3032793489361701,0.5921280709219858,0.30921985815602837,0.6641843971631205,0.5975051063829789,-0.8367736595744679,1.4342787659574467
1503,US,2000,4126,-0.12532415386688364,0.20082766652644093,0.4712505482076495,0.523295074210004,0.33620332331555985,-0.5200243347067378,0.8562276580222976
1503,US,2010,5230,-0.13403838464156725,0.16273501482078362,0.4851435551913564,0.509079562353941,0.18380098757170174,-0.8845333579349905,1.0683343455066923
1503,US,2020,2814,-0.11555801326699833,0.17076131520966595,0.4702677090736792,0.5232172470978441,0.1592042075337598,-0.3261988862828713,0.4854030938166311
1504,US,1930,3,-0.7194408888888889,0.7786055555555557,0.4296296296296296,0.5703703703703704,-0.4627899999999994,-5.77596,5.31317
1504,US,1940,5,-1.0963656499999999,0.471739,0.675,0.325,-5.734202399999999,-10.3656388,4.6314364
1504,US,1950,5,-0.8353044000000004,0.4231944000000004,0.6733333333333332,0.32666666666666666,-3.7533080000000005,-7.932420000000005,4.1791120000000035
1504,US,1960,6,-0.2742183833333332,1.6498571333333334,0.27499999999999997,0.7083333333333334,12.822429333333334,-2.528061999999999,15.350491333333332
1504,US,1970,79,-0.9101479575045209,1.0032158970464136,0.49961824392204135,0.49911593329314846,0.6853754936708861,-6.808383392405064,7.49375888607595
1504,US,1980,119,-0.54441587494998,0.7498090925970389,0.45032012805122046,0.5484793917567026,1.053289142857143,-3.21711287394958,4.270402016806723
1504,US,1990,78,-0.21125758217338217,0.3434006257631258,0.48992673992673996,0.51007326007326,0.546744794871795,-0.9951527435897435,1.5418975384615383
1504,US,2000,6764,-0.22748751833269973,0.21870903950888457,0.5575870856917575,0.4375876488975247,0.04881959846244826,-1.0917026682436428,1.140522266706091
1504,US,2010,6650,-0.18811793440458288,0.24604367624609141,0.5111379639575128,0.48485451724549467,0.16731222917293234,-1.2503274409022556,1.4176396700751879
1504,US,2020,2491,-0.1345254790579419,0.1572804683527365,0.540412150408136,0.45349926401712826,0.07040198875953431,-0.381604467282216,0.45200645604175027
1505,US,2000,59,-0.08955266343825682,0.2697332526230826,0.26828087167070214,0.7246569814366425,1.0179661016949124,-0.5854237288135602,1.6033898305084726
1505,US,2010,45,-0.1431227513227509,0.0777153439153444,0.563068783068783,0.4002116402116402,-0.29844444444444207,-0.661888888888887,0.36344444444444485
1506,US,1940,8,-0.14943710714285713,0.13763291071428588,0.4754464285714286,0.5245535714285714,-0.021526249999999275,-0.72066175,0.6991355000000008
1506,US,1950,15,-0.45377263888888897,0.18872351666666665,0.5611111111111111,0.40555555555555556,-1.4612116000000002,-2.166416266666667,0.7052046666666666
1506,US,1960,51,-1.1523416702147524,0.3420438225023343,0.6948957360722066,0.2976735138499844,-3.4148656862745095,-4.731900431372549,1.3170347450980393
1506,US,1970,226,-0.4752976729842674,0.26055444905885655,0.5752335299901671,0.42388151425762044,-1.1801152389380531,-2.712133088495575,1.5320178495575218
1506,US,1980,457,-0.438865813565003,0.2885967328297037,0.5413306241533813,0.4536365530895072,-0.5602286739606126,-2.2146989584245076,1.654470284463895
1506,US,1990,120,-0.37109845125661384,1.5302203817857143,0.38629960317460316,0.6002281746031746,6.860958683333334,-2.2888068500000003,9.149765533333333
1506,US,2000,51,-0.37672529738562116,0.2883011895424838,0.4772331154684096,0.5227668845315904,-0.18135525490196053,-1.417409294117647,1.2360540392156867
1506,US,2010,5,-0.14936723999999996,0.4954519999999999,0.355,0.645,0.9299439999999997,-0.7976615999999996,1.7276055999999993
1506,US,2020,4,-0.09397983333333328,0.32931099999999996,0.25,0.75,0.5642615,-0.28193949999999984,0.8462009999999998
1507,US,1950,1,-0.7696200000000006,0.3810000000000011,0.5,0.5,-0.777239999999999,-1.5392400000000013,0.7620000000000022
1507,US,1960,1,-0.14173200000000002,0.3459480000000001,0.2,0.7,2.042160000000001,-1.4173200000000001,3.459480000000001
1507,US,1970,1,0.0,0.8778240000000004,0.0,1.0,4.389120000000002,0.0,4.389120000000002
1507,US,1980,1,-0.8648700000000007,0.44577000000000044,0.75,0.25,-1.676400000000001,-3.4594800000000028,1.7830800000000018
1508,US,1980,1,-0.53721,0.32384999999999975,0.5,0.5,-0.8534400000000009,-2.14884,1.295399999999999
1508,US,2000,32,-0.08385417410714288,0.13819464732142858,0.4925595238095238,0.48660714285714285,0.39476318749999995,-0.4106706875,0.805433875
1508,US,2010,32,-0.150764875,0.32568040625,0.4427083333333333,0.5572916666666666,0.6283644375,-0.5871210000000001,1.2154854375000002
1508,US,2020,11,-0.6921269090909091,0.017687636363636367,0.9090909090909091,0.09090909090909091,-2.023317818181818,-2.0763807272727273,0.0530629090909091
1509,US,1980,1,-0.20193,0.30860999999999994,0.5,0.5,0.42671999999999977,-0.80772,1.2344399999999998
151,US,1960,9,-0.8434132698412697,0.5339377936507936,0.7005291005291006,0.2994708994708995,-1.5322979999999997,-4.994148444444445,3.461850444444445
151,US,1970,14,-0.9517761573129252,0.6855074469387754,0.5731292517006803,0.42687074829931976,-1.6345990000000004,-5.94294642857143,4.3083474285714285
151,US,1980,13,-0.6942882756410256,0.7797476923076923,0.4525641025641025,0.5474358974358974,1.226233692307692,-3.477766615384615,4.704000307692307
151,US,1990,6,-0.6563707222222223,0.06570166666666684,0.8888888888888888,0.1111111111111111,-2.2148816666666664,-2.4772650000000005,0.2623833333333341
151,US,2000,2,-1.0952466666666667,0.06324583333333382,0.5833333333333333,0.41666666666666663,-3.0525699999999993,-3.189730000000001,0.1371600000000015
151,US,2010,2,-0.6005837500000004,0.22898062500000016,0.875,0.125,-1.0729000000000006,-2.904745000000002,1.8318450000000013
151,US,2020,1,-1.0561350000000012,2.410969999999999,0.5,0.5,2.7096699999999956,-2.1122700000000023,4.821939999999998
1510,US,2000,23,-0.3312259391304348,0.15675444347826084,0.6818840579710145,0.3036231884057971,-0.533665043478261,-1.2974540869565219,0.7637890434782608
1510,US,2010,23,-0.12032274492753621,0.38274082028985507,0.3432367149758454,0.6567632850241546,2.042888869565217,-1.018628347826087,3.0615172173913043
1510,US,2020,11,-0.24120763636363637,0.06333836363636365,0.4848484848484848,0.5151515151515151,-0.5656810909090909,-0.7236229090909091,0.1579418181818182
1511,US,1980,1,-1.6611600000000002,2.2174200000000006,0.5,0.5,2.225040000000001,-6.644640000000001,8.869680000000002
1511,US,2010,4,-0.10972799999999999,0.04248149999999998,0.75,0.25,-0.13449300000000003,-0.21945599999999998,0.08496299999999996
1512,US,1980,1,-3.79984,3.8252400000000004,0.3333333333333333,0.6666666666666666,0.07620000000000005,-11.39952,11.47572
1515,US,1910,3,-1.1383433333333335,0.5595619999999999,0.38888888888888884,0.611111111111111,-1.4833600000000005,-3.86588,2.3825199999999995
1515,US,1920,3,-0.36321999999999877,0.3602566666666666,0.611111111111111,0.38888888888888884,0.3657600000000036,-1.737359999999996,2.1031199999999997
1515,US,1930,7,-0.576289714285715,0.9345017142857147,0.46190476190476193,0.49523809523809526,1.0537342857142835,-5.059680000000005,6.1134142857142875
1515,US,1940,12,-0.3869281507936506,0.43012984920634917,0.40641534391534395,0.5415013227513227,-0.03429333333333203,-3.3000983333333322,3.265805
1515,US,1950,11,-1.3099620714285716,0.4620144090909088,0.7931818181818181,0.20681818181818182,-7.557654545454548,-11.270118181818184,3.7124636363636356
1515,US,1960,15,-0.6662716698412694,0.540282419047619,0.5631746031746032,0.413968253968254,-1.0415013333333318,-5.419241999999997,4.377740666666665
1515,US,1970,9,-0.4949020388888889,1.5518551481481482,0.36944444444444446,0.4694444444444444,0.8481904444444438,-4.033858444444444,4.882048888888889
1515,US,1980,18,-1.0698726534391538,0.5322740751322756,0.5387566137566138,0.4533068783068783,-0.4299395555555544,-3.4269687777777786,2.997029222222224
1515,US,1990,60,-1.046507122936508,1.3564433451190476,0.4961706349206349,0.5010515873015873,1.9358074333333337,-6.4525923,8.388399733333333
1515,US,2000,594,-0.5891157809991449,0.4000463347923681,0.6377585377585377,0.32481561648228313,-1.2120606397306397,-3.089898185185185,1.8778375454545455
1515,US,2010,639,-0.36265337416225746,0.3124489616228233,0.5428285763966515,0.4507383809027002,-0.5083121721439752,-2.4919713834115806,1.9836592112676055
1515,US,2020,304,-0.3787428015350878,0.22220386403508793,0.6589912280701754,0.34100877192982454,-0.44482170394736814,-1.1077186447368423,0.6628969407894743
1516,US,1910,6,-0.9804400000000002,1.3989049999999998,0.5416666666666666,0.4583333333333333,0.281939999999999,-3.921760000000001,4.2037
1516,US,1920,11,-1.456886272727273,0.8986520000000001,0.7287878787878787,0.27121212121212124,-1.1748654545454542,-6.435436363636364,5.26057090909091
1516,US,1930,41,-0.7164792764227641,1.5122096504065041,0.4302168021680217,0.5697831978319783,4.841116097560976,-4.548210731707317,9.389326829268292
1516,US,1940,46,-1.2411133742236025,0.7657221780538302,0.5562025534851621,0.42927881297446513,-3.8903414782608694,-10.167034869565217,6.276693391304348
1516,US,1950,73,-2.2432830763209393,1.2578392407045011,0.6542237442922374,0.33420852359208525,-7.225638356164383,-15.464529041095892,8.238890684931507
1516,US,1960,81,-2.322369841269841,1.2640146292377032,0.6623652753282383,0.32950715265530084,-8.634156172839505,-17.560883209876543,8.926727037037036
1516,US,1970,35,-1.511923234013605,2.967132403741496,0.39435374149659863,0.6020748299319727,5.134399142857143,-7.2104358857142845,12.344835028571428
1516,US,1980,41,-3.103435134552846,0.7191582788617886,0.751219512195122,0.24878048780487802,-6.814324341463414,-10.912174634146341,4.097850292682927
1516,US,1990,70,-1.5138629299659865,2.279384729829932,0.45649092970521543,0.5435090702947846,2.475651028571428,-7.216205342857142,9.691856371428571
1516,US,2000,247,-1.6213049325428959,0.44791468205128204,0.7398849688323372,0.2116091510828353,-7.022111060728745,-10.12329686639676,3.101185805668016
1516,US,2010,142,-0.931248358931366,0.697462469483568,0.6580985915492958,0.31549295774647884,-2.6056315774647887,-7.77362285915493,5.16799128169014
1516,US,2020,64,-3.039705442708333,0.4437261458333333,0.8359375,0.1640625,-7.29943640625,-8.625435625,1.3259992187499998
1517,US,1960,1,-0.22097999999999995,0.17526000000000005,0.3333333333333333,0.6666666666666666,-0.27431999999999945,-1.3258799999999997,1.0515600000000003
1517,US,1970,1,-0.04952999999999985,0.1028699999999998,0.5,0.5,0.21335999999999977,-0.1981199999999994,0.4114799999999992
1517,US,1980,1,-0.022860000000000012,0.1280160000000002,0.4,0.6,0.525780000000001,-0.11430000000000007,0.6400800000000011
1517,US,1990,4,-0.1496064583333332,0.4085914583333333,0.4583333333333333,0.5416666666666666,0.9342125000000001,-0.5726449999999996,1.5068574999999997
1517,US,2000,557,-0.27506886765837396,0.12379527462597248,0.6318329486193041,0.3483115328716765,-0.5936363231597845,-1.1735441795332135,0.579907856373429
1517,US,2010,418,-0.17322078136819327,0.08025741405217594,0.6451298701298701,0.34904875825928455,-0.4749777511961723,-0.9326698995215312,0.45769214832535904
1517,US,2020,142,-0.0774986455399061,0.07797627699530517,0.5105633802816901,0.4823943661971831,-0.017461521126760565,-0.225219338028169,0.20775781690140846
1518,US,2000,37,-0.3809895080437581,0.24427323037323057,0.5328185328185329,0.46718146718146714,-1.1994691891891882,-2.2447283783783787,1.0452591891891903
1518,US,2010,11,-0.15350836363636408,0.22398190909090915,0.5303030303030303,0.46969696969696967,0.20989654545454436,-0.4484714545454558,0.6583680000000002
1519,US,1920,4,-1.4636750000000005,0.5537200000000009,0.5208333333333333,0.47916666666666663,-2.876549999999999,-4.602480000000002,1.7259300000000026
1519,US,1930,3,-0.7929880000000004,0.4744720000000003,0.4666666666666666,0.5333333333333333,-3.185160000000001,-7.929880000000004,4.744720000000004
1519,US,1940,5,-2.3791926,0.4965191999999998,0.705,0.29500000000000004,-11.158728000000002,-14.734032000000003,3.575304
1519,US,1950,6,-2.017376857142858,0.6699310476190483,0.6968253968253969,0.27936507936507937,-6.982460000000002,-9.756140000000004,2.7736800000000024
1519,US,1960,7,-1.5151085714285715,1.5111741632653068,0.5826530612244898,0.41734693877551027,-0.3222171428571404,-8.786937142857145,8.464720000000003
1519,US,1970,13,-1.4319167011599512,2.0685769575702078,0.33391330891330895,0.6550976800976801,6.099512307692306,-8.136988461538461,14.236500769230767
1519,US,1980,17,-1.6251213333333332,2.510280882352941,0.3769607843137255,0.6053921568627451,8.357436470588237,-9.335126470588236,17.692562941176472
1519,US,1990,23,-2.06514982194617,1.4067599430641822,0.5194616977225673,0.4395445134575569,-2.765727391304348,-12.996669130434782,10.230941739130435
1519,US,2000,79,-1.6669139189270645,1.2460434458509142,0.5537120755475186,0.4367942535664055,-3.1547744303797476,-10.108172658227849,6.9533982278481
1519,US,2010,86,-0.4471587939276485,1.2577281479328166,0.4753229974160207,0.5111111111111111,4.511376046511628,-3.4799672093023246,7.991343255813953
1519,US,2020,52,-1.0003795064102563,0.6300272628205128,0.5416666666666666,0.4583333333333333,-1.1129617307692306,-3.001109192307692,1.8881474615384615
152,US,1930,1,-0.26517599999999997,0.34747199999999995,0.6,0.4,0.41148000000000007,-1.3258799999999997,1.7373599999999998
152,US,1940,4,-0.1419225,0.16257270000000001,0.4,0.55,0.08267699999999994,-1.1791950000000002,1.261872
152,US,1950,5,-0.31650722285714283,0.11488057142857144,0.6428571428571429,0.3571428571428571,-1.4252447999999998,-2.4950927999999997,1.069848
152,US,1960,4,-0.21558068571428574,0.33957985714285716,0.27321428571428574,0.6955357142857143,0.9605009999999998,-1.6756380000000002,2.636139
152,US,1970,6,-0.1712722666666667,0.19230911111111118,0.4444444444444444,0.4861111111111111,0.3926840000000002,-1.448054666666667,1.8407386666666674
152,US,1980,5,-0.16208256000000004,0.23207476000000002,0.4416666666666666,0.4583333333333333,0.3310123999999998,-1.2454136000000005,1.5764260000000003
152,US,1990,4,-0.47853581250000005,0.2280283125,0.59375,0.40625,-1.6489680000000002,-3.3383205,1.6893525
152,US,2000,6,-0.5321721944444443,0.3404446944444441,0.5277777777777778,0.47222222222222215,-0.7246613333333342,-1.756917333333333,1.0322559999999987
152,US,2010,11,-0.1182745154401153,0.21745001038961026,0.4461760461760462,0.5538239538239538,0.23220254545454538,-0.8167256363636354,1.0489281818181808
152,US,2020,4,-0.5946143333333336,0.3157218333333334,0.5416666666666666,0.4583333333333333,-0.5768350000000003,-1.2100570000000008,0.6332220000000004
1520,US,1920,12,-1.6400569444444442,0.12176124999999995,0.8368055555555555,0.15277777777777776,-5.878703333333333,-6.600063333333332,0.7213599999999997
1520,US,1930,13,-0.48323745054945033,0.9142682087912086,0.5937728937728938,0.39084249084249084,1.4972715384615383,-3.398753846153846,4.896025384615384
1520,US,1940,13,-0.4060223141025641,0.11041510256410263,0.7760683760683761,0.2239316239316239,-1.6009038461538447,-2.3488361538461535,0.7479323076923087
1520,US,1950,14,-1.725546857142857,0.7308272857142859,0.6910714285714287,0.23750000000000002,-4.0609057142857115,-7.750625714285712,3.6897200000000008
1520,US,1960,17,-1.6030449836601306,0.578436248366013,0.6674836601307189,0.26781045751633986,-7.639644705882354,-11.98609117647059,4.346446470588235
1520,US,1970,10,-1.4535221857142857,2.352486733333334,0.5641666666666667,0.39666666666666667,7.264602000000005,-11.360214000000001,18.624816000000003
1520,US,1980,7,-1.80496,1.4369142857142865,0.45952380952380956,0.5261904761904762,-0.19942571428571196,-7.0016885714285735,6.802262857142861
1520,US,1990,23,-0.9739481714975843,0.8623776480331261,0.5003450655624568,0.473567977915804,-1.5870808695652168,-5.9650604347826075,4.377979565217392
1520,US,2000,58,-1.7269349707170223,0.5321581060481664,0.6552134646962233,0.33485221674876847,-4.432765172413792,-8.448139310344827,4.015374137931034
1520,US,2010,59,-0.6326531435835352,0.7181750073446328,0.5966437987624429,0.3849542641915524,0.18481681355932175,-4.7508736271186445,4.935690440677966
1520,US,2020,33,-0.8356039494949499,0.332800848484849,0.6161616161616161,0.3838383838383838,-1.3139606666666663,-2.312363212121213,0.9984025454545471
1529,US,1960,3,-0.1899283333333334,0.2472055000000001,0.4861111111111111,0.5138888888888888,-0.0751826666666664,-1.3416266666666672,1.2664440000000006
1529,US,1970,3,-0.2390986666666667,0.3039529523809524,0.42063492063492064,0.5793650793650794,0.4378933333333331,-1.5082520000000004,1.9461453333333336
1529,US,1980,3,-0.1863449523809523,0.22965538095238092,0.4845238095238095,0.5154761904761904,0.37083800000000006,-1.4721806666666664,1.8430186666666664
1529,US,1990,3,-0.46115756190476187,0.18984704761904767,0.6793650793650793,0.3206349206349206,-0.974342666666666,-1.9395439999999997,0.9652013333333335
1529,US,2000,2,-0.137795,0.39204849999999997,0.375,0.625,1.2885389999999997,-0.81915,2.1076889999999997
1529,US,2010,2,-0.23279033333333327,0.17627600000000002,0.47916666666666663,0.5208333333333333,-0.6476979999999997,-1.3213059999999999,0.6736080000000002
153,US,1950,1,-0.1316736,0.08031479999999999,0.4,0.6,-0.5135880000000002,-1.3167360000000001,0.803148
153,US,1960,2,-0.154813,0.187452,0.5625,0.4375,0.23012399999999988,-1.207008,1.437132
153,US,1970,4,-0.7893312333333332,0.13289296666666672,0.5666666666666667,0.43333333333333335,-1.8760459999999994,-2.6479524999999997,0.7719065000000003
153,US,1980,4,-0.22062448333333332,0.14804216904761902,0.5928571428571429,0.40714285714285714,-0.237744,-1.1209025,0.8831585
153,US,1990,3,-0.09352015873015868,0.12293599999999998,0.753968253968254,0.19047619047619047,0.2377453333333335,-0.6228066666666664,0.8605519999999999
153,US,2000,33,-0.20742397575757582,0.03125885252525257,0.7656565656565656,0.22424242424242422,-0.522685696969697,-0.6398949090909092,0.11720921212121227
153,US,2010,2,-0.08641080000000001,0.13091160000000002,0.5,0.5,0.445008,-0.8641080000000001,1.3091160000000002
153,US,2020,2,-0.22402800000000003,0.0,1.0,0.0,-0.44805600000000007,-0.44805600000000007,0.0
154,US,1970,87,-0.23325170344827587,0.40591915172413795,0.4049808429118774,0.5950191570881226,0.7260195862068965,-0.9284838620689654,1.654503448275862
154,US,2000,3,-0.268732,0.11109959999999998,0.6,0.39999999999999997,-0.617728,-1.056132,0.43840399999999996
154,US,2010,24,-0.03357562500000002,0.13874750000000002,0.20833333333333334,0.78125,0.18643600000000005,-0.12185650000000008,0.3082925000000001
1550,Europe,2000,1,-0.04571428571429286,0.05642857142857695,0.5714285714285714,0.42857142857142855,0.07499999999998863,-0.32000000000005,0.39500000000003865
1550,Europe,2010,2,-0.09400000000000261,0.14150000000000204,0.35,0.6499999999999999,0.4749999999999943,-0.9400000000000261,1.4150000000000205
1551,Europe,2010,1,-0.442999999999995,0.27799999999999725,0.5,0.5,-1.6499999999999773,-4.42999999999995,2.7799999999999727
1552,Europe,2000,2,-0.14023809523809966,0.12291666666667127,0.45238095238095233,0.5476190476190476,-0.12749999999999773,-0.9675000000000296,0.8400000000000318
1552,Europe,2010,2,-0.09825000000000159,0.10375000000000228,0.45,0.55,0.05500000000000682,-0.9825000000000159,1.0375000000000227
1553,Europe,2010,187,-0.17277108356277057,0.16017362187318573,0.5044308632543927,0.49111280875986757,-0.110878765454545,-0.955659365593583,0.844780600139038
1556,Europe,2010,11,-0.3079545454545455,0.1944886363636364,0.5681818181818182,0.42045454545454547,-0.9077272727272724,-2.463636363636364,1.5559090909090911
1556,Europe,2020,11,-0.11113636363636364,0.11863636363636365,0.5454545454545454,0.36363636363636365,0.015000000000000003,-0.2222727272727273,0.2372727272727273
1557,Europe,1970,1,-1.0495,1.0975000000000001,0.6,0.4,0.4800000000000004,-10.495000000000001,10.975000000000001
1557,Europe,1980,1,-0.5035000000000004,0.7470000000000002,0.4,0.6,2.4349999999999987,-5.035000000000004,7.470000000000002
1557,Europe,1990,1,-0.46749999999999997,1.7316666666666667,0.5,0.5,7.585000000000001,-2.8049999999999997,10.39
1557,Europe,2010,30,-0.16459325396825397,0.1498710317460316,0.4799603174603175,0.49226190476190473,-0.10716666666666746,-1.2176666666666667,1.1104999999999992
1557,Europe,2020,30,-0.017416666666666646,0.3292500000000004,0.16666666666666666,0.8166666666666667,0.6236666666666675,-0.03483333333333329,0.6585000000000008
1558,Europe,2010,14,-0.14791666666666653,0.07348214285714273,0.6160714285714286,0.36607142857142855,-0.5885714285714287,-1.1764285714285705,0.5878571428571419
1558,Europe,2020,14,-0.09410714285714307,0.10214285714285716,0.6071428571428571,0.35714285714285715,0.016071428571428157,-0.18821428571428614,0.20428571428571432
1559,Europe,1900,2,-0.47527777777777785,0.5375000000000001,0.2222222222222222,0.5277777777777778,0.4725000000000006,-4.277500000000001,4.750000000000002
1559,Europe,1910,2,-0.39050000000000007,0.6795000000000001,0.5,0.5,1.4450000000000003,-1.9525000000000006,3.397500000000001
1559,Europe,1920,2,-0.7555000000000001,0.45425000000000004,0.55,0.4,-3.0125,-7.5550000000000015,4.5425
1559,Europe,1930,4,-0.5706408730158731,0.5122480158730158,0.5345238095238095,0.46547619047619043,-0.24500000000000022,-4.983750000000001,4.73875
1559,Europe,1940,3,-0.45516666666666666,0.2568333333333333,0.6666666666666666,0.3333333333333333,-2.1,-3.9883333333333333,1.888333333333333
1559,Europe,1950,8,-0.990412946428572,0.37437500000000035,0.7066964285714286,0.29330357142857144,-2.031250000000001,-4.156875000000001,2.1256250000000008
1559,Europe,1960,24,-0.8296294642857145,0.9076299603174603,0.513640873015873,0.4780257936507937,-0.18062500000000048,-6.529583333333335,6.348958333333335
1559,Europe,1970,61,-0.8280906843611762,1.305667056986729,0.5198022378350248,0.47527972937809004,2.3820491803278685,-5.899344262295081,8.28139344262295
1559,Europe,1980,64,-0.7454965277777778,0.7070167100694444,0.47890625,0.52109375,-0.9786718749999999,-5.133515625,4.15484375
1559,Europe,1990,27,-0.5238402410346856,0.7584309964726631,0.4685920047031158,0.5224132863021752,1.104629629629629,-3.8318518518518525,4.936481481481481
1559,Europe,2000,14,-0.3672006802721089,0.49708801020408167,0.44727891156462585,0.5527210884353742,1.3014285714285714,-2.3850000000000002,3.6864285714285714
1559,Europe,2010,42,-0.3043333333333334,0.23729265873015873,0.49642857142857144,0.48234126984126985,-0.5248809523809526,-2.2558333333333334,1.730952380952381
1559,Europe,2020,31,-0.11459677419354818,0.33362903225806445,0.2903225806451613,0.6935483870967742,0.4380645161290325,-0.22919354838709635,0.6672580645161289
156,US,1990,1,-1.7114499999999992,0.6045199999999985,0.6666666666666666,0.3333333333333333,-3.3207900000000024,-5.134349999999998,1.8135599999999954
156,US,2000,1,-1.2235812500000005,1.7604100000000003,0.375,0.5,4.294629999999998,-9.788650000000004,14.083280000000002
1566,Europe,1960,1,-0.135,0.47000000000000003,0.5,0.5,0.67,-0.27,0.9400000000000001
1566,Europe,1970,5,-0.21733333333333338,0.09713333333333332,0.54,0.45999999999999996,-0.6150000000000003,-0.9650000000000002,0.3499999999999999
1566,Europe,1980,12,-0.1666653439153439,0.08926785714285712,0.6261904761904762,0.3738095238095238,-0.42916666666666675,-1.24375,0.8145833333333332
1566,Europe,1990,19,-0.22716896407685883,0.1634081035923141,0.5372389306599833,0.4627610693400167,-0.4215789473684212,-1.8510526315789475,1.4294736842105262
1566,Europe,2000,24,-0.3393533399470899,0.3148264715608466,0.5269345238095239,0.45593584656084657,-0.22749999999999979,-2.7414583333333336,2.5139583333333335
1566,Europe,2010,30,-0.4279629629629629,0.3173805555555555,0.523425925925926,0.46435185185185185,-0.7665000000000002,-3.7069999999999994,2.9404999999999997
1567,Europe,1990,1,-0.11374999999999999,0.13499999999999998,0.375,0.625,0.16999999999999993,-0.9099999999999999,1.0799999999999998
1567,Europe,2000,5,-0.10665,0.19585,0.43,0.5700000000000001,0.30399999999999977,-0.6750000000000002,0.9789999999999999
1567,Europe,2010,5,-0.17750000000000005,0.10512500000000002,0.635,0.365,-0.6849999999999999,-1.5860000000000003,0.9010000000000004
1574,Europe,2010,13,-0.2222655982905983,0.16746126373626377,0.6095238095238096,0.3794871794871795,-0.3549999999999999,-1.3747076923076924,1.0197076923076926
1575,Europe,2010,27,-0.2727277777777777,0.23386481481481478,0.5148148148148148,0.48518518518518516,-0.3886296296296291,-2.7272777777777772,2.3386481481481476
1579,Europe,1970,4,-0.22649999999999965,0.18312500000000004,0.6625,0.3375,-0.001249999999998641,-0.8412499999999988,0.8400000000000002
1579,Europe,1980,8,-0.27883457341269846,0.23245659722222217,0.640327380952381,0.34404761904761905,-0.35937500000000044,-1.844375,1.4849999999999997
1579,Europe,1990,11,-0.21038005050505043,0.23783080808080806,0.47424242424242424,0.5257575757575758,0.3809090909090911,-1.8345454545454538,2.2154545454545453
1579,Europe,2000,28,-0.15008482142857077,0.1561364795918368,0.5003826530612245,0.4924744897959184,0.039285714285717,-0.9923214285714269,1.0316071428571438
1579,Europe,2010,27,-0.17014682539682557,0.1295149911816579,0.5631393298059965,0.4294532627865961,-0.35166666666666685,-1.5516666666666667,1.2
158,US,1960,3,-0.013207999999999998,0.25247566666666676,0.3333333333333333,0.6666666666666666,0.47853533333333353,-0.026415999999999995,0.5049513333333335
158,US,1970,3,-0.2850392,0.20741673333333324,0.4666666666666666,0.5333333333333333,-0.7762246666666672,-2.8503919999999994,2.0741673333333326
158,US,1980,3,-0.1258828,0.0951489333333333,0.5666666666666667,0.43333333333333335,-0.30733866666666665,-1.2588279999999996,0.9514893333333331
158,US,1990,6,-0.10932153333333335,0.1552447333333333,0.48333333333333334,0.5166666666666666,0.1397,-0.8115293333333331,0.951229333333333
158,US,2000,4,-0.11997665000000002,0.1456941,0.5,0.5,0.24574449999999998,-0.8922995000000001,1.138044
1580,Europe,1970,2,-0.3889999999999999,0.14699999999999996,0.7,0.3,-0.37749999999999995,-1.1124999999999998,0.7349999999999999
1580,Europe,1980,7,-0.3349965986394558,0.4160833333333333,0.5299319727891156,0.4700680272108843,0.2671428571428574,-2.1564285714285716,2.423571428571429
1580,Europe,1990,14,-0.39393154761904753,0.44850552721088427,0.48486394557823126,0.5008503401360545,0.40178571428571486,-3.507142857142856,3.908928571428571
1580,Europe,2000,25,-0.24926333333333336,0.22036888888888895,0.5597777777777777,0.4362222222222222,-0.2559999999999999,-2.0526,1.7966000000000002
1580,Europe,2010,50,-0.2784561111111111,0.323025,0.5608333333333334,0.4311666666666667,-0.2650000000000003,-2.3137000000000003,2.0487
1588,US,1950,2,-0.38404666666666704,0.04267166666666711,0.8333333333333333,0.16666666666666666,-1.0241249999999997,-1.152140000000001,0.12801500000000132
1588,US,1960,2,-0.3136916666666666,0.09042416666666675,0.8333333333333333,0.16666666666666666,-0.8702049999999986,-1.412749999999999,0.5425450000000005
1588,US,1970,2,-0.4591600000000002,0.5031105357142862,0.48214285714285715,0.5178571428571428,0.4358600000000017,-3.4046200000000013,3.840480000000003
1588,US,1980,10,-6.230366083333334,2.8761688333333346,0.41666666666666663,0.5833333333333333,-5.992063999999998,-12.924130000000002,6.932066000000003
1588,US,1990,5,-0.20589235000000014,0.27600633333333385,0.195,0.805,0.3999120000000033,-1.5447260000000007,1.944638000000004
1588,US,2000,5,-0.12464300000000021,0.1773816666666664,0.44000000000000006,0.5599999999999999,0.8525079999999967,-0.875386000000001,1.7278939999999978
1588,US,2010,5,-0.07990225000000059,0.10282465000000052,0.49000000000000005,0.51,0.17374999999999902,-0.6037980000000062,0.7775480000000051
1588,US,2020,1,-0.27840000000000015,0.07620000000000005,0.3333333333333333,0.6666666666666666,-0.6066000000000003,-0.8352000000000004,0.22860000000000014
1589,US,1950,37,-1.5406925165165166,0.41687702380952363,0.8680823680823682,0.1319176319176319,-6.308042162162163,-7.691175405405406,1.3831332432432428
1589,US,1960,30,-1.196157259126984,0.3143245697089948,0.7348412698412699,0.26515873015873015,-5.208118333333332,-7.193991666666666,1.9858733333333343
1589,US,1970,25,-1.2689855338095237,0.7800682180952382,0.6628095238095238,0.3371904761904762,-2.6479187999999994,-7.179990399999999,4.5320716
1589,US,1980,17,-0.4679222352941174,1.801383039215686,0.3284313725490196,0.6715686274509803,3.50502,-1.6530929411764699,5.15811294117647
1589,US,1990,19,-0.3253081616541354,0.73968118358396,0.2523809523809524,0.7370927318295739,1.72588947368421,-1.6861057894736853,3.4119952631578947
1589,US,2000,11,-1.0349540422077923,0.2256717413419916,0.7573593073593073,0.24264069264069263,-4.200698181818181,-5.553179090909091,1.3524809090909107
1589,US,2010,9,-1.4491728425925938,0.372448722222223,0.7324074074074074,0.2675925925925926,-5.389886666666672,-7.073398888888896,1.6835122222222243
1589,US,2020,1,-2.269234999999995,0.0,1.0,0.0,-4.53846999999999,-4.53846999999999,0.0
159,US,1960,4,-0.4857744999999999,0.08439149999999998,0.75,0.25,-0.8027659999999999,-0.9715489999999998,0.16878299999999996
159,US,1970,12,-0.18768451111111126,0.19769700555555547,0.6194444444444445,0.3666666666666667,0.19202516666666616,-1.2066265,1.3986516666666662
159,US,1980,6,-0.17485673703703716,0.1302514814814815,0.5425925925925926,0.45740740740740743,-0.3853183333333343,-1.423419000000001,1.0381006666666668
159,US,1990,6,-0.09022090000000009,0.14937783333333352,0.3499999999999999,0.65,0.40767333333333444,-0.9022090000000009,1.3098823333333354
159,US,2000,7,-0.09533682857142846,0.10713679999999984,0.5571428571428572,0.4428571428571429,-0.026562571428571595,-0.9481431428571417,0.9215805714285701
1590,US,1950,25,-0.3674037599999997,0.045147013333333604,0.888,0.092,-1.2702839999999984,-1.4838879999999994,0.21360400000000113
1590,US,1960,27,-0.6534918584656084,0.3297493781599054,0.6455467372134038,0.3544532627865961,-1.4263507407407434,-3.3455751851851856,1.9192244444444422
1590,US,1970,26,-1.1921823365384618,0.6290064038461539,0.655128205128205,0.34487179487179487,-2.9260796153846163,-6.326181153846155,3.4001015384615387
1590,US,1980,16,-0.6199338541666667,0.4219245833333337,0.5260416666666666,0.4739583333333333,-0.6370337499999987,-2.0227249999999994,1.3856912500000007
1590,US,1990,26,-0.30127835576923084,0.2107796826923073,0.5894230769230769,0.4105769230769231,-0.544184615384617,-1.6332569230769236,1.0890723076923066
1590,US,2000,21,-0.4923460661375663,0.47478731594860185,0.6215041572184429,0.37849584278155707,-0.32875190476190513,-2.4076333333333335,2.0788814285714285
1590,US,2010,12,-0.6330509781746033,0.18328079761904706,0.7714285714285714,0.22857142857142856,-1.34061916666667,-1.9392966666666684,0.5986774999999985
1590,US,2020,6,-0.3761691666666644,0.389973611111112,0.7777777777777777,0.2222222222222222,0.018803333333340316,-0.767578333333328,0.7863816666666684
1591,US,1950,1,-0.9098299999999995,0.14020999999999972,0.5,0.5,-1.5392399999999995,-1.819659999999999,0.28041999999999945
1591,US,1960,3,-0.40639999999999993,0.5384800000000002,0.5,0.5,0.26416000000000056,-0.8127999999999999,1.0769600000000004
1591,US,1970,43,-0.7406893875968991,0.9568331883720931,0.5550387596899224,0.4449612403100775,0.45450586046511665,-2.5855545581395347,3.0400604186046514
1591,US,1980,68,-1.0184630083683472,0.7252663371848739,0.6090336134453781,0.37993697478991595,-1.316018970588235,-3.8651783823529406,2.5491594117647054
1591,US,1990,145,-0.6318037163929939,0.7417174156486044,0.5036316365626711,0.4911959496442255,-0.10543980689655147,-2.5663738068965514,2.4609340000000004
1591,US,2000,97,-0.3157908451644575,0.47985432511045645,0.3171330387825233,0.6704099165439371,0.6926815051546388,-1.7426390515463919,2.4353205567010305
1591,US,2010,97,-0.3724777074864997,0.33138154653902796,0.4970790378006873,0.47680412371134023,-0.16286369072164947,-2.2746407835051543,2.111777092783505
1591,US,2020,55,-0.5822880727272726,0.3833830363636364,0.5636363636363636,0.4151515151515151,-0.48222119999999974,-1.4658109090909088,0.9835897090909093
1592,US,1940,1,-0.12496999999999936,0.9022049999999995,0.5,0.5,1.5544700000000002,-0.24993999999999872,1.804409999999999
1592,US,1950,34,-1.311628205882353,0.7475014264705883,0.5848039215686275,0.4151960784313726,-2.3389802941176474,-4.250525294117647,1.911545
1592,US,1960,19,-1.6577875256474521,1.1831019584377613,0.5861319966583124,0.41386800334168755,-2.260973157894736,-9.913540315789474,7.6525671578947385
1592,US,1970,24,-0.48854340509259275,0.4966240162037037,0.59130291005291,0.394808201058201,0.8845554999999998,-2.4079196666666673,3.292475166666667
1592,US,1980,17,-1.0174311705882353,0.9404349647058824,0.5637254901960784,0.4362745098039216,0.21936682352941209,-4.067914117647058,4.287280941176471
1592,US,1990,86,-2.1498040791805093,0.7877837845791804,0.6921234772978959,0.3059385382059801,-4.334823209302326,-7.8927956279069775,3.5579724186046513
1592,US,2000,113,-1.1017633652338812,1.2753505867537576,0.5114552605703048,0.48618485742379547,1.691599486725664,-8.787775185840708,10.47937467256637
1592,US,2010,85,-1.0697875727357609,1.4038700441549954,0.4152941176470588,0.5847058823529412,2.4945541411764705,-6.88139825882353,9.375952400000001
1592,US,2020,2,-3.2067503333333334,1.7632683333333337,0.8333333333333333,0.16666666666666666,-4.330445999999999,-9.620251,5.289805000000001
1593,Europe,2000,203,-0.20941615841738995,0.21461398467432954,0.5440964891703808,0.4454980842911877,-0.021428571428571457,-1.3409359605911333,1.3195073891625617
1593,Europe,2010,502,-0.20644488711819378,0.17740903054448864,0.47304116865869855,0.5176626826029217,-0.16810756972111537,-0.6245916334661351,0.45648406374501976
1594,Europe,2000,12,-0.19649999999999998,0.166625,0.4921296296296296,0.4939814814814815,-0.2658333333333333,-1.5541666666666665,1.2883333333333333
1594,Europe,2010,13,-0.3244871794871796,0.3791025641025643,0.3974358974358974,0.6025641025641025,0.15307692307692328,-0.8030769230769234,0.9561538461538467
1595,Europe,2000,45,-0.25930035273368607,0.34702724867724866,0.48055555555555557,0.5132716049382716,0.44711111111111096,-1.6880000000000004,2.135111111111111
1595,Europe,2010,25,-0.1008999999999999,0.3223,0.34,0.64,0.42640000000000006,-0.2751999999999997,0.7015999999999997
1596,Europe,2000,22,-0.34626839826839845,0.3930483405483407,0.45955988455988456,0.5353896103896104,-0.04045454545454536,-2.0740909090909097,2.033636363636364
1596,Europe,2010,65,-0.17619743589743592,0.1347564102564103,0.5305128205128206,0.4412820512820513,-0.1988461538461538,-0.5252307692307693,0.32638461538461544
1597,Europe,1970,2,-0.12083333333333335,0.19666666666666677,0.3333333333333333,0.41666666666666663,0.2100000000000002,-0.36250000000000004,0.5725000000000002
1597,Europe,1980,3,-0.19655555555555557,0.1859629629629629,0.5333333333333333,0.39999999999999997,-0.023333333333333428,-1.6783333333333335,1.655
1597,Europe,1990,4,-0.08937500000000002,0.19662500000000005,0.425,0.575,0.9524999999999999,-0.8737500000000002,1.8262500000000002
1597,Europe,2000,4,-0.13399999999999995,0.08799999999999998,0.525,0.44999999999999996,-0.4312499999999999,-1.09375,0.6625
1597,Europe,2010,2,-0.04249999999999998,0.08199999999999999,0.45,0.5,0.395,-0.4249999999999998,0.8199999999999998
16,US,1930,17,-0.2639446705882353,0.10271469019607841,0.6377450980392156,0.35637254901960785,-0.798934,-1.6133777647058822,0.8144437647058823
16,US,1940,45,-0.19998836788359786,0.2036384501940035,0.5318342151675485,0.4607583774250441,0.4516453333333335,-1.129927511111111,1.5815728444444443
16,US,1950,94,-0.3749811355623101,0.31000002431610946,0.5987968591691997,0.3965932117527862,-1.0872932765957448,-2.474733021276596,1.3874397446808513
16,US,1960,396,-0.21679515549142217,0.189076812654321,0.4969436427769761,0.5005030463363797,-0.32294164141414144,-1.317928808080808,0.9949871666666668
16,US,1970,711,-0.5164640058312683,0.3624836888174491,0.5622223338468064,0.4355373607483312,-0.6315444613220816,-1.9187606638537271,1.2872162025316454
16,US,1980,545,-0.5699626899767002,0.4130665924595893,0.5513703218290374,0.44513324595893405,-0.5474322899082569,-2.1744406348623855,1.6270083449541286
16,US,1990,198,-0.42706149185505854,0.289054632046657,0.593634760301427,0.4058040724707392,-0.7905408080808082,-2.4626610909090907,1.6721202828282824
16,US,2000,156,-0.2611848081807082,0.3420383710622711,0.48243284493284494,0.5068299755799756,0.36701124358974346,-2.055728782051282,2.422740025641026
16,US,2010,225,-0.3868517678765432,0.3805496480246913,0.5576913580246914,0.4398641975308642,0.11582550222222229,-2.2291640355555553,2.3449895377777774
16,US,2020,81,-0.566451962962963,0.40330508641975304,0.5946502057613169,0.40534979423868317,-0.3778589135802472,-1.2754575061728397,0.8975985925925923
160,US,1940,3,-0.5212089166666666,0.12217383333333326,0.7000000000000001,0.3,-0.9641866666666669,-1.856233333333333,0.8920466666666661
160,US,1950,3,-0.17740500000000015,0.21757111111111124,0.5888888888888889,0.35555555555555557,0.38303400000000004,-1.3909046666666678,1.7739386666666679
160,US,1960,16,-0.09691271785714281,0.32998363749999987,0.33214285714285713,0.6678571428571428,0.5676891249999998,-0.47348749999999984,1.0411766249999996
160,US,1970,22,-0.17286137121212122,0.09307329015151516,0.5603535353535354,0.43459595959595965,-0.35128145454545456,-1.120416909090909,0.7691354545454545
160,US,1980,15,-0.08416544666666666,0.15101825333333335,0.3711111111111111,0.6288888888888889,0.3105912,-0.5575808,0.8681719999999999
160,US,1990,8,-0.0645414,0.07595247500000003,0.4125,0.55,0.01581175000000011,-0.5202555,0.5360672500000001
160,US,2000,7,-0.09355182857142853,0.07060497142857143,0.5,0.5,-0.21814857142857128,-0.8179525714285713,0.599804
161,US,1960,4,-0.36385449999999975,0.18973699999999982,0.625,0.375,-0.34823499999999985,-0.7277089999999995,0.37947399999999964
161,US,1970,9,-0.2011791592592593,0.5136033277777778,0.4972222222222222,0.5027777777777778,0.9601204444444443,-1.0109191111111115,1.9710395555555555
161,US,1980,2,-0.3035046,0.3910583,0.4,0.6,0.8755370000000005,-3.035046,3.9105830000000004
161,US,1990,4,-0.32412907142857145,0.338709,0.29910714285714285,0.7008928571428572,-0.21031250000000012,-2.535936,2.3256235
161,US,2000,4,-0.2281557999999999,0.17092914999999986,0.475,0.525,-0.5798845000000002,-1.6127754999999997,1.0328909999999993
162,US,1910,40,-0.16456659999999998,0.8425370166666667,0.28791666666666665,0.6933333333333334,2.1424010000000004,-0.5452109999999999,2.6876120000000006
162,US,1920,41,-0.09966712195121945,0.7994928780487804,0.25121951219512195,0.7162601626016261,1.8273131707317074,-0.3021980487804876,2.129511219512195
162,US,1930,49,-0.3052718377065112,0.2773561516034985,0.544395853579527,0.43786038224813734,-0.010263673469387766,-2.1177379591836734,2.107474285714286
162,US,1940,45,-0.12478428677248678,0.17472310582010583,0.4077248677248677,0.5490035273368606,0.4456514666666668,-1.0767906666666667,1.5224421333333333
162,US,1950,48,-0.26039727916666655,0.22732867916666666,0.5653935185185185,0.4241898148148148,-0.04981704166666634,-1.1893567499999997,1.1395397083333332
162,US,1960,70,-0.2847167335374152,0.3216360514285716,0.49814625850340133,0.5018537414965987,0.026169685714285296,-1.0315102000000012,1.0576798857142864
162,US,1970,120,-0.4074211689616402,0.24285096693121694,0.6146593915343915,0.3803406084656084,-0.8174726999999998,-1.9890478333333332,1.1715751333333335
162,US,1980,52,-0.36464985427350427,0.30273186410256403,0.5104166666666667,0.4895833333333333,-0.27505269230769247,-2.3657763846153848,2.090723692307692
162,US,1990,107,-0.49455636631063654,0.2987919778890372,0.5863781338080403,0.4136218661919596,-0.5280594205607482,-1.9627542990654212,1.434694878504673
162,US,2000,102,-0.30129125096483034,0.22707667642390286,0.6411998132586367,0.3588001867413632,-0.2797863333333332,-1.4194862549019602,1.1396999215686272
162,US,2010,9,-0.3944538148148148,0.4586310074074073,0.48518518518518516,0.46851851851851856,0.39132822222222174,-2.352888,2.7442162222222217
162,US,2020,2,-0.07721499999999981,0.3027676666666664,0.3333333333333333,0.6666666666666666,0.6766579999999998,-0.23164499999999943,0.9083029999999992
163,US,1940,1,-0.6385560000000003,0.0,1.0,0.0,-1.2771120000000007,-1.2771120000000007,0.0
163,US,1950,3,-0.07975599999999997,0.06814457142857137,0.14285714285714285,0.19047619047619047,-0.08128000000000017,-0.5582919999999998,0.4770119999999996
163,US,1960,28,-0.35437802165532867,0.3928955604308398,0.3870748299319728,0.45816326530612245,0.09590564285714467,-1.4913419285714284,1.5872475714285732
163,US,1970,27,-0.35325135238095257,0.1717138723104057,0.5602586713697825,0.43603762492651377,-0.946525555555556,-2.098659111111111,1.152133555555555
163,US,1980,23,-0.3078299794340925,0.20990076977225652,0.5469289164941339,0.4487232574189096,-0.9981573913043489,-2.466035826086957,1.4678784347826082
163,US,1990,33,-0.45769086666666725,0.24078246666666683,0.5505050505050505,0.4393939393939394,-1.3229700606060615,-2.2980047272727293,0.9750346666666679
163,US,2000,53,-0.246576444025157,0.1260999382449835,0.6229484875711291,0.3770515124288709,-1.0605913584905653,-1.7853209811320738,0.7247296226415084
163,US,2010,25,-0.4875328000000004,0.03533360000000027,0.92,0.08,-2.2609960000000004,-2.437664000000002,0.17666800000000138
1630,Other world,1970,7,-0.35673695918367326,0.3384410204081626,0.47210884353741495,0.527891156462585,-0.17351942857143085,-1.6437437142857132,1.4702242857142822
1630,Other world,1980,19,-0.11169424081035868,0.09573969193817868,0.528968253968254,0.45933583959899754,-0.14076884210526125,-0.8856817894736815,0.7449129473684204
1630,Other world,1990,13,-0.114149777777778,0.11489164529914515,0.4166666666666667,0.5833333333333333,0.008324461538460132,-0.9860238461538482,0.9943483076923083
1630,Other world,2000,16,-0.1463567157738091,0.13704000744047573,0.5962301587301587,0.4037698412698413,-0.033622750000000215,-1.318158374999998,1.2845356249999977
1630,Other world,2010,14,-0.1082632023809523,0.11989817857142884,0.5128968253968254,0.4728174603174603,0.1152771428571435,-1.0293585714285722,1.1446357142857158
164,US,1950,4,-0.5468746000000001,0.008229599999999993,0.95,0.05,-1.8154645,-1.8566125000000002,0.04114799999999996
164,US,1960,18,-1.0370140444444436,0.2929869944444446,0.6416666666666667,0.35833333333333334,-1.957661999999998,-2.6184008888888872,0.6607388888888893
164,US,1970,20,-0.576051345,0.4924450357142855,0.5175,0.48250000000000004,-1.0318991000000017,-5.0641024,4.032203299999998
164,US,1980,39,-0.7216339519943018,0.864767647252747,0.4344831094831095,0.5655168905168905,0.9435882564102565,-3.721217025641024,4.66480528205128
164,US,1990,38,-0.4693076717836259,0.4942170317251464,0.4911549707602339,0.5062134502923976,0.6006190526315791,-3.7847732631578963,4.385392315789475
164,US,2000,19,-0.7647707280701757,0.581158959649123,0.5286549707602339,0.47134502923976607,-1.6654918947368424,-6.870440526315792,5.20494863157895
1647,US,1950,3,-0.14260285714285717,0.1240971428571429,0.5476190476190476,0.34920634920634913,-0.1320799999999999,-0.9550400000000002,0.8229600000000002
1647,US,1960,25,-0.24982278857142856,0.22990241523809526,0.48200000000000004,0.5065714285714286,-0.3462527999999999,-2.0000976,1.6538448
1647,US,1970,23,-0.8156805072463769,0.8771040703933748,0.5527087646652864,0.4429434092477571,-0.296848695652174,-5.332012173913044,5.035163478260869
1647,US,1980,2,-0.33528,0.4190999999999999,0.375,0.625,0.3352799999999997,-1.34112,1.6763999999999997
1647,US,2000,27,-0.184270817989418,0.10036897354497355,0.5139329805996473,0.43403880070546735,-0.3467382222222222,-1.0031871111111113,0.656448888888889
1647,US,2010,20,-0.16748759999999996,0.210947,0.4833333333333333,0.5166666666666666,0.14493240000000004,-0.4879085999999999,0.632841
1648,US,1960,2,-0.5027385714285715,0.4189185714285715,0.5357142857142857,0.4642857142857143,-0.41910000000000025,-3.1927800000000004,2.77368
1648,US,1970,3,-0.3937,0.1894416666666667,0.6805555555555555,0.2638888888888889,-1.5748000000000004,-2.7584400000000002,1.1836400000000002
1648,US,1980,3,-0.43629942857142856,0.38593485714285714,0.49523809523809526,0.5047619047619047,-0.3860799999999993,-3.5204399999999993,3.1343600000000005
1648,US,1990,2,-0.31895142857142866,0.4319451428571429,0.4857142857142857,0.5142857142857142,0.6324599999999996,-2.0345400000000007,2.6670000000000003
1648,US,2000,411,-0.21038115550921097,0.34103960381184106,0.4095469818097556,0.5898012976480129,0.544679902676399,-0.8563692311435523,1.4010491338199513
1648,US,2010,134,-0.10656320874200428,0.3705264535181237,0.2721037668798863,0.7278962331201138,0.8045241492537313,-0.40121005970149254,1.2057342089552239
1648,US,2020,62,-0.2680929032258064,0.10192774193548387,0.7795698924731183,0.22043010752688172,-0.49849548387096776,-0.8042787096774193,0.30578322580645156
1649,US,1950,3,-0.27999266666666656,0.4385733333333331,0.5,0.5,0.48869599999999974,-0.7305039999999997,1.2191999999999994
1649,US,1960,4,-0.31894462500000004,0.3677670535714286,0.45714285714285713,0.5428571428571428,0.34670999999999985,-2.664714,3.011424
1649,US,1970,4,-0.23308733333333337,0.6524836666666667,0.3472222222222222,0.625,0.75057,-2.1831300000000002,2.9337
1649,US,1980,2,-0.29718,1.4173200000000001,0.375,0.625,4.4805600000000005,-1.18872,5.6692800000000005
1649,US,2000,146,-0.13392973884540116,0.24320742318982386,0.4691699282452707,0.5308300717547293,0.2749254246575343,-0.4539119178082192,0.7288373424657534
1649,US,2010,112,-0.1826891166241497,0.1785265080357143,0.5193416950113379,0.4785501700680272,0.08069035714285713,-0.9001261071428572,0.9808164642857143
1649,US,2020,18,-0.13792200000000002,0.1446388888888889,0.5,0.5,0.02015066666666665,-0.4137660000000001,0.4339166666666667
165,US,1940,2,-0.31889750000000294,0.18326250000000144,0.5,0.5,-0.271270000000003,-0.6377950000000059,0.3665250000000029
165,US,1950,68,-0.36215695722455654,0.18900325245098035,0.6421218487394957,0.3506302521008403,-0.8792369999999999,-1.8424941470588232,0.9632571470588231
165,US,1960,50,-0.31681596366666676,0.15671533111111122,0.6067222222222223,0.3852777777777778,-0.9877361200000001,-2.419806920000001,1.4320708000000009
165,US,1970,50,-0.40204133599999975,0.19207291257142833,0.5418174603174603,0.4541825396825397,-1.4542916000000006,-2.845705959999999,1.3914143599999986
165,US,1980,112,-0.4299973823625284,0.2945845639951816,0.6371279761904762,0.35096726190476185,-0.5241581785714283,-1.9059225714285717,1.3817643928571433
165,US,1990,91,-0.48999073254840403,0.31292899696493975,0.6143118785975928,0.37689691261119834,-0.7464418241758247,-3.0743259120879123,2.327884087912088
165,US,2000,102,-0.5185106499610953,0.21771887681294733,0.6880718954248366,0.3099673202614379,-2.0128426274509796,-3.555069274509803,1.5422266470588235
165,US,2010,84,-0.35542792318594113,0.17032725538548765,0.6441893424036281,0.35581065759637187,-0.6500252619047616,-1.2826471428571433,0.6326218809523818
165,US,2020,1,-0.23776666666666793,0.1259999999999953,0.6666666666666666,0.3333333333333333,-0.3353000000000179,-0.7133000000000038,0.3779999999999859
1650,Europe,1980,19,-1.4286359649122808,1.0462105263157895,0.5640350877192982,0.4359649122807017,-0.9928947368421056,-3.7034210526315787,2.710526315789474
1650,Europe,1990,33,-0.5173939393939393,0.6672028619528619,0.47045454545454546,0.5234848484848484,1.4039393939393938,-4.976969696969697,6.380909090909091
1650,Europe,2000,39,-0.38249450549450553,0.46789514652014647,0.507967032967033,0.4817765567765568,0.37833333333333335,-3.106410256410256,3.48474358974359
1650,Europe,2010,38,-0.2571392543859649,0.2961984649122807,0.48311403508771933,0.5142543859649124,0.26407894736842114,-2.404210526315789,2.66828947368421
1651,Other world,1980,23,-0.019405797101449355,0.09253985507246373,0.29347826086956524,0.6760869565217391,0.3580434782608691,-0.08326086956521772,0.4413043478260868
1651,Other world,1990,29,-0.06881191844553904,0.05154802955665018,0.5904898741105638,0.4026135741652983,-0.12827586206896516,-0.5037931034482752,0.3755172413793101
1651,Other world,2000,23,-0.09718599033816426,0.12477812284334021,0.5336783988957902,0.4619737750172533,0.16478260869565203,-0.7219565217391305,0.8867391304347825
1651,Other world,2010,11,-0.06507575757575748,0.07410606060606055,0.509090909090909,0.43636363636363634,0.11454545454545485,-0.6040909090909081,0.718636363636363
1652,Europe,2010,8,-0.0996562499999996,0.1759531249999995,0.384375,0.615625,0.7262500000000003,-0.973124999999996,1.6993749999999963
1653,Europe,2010,6,-0.3247777777777802,1.130944444444447,0.3833333333333333,0.6166666666666666,4.811666666666667,-1.8716666666666792,6.683333333333347
1654,Europe,2010,2,-0.07249999999999564,0.27916666666666856,0.41666666666666663,0.5833333333333333,1.2400000000000375,-0.43499999999997385,1.6750000000000114
1655,Europe,2010,2,-0.0566666666666696,0.16833333333333655,0.5,0.5,0.6700000000000017,-0.3400000000000176,1.0100000000000193
1656,Europe,2010,6,-0.34430555555555564,0.626527777777778,0.4444444444444444,0.5555555555555555,1.693333333333334,-2.065833333333334,3.7591666666666677
1657,Europe,2010,19,-0.17096783625730994,0.1481213450292398,0.5643274853801169,0.4356725146198831,-0.2539736842105263,-1.5133157894736842,1.259342105263158
1658,Europe,2010,17,-0.2916085826330532,0.22599910550887023,0.590452847805789,0.4011437908496732,-0.6068823529411763,-2.176745411764706,1.5698630588235296
1659,Europe,2010,33,-0.1488424068061568,0.14371919552669551,0.4826960076960077,0.49349446849446854,-0.04833901515151524,-1.2124361363636365,1.1640971212121212
166,US,1910,1,0.0,8.839193333333332,0.0,1.0,26.517579999999995,0.0,26.517579999999995
166,US,1930,2,-2.7371040000000004,1.7823179999999996,0.55,0.45,-4.351020000000005,-16.58874,12.237719999999996
166,US,1940,3,-0.34882666666666595,0.3869266666666669,0.4444444444444444,0.5555555555555555,0.060960000000002644,-1.0464799999999979,1.1074400000000004
166,US,1950,1,-0.09505999999999926,0.10191749999999988,0.5,0.5,0.054860000000005016,-0.760479999999994,0.8153399999999991
166,US,1960,4,-0.4154336111111112,0.30544677777777796,0.46111111111111114,0.5138888888888888,-0.9685074999999994,-3.773040000000001,2.8045325000000014
166,US,1970,4,-0.3731515000000001,0.32659350000000015,0.5249999999999999,0.475,-0.4655799999999992,-3.731515000000001,3.2659350000000016
166,US,1980,28,-0.7800853738095238,0.3290700000000002,0.5589285714285714,0.4232142857142857,-1.1199228571428568,-2.825225,1.7053021428571433
166,US,1990,17,-0.48500376862745115,0.20806174313725492,0.5284313725490196,0.4715686274509803,-1.5708843529411771,-3.472298000000001,1.9014136470588237
166,US,2000,19,-0.4951015548872179,0.30865445714285694,0.5774436090225564,0.39924812030075185,-1.1147665263157898,-3.525170736842103,2.4104042105263135
1660,Europe,2010,5,-0.15648571428571426,0.10912380952380948,0.4082539682539682,0.5917460317460318,-0.363,-1.1009999999999998,0.7379999999999998
1662,Europe,2010,1,-0.30750000000000455,0.2230000000000018,0.6,0.4,-0.8450000000000273,-3.0750000000000455,2.230000000000018
1663,Europe,2010,1,-0.13549999999999612,0.08299999999999841,0.7,0.3,-0.5249999999999773,-1.3549999999999613,0.8299999999999841
1664,Europe,2010,3,-0.14294444444444296,0.1318888888888877,0.5777777777777777,0.4222222222222222,-0.375,-1.304999999999988,0.9299999999999878
1665,Europe,2010,3,-0.2475000000000007,0.502500000000001,0.5555555555555555,0.4444444444444444,1.455000000000003,-1.0166666666666704,2.4716666666666733
1666,US,1970,3,-0.05384666666666623,0.019811666666666856,0.8333333333333334,0.16666666666666666,-0.06806999999999874,-0.10769333333333246,0.03962333333333371
1666,US,1980,10,-0.2013202000000006,0.12313900000000082,0.65,0.35,-0.15636239999999954,-0.4026404000000012,0.24627800000000163
1666,US,1990,11,-0.6893589134199134,0.7886549415584418,0.5735930735930735,0.4264069264069264,0.4049690909090924,-2.920259272727272,3.3252283636363646
1666,US,2010,48,-0.10757530257936519,0.1125848859126985,0.5993551587301588,0.3919642857142857,-0.07407212499999978,-0.4584384166666671,0.3843662916666673
1667,Europe,2010,5,-0.10109999999999672,0.08459999999999923,0.45999999999999996,0.52,-0.164999999999975,-1.0109999999999673,0.8459999999999923
167,US,1960,6,-0.4123258888888892,0.4452615555555554,0.5555555555555555,0.4444444444444444,0.0988069999999986,-1.2369776666666676,1.3357846666666662
167,US,1970,6,-0.31998930000000003,0.5727699666666668,0.4166666666666667,0.5833333333333334,2.5278066666666676,-3.199893,5.727699666666667
167,US,1980,6,-0.654902528571429,0.8190663190476194,0.4928571428571429,0.5071428571428571,0.6108706666666666,-5.006339333333334,5.617210000000001
167,US,1990,2,-0.8149589000000002,1.5257525,0.55,0.45,7.107935999999999,-8.149589000000002,15.257525000000001
167,US,2000,4,-0.6761414944444444,0.5766602722222223,0.6236111111111111,0.3763888888888889,-0.9505949999999984,-6.579868499999999,5.629273500000001
168,US,1930,1,-0.7581899999999995,0.40385999999999944,0.5,0.5,-2.8346400000000003,-6.065519999999996,3.2308799999999955
168,US,1940,1,-0.5769428571428575,0.08055428571428587,0.2857142857142857,0.5714285714285714,-3.4747200000000014,-4.038600000000002,0.563880000000001
168,US,1950,20,-1.8609015708333334,0.5821343208333334,0.6216666666666667,0.35333333333333333,-7.019009500000001,-10.97859,3.9595805000000004
168,US,1960,27,-1.014962610229277,0.6579438309817752,0.4897413286302175,0.5102586713697824,-2.9049655555555565,-7.83572925925926,4.930763703703703
168,US,1970,23,-1.127294356142167,1.4795711288819877,0.47707039337474116,0.5229296066252588,0.7509356521739131,-6.688701217391305,7.439636869565219
168,US,1980,43,-2.0887510643410843,1.004308136692506,0.5788113695090439,0.42118863049095606,-6.078098046511627,-11.808654186046509,5.730556139534881
168,US,1990,58,-2.890748502463054,2.546068140257252,0.46558565955117676,0.5344143404488232,-0.12977500000000133,-13.26510348275862,13.13532848275862
168,US,2000,27,-1.259802299823633,0.6159390859788355,0.6455908289241622,0.3482363315696649,-5.48188148148148,-10.335941111111106,4.854059629629626
168,US,2010,11,-0.4918458441558441,0.896698279220779,0.3798701298701299,0.6201298701298701,1.8182618181818178,-1.846948181818182,3.66521
1682,Other world,2010,2,-0.47944444444444445,0.7947222222222222,0.2222222222222222,0.7777777777777778,2.8375,-4.3149999999999995,7.1525
1682,Other world,2020,2,-0.5616666666666665,0.6591666666666665,0.5,0.5,0.2925,-1.6849999999999996,1.9774999999999996
1683,Europe,2010,18,-0.19280864197530867,0.42035493827160497,0.3047839506172839,0.6890432098765431,2.006388888888889,-1.683888888888889,3.6902777777777778
1683,Europe,2020,18,-0.06388888888888893,0.6181481481481481,0.1111111111111111,0.8888888888888888,1.6627777777777775,-0.19166666666666676,1.8544444444444446
169,US,1940,3,-2.3812489999999995,0.16713199999999998,0.625,0.375,-4.345937999999999,-5.076441999999999,0.7305039999999999
169,US,1950,13,-0.2622892038461535,0.21659427820512828,0.6557692307692308,0.34423076923076923,-0.9853255384615376,-1.7708879999999994,0.7855624615384619
169,US,1960,38,-0.5541975800751878,0.6405642600668338,0.5244047619047618,0.47559523809523807,-0.8254866842105263,-3.2434334736842105,2.4179467894736844
169,US,1970,29,-0.49091897183908056,0.3760671505199782,0.5806923918992885,0.41930760810071155,-1.1403193103448275,-3.4439235862068966,2.3036042758620696
169,US,1980,24,-0.5523620198412701,0.43618279464285736,0.5614583333333333,0.434375,-0.9045573333333335,-3.105913000000001,2.2013556666666676
169,US,1990,16,-0.4500339166666667,0.1367693625,0.7,0.3,-2.337721375,-3.658933,1.3212116250000001
169,US,2000,15,-0.6638388466666669,0.10306799999999992,0.8166666666666667,0.18333333333333332,-4.167834133333335,-4.9166248,0.7487906666666659
169,US,2010,3,-0.3575589285714285,0.05419238095238136,0.7380952380952381,0.2619047619047619,-1.3832833333333312,-1.7546299999999995,0.3713466666666682
1690,US,1930,1,-0.8174735999999999,0.9976103999999999,0.4,0.6,0.900684,-4.087368,4.988052
1690,US,1960,10,-0.7226826071428569,1.6414440119047622,0.43571428571428567,0.5642857142857143,2.9164790000000016,-3.2971729999999986,6.213652000000001
1690,US,1970,12,-1.0146030555555556,2.792062833333333,0.4305555555555555,0.5694444444444444,6.646543666666666,-3.4800541666666667,10.126597833333333
1690,US,1980,7,-0.6149193428571429,0.7234935047619048,0.5380952380952381,0.46190476190476193,0.7265128571428574,-3.4440214285714283,4.170534285714286
1690,US,1990,5,-0.8356088666666668,0.8461247333333336,0.5666666666666667,0.4333333333333333,-0.2487164,-2.4307796,2.1820632000000004
17,US,1920,3,-1.20142,0.8326120000000007,0.6666666666666666,0.3333333333333333,-1.2578079999999983,-4.2418000000000005,2.983992000000002
17,US,1930,18,-0.39084283597883607,0.31700409523809525,0.4834656084656085,0.49153439153439155,-0.5528733333333338,-2.25044,1.6975666666666667
17,US,1940,46,-1.3191033583333334,0.2771072069875775,0.7437456866804694,0.2519064872325742,-3.867845260869566,-5.532285130434783,1.6644398695652172
17,US,1950,101,-2.045663250031432,0.1319707485148514,0.8573943108596573,0.14119126198334117,-8.3631240990099,-9.066458613861386,0.7033345148514849
17,US,1960,130,-1.2777471163247864,0.6412529989377291,0.632063492063492,0.3593467643467643,-2.9685883384615384,-6.297110907692309,3.32852256923077
17,US,1970,101,-1.2220514276991985,2.118105322135785,0.4523809523809524,0.5393682225365394,1.5302180792079212,-5.329987267326732,6.860205346534654
17,US,1980,215,-0.6617812163602806,1.55408383248062,0.36776301218161683,0.5731672203765227,2.408302809302325,-2.9200103813953495,5.328313190697675
17,US,1990,117,-0.634148224867725,1.0522824989282322,0.45522656355989694,0.5330212996879663,1.9050625982905982,-3.304374666666667,5.2094372649572644
17,US,2000,120,-0.5521712685515874,0.6983854635912697,0.4752281746031746,0.5115773809523809,0.27697498333333304,-1.9761723999999998,2.2531473833333333
17,US,2010,17,-0.6543338529411762,0.8803232352941173,0.49509803921568624,0.5049019607843137,0.7177931764705884,-1.7922238823529404,2.5100170588235287
170,US,1960,2,-0.07010299999999994,0.062482999999999934,0.7,0.30000000000000004,-0.03810000000000002,-0.3505149999999997,0.31241499999999967
170,US,1970,4,-0.581596175,0.23017081249999993,0.63125,0.36875,-2.1046455,-4.027927999999999,1.9232824999999996
170,US,1980,4,-0.13224500000000017,0.03423275000000001,0.8375,0.1625,-0.41148000000000096,-0.668654000000001,0.257174
170,US,1990,8,-0.4668715499999999,0.10396228333333327,0.7125,0.2875,-0.8761095,-1.2845422499999994,0.40843274999999957
170,US,2000,4,-0.59108365,0.4173475,0.6875,0.3125,-1.4150340000000001,-4.308349,2.893315
171,US,1950,9,-0.2878387623456789,0.1565952469135801,0.6123456790123457,0.38765432098765434,-0.6551504444444448,-1.6547251111111103,0.9995746666666654
171,US,1960,6,-0.47640056944444437,0.48030839444444434,0.5305555555555556,0.4694444444444444,0.4320559999999998,-1.6101059999999994,2.0421619999999994
171,US,1970,4,-0.1783745250000001,0.24385888750000015,0.475,0.525,0.6945630000000007,-1.6508715000000007,2.3454345000000014
171,US,1980,15,-0.14522733333333335,0.25779944000000016,0.5933333333333334,0.4,0.340867066666667,-0.6436357333333333,0.9845028000000002
171,US,1990,10,-0.16760456333333332,0.19590741666666675,0.5666666666666667,0.4333333333333333,-0.05669479999999964,-0.8702048000000001,0.8135100000000005
171,US,2000,4,-0.16661121666666662,0.13610591666666663,0.6,0.4,-0.3497569999999999,-1.5106644999999999,1.1609075
171,US,2010,1,-0.08915399999999973,0.023622000000000032,0.75,0.25,-0.2621279999999988,-0.35661599999999893,0.09448800000000013
172,US,1950,10,-0.09860221666666688,0.10022782777777808,0.4411111111111111,0.5588888888888889,-0.004571999999999576,-0.4565920000000002,0.45202000000000064
172,US,1960,8,-0.17985100000000007,0.08734462500000015,0.6,0.4,-0.22478874999999965,-0.7256149999999999,0.5008262500000003
172,US,1970,2,-0.12283499999999954,0.10980499999999935,0.55,0.45,-0.13030000000000186,-1.2283499999999954,1.0980499999999935
172,US,1980,5,-0.09815349999999955,0.19275256666666635,0.38,0.595,0.5861272000000015,-0.8994675999999956,1.485594799999997
172,US,1990,5,-0.15390332000000043,0.13475195999999992,0.6333333333333334,0.36666666666666664,-0.0359648000000032,-1.0107152000000024,0.9747503999999992
172,US,2000,3,-0.23901399999999995,0.14157940000000013,0.6666666666666666,0.3333333333333333,-0.9743459999999984,-2.3901399999999993,1.415794000000001
173,US,1920,4,-0.09334500000000001,0.466725,0.125,0.875,0.74676,-0.18669000000000002,0.93345
173,US,1940,9,-0.1989545714285715,0.31151285714285726,0.4301587301587302,0.5476190476190477,0.5384800000000003,-0.9939866666666669,1.532466666666667
173,US,1950,53,-0.46430346368673275,0.2350721503444146,0.6388514525306977,0.3611485474693022,-0.8678175849056605,-1.6658767547169815,0.798059169811321
173,US,1960,105,-0.32034515185185186,0.27010313093726374,0.5427664399092971,0.45374149659863944,-0.0477826285714288,-1.4803848190476188,1.4326021904761899
173,US,1970,163,-0.7376901426818581,0.6395461740140228,0.5842146265459148,0.41578537345408517,-0.5914424417177911,-3.5826903680981594,2.9912479263803684
173,US,1980,205,-0.43430496799845136,0.21523833930313588,0.6057607433217189,0.39228803716608596,-0.6297396975609757,-2.0905418048780486,1.4608021073170732
173,US,1990,135,-0.26758669374485605,0.2386492237624927,0.5403115814226925,0.458206937095826,-0.16260625185185235,-2.414050133333334,2.251443881481482
173,US,2000,134,-0.4945284370883677,0.2071233663468373,0.6602967306325515,0.33746446339729924,-2.0934759402985073,-3.672316328358209,1.5788403880597017
173,US,2010,58,-0.3539377869458125,0.16191422495894897,0.6395320197044335,0.35554187192118225,-1.1442594137931033,-2.1128118620689644,0.9685524482758612
173,US,2020,6,-0.2706833333333331,0.0006777777777765929,0.8888888888888888,0.1111111111111111,-0.8100166666666695,-0.8120499999999993,0.0020333333333297787
174,US,1950,4,-0.21983774999999958,0.09761274999999986,0.7,0.3,-0.1554500000000001,-1.1315774999999988,0.9761274999999987
174,US,1960,49,-0.11758022902494335,0.6126032648526077,0.22868480725623583,0.7692743764172335,1.0725850204081635,-0.41959751020408165,1.492182530612245
174,US,1970,5,-0.21895151111111139,0.17446111111111118,0.4111111111111111,0.5888888888888889,-0.5035272000000017,-2.1765780000000023,1.6730508000000008
174,US,1980,4,-0.20764475000000013,0.35398675000000007,0.4,0.6,1.4634199999999997,-2.0764475000000013,3.539867500000001
174,US,1990,3,-0.3589019999999998,0.4106669999999999,0.5,0.5,0.5176500000000009,-3.589019999999998,4.1066699999999985
174,US,2000,4,-0.8280277500000006,0.13041674999999991,0.85,0.15,-3.3870900000000015,-4.691257500000001,1.3041674999999993
174,US,2010,1,-2.8816671428571428,0.10929285714285746,0.7142857142857143,0.2857142857142857,-19.406619999999997,-20.17167,0.7650500000000022
174,US,2020,1,-0.8839200000000034,0.0,1.0,0.0,-2.65176000000001,-2.65176000000001,0.0
175,US,1920,2,-0.08000999999999969,1.2306300000000001,0.25,0.75,2.301240000000001,-0.16001999999999938,2.4612600000000002
175,US,1950,8,-0.2182588750000003,0.2500254125000003,0.4861111111111111,0.5138888888888888,-0.030862250000000216,-1.3746562500000008,1.3437940000000006
175,US,1960,35,-0.2400816946031744,0.6510473930158728,0.4041269841269841,0.5958730158730159,0.9549819999999999,-0.7412731999999997,1.6962551999999995
175,US,1970,7,-0.3215573142857138,0.19158925079365074,0.5365079365079365,0.4634920634920635,-1.278417142857139,-3.1729731428571384,1.8945559999999995
175,US,1980,43,-0.669652911627907,0.22090567209302325,0.7430232558139535,0.25697674418604655,-1.222885953488372,-1.9222252558139532,0.6993393023255813
175,US,1990,8,-0.2805496749999994,0.5193032499999997,0.475,0.525,2.48507075,-2.5372717499999964,5.022342499999996
175,US,2000,10,-1.0304987100000003,0.4414496499999999,0.7025,0.2975,-5.043069800000001,-8.578905,3.5358351999999997
175,US,2010,1,-0.143256,0.12191999999999997,0.75,0.25,-0.08534400000000009,-0.573024,0.4876799999999999
176,US,1950,55,-0.15412343363636374,0.555866584935065,0.4158225108225108,0.5781168831168831,1.3154879999999998,-0.5384440727272729,1.8539320727272726
176,US,1960,16,-0.19652579543650778,0.23080506810515877,0.49236111111111114,0.5013888888888889,0.38233462500000015,-1.2856843750000004,1.6680190000000006
176,US,1970,22,-0.34852867435064916,0.20902766839826814,0.5089285714285714,0.4910714285714286,-1.381641727272728,-3.0930277272727253,1.7113859999999976
176,US,1980,29,-0.3149447517241379,0.21267265632183913,0.532375478927203,0.4676245210727969,-0.4817897241379314,-2.3256697931034496,1.8438800689655181
176,US,1990,43,-0.25188229593946104,0.3203261932447399,0.40888704318936875,0.5864617940199335,0.4738961860465123,-2.2985418139534883,2.772438000000001
176,US,2000,40,-0.5260869558333333,0.17895152583333324,0.705,0.2925,-3.317900050000001,-5.0518718499999995,1.733971799999999
176,US,2010,27,-0.25583575026455035,0.25019363492063507,0.5608465608465608,0.4391534391534392,-0.30671962962962973,-1.2968095555555563,0.9900899259259267
176,US,2020,1,-0.11430000000000007,0.0,1.0,0.0,-0.3429000000000002,-0.3429000000000002,0.0
177,US,1950,77,-0.1356914745413312,0.22982707070707087,0.4317872603586889,0.5643166357452072,0.3207388311688349,-0.7422992207792184,1.0630380519480533
177,US,1960,91,-0.21396228362114128,0.34782439324960746,0.4407291121576836,0.5497470783185069,0.8355202197802161,-1.454418571428575,2.289938791208791
177,US,1970,111,-0.29997887233662246,0.11870811011011022,0.6128592878592879,0.38382668382668383,-1.572262558558559,-2.6863053513513524,1.1140427927927936
177,US,1980,160,-0.2683321797420636,0.33791430627976177,0.5174156746031746,0.4813343253968254,0.7286109124999991,-2.0594585124999996,2.788069424999999
177,US,1990,186,-0.28932616766939756,0.25706161591141835,0.5382467144563918,0.46014038231780163,-0.3733153333333324,-2.5116999784946237,2.1383846451612913
177,US,2000,309,-0.3138419345815998,0.06905808102172918,0.677719987671444,0.3205540144860533,-2.23756972815534,-2.740776899676376,0.5032071715210359
177,US,2010,390,-0.14649499405779398,0.13077168180301177,0.54747150997151,0.44490028490028494,-0.14595000512820455,-1.3395626410256405,1.1936126358974362
177,US,2020,366,-0.29634810928961774,0.03359003096539166,0.8861566484517304,0.11202185792349727,-0.7882742349726782,-0.8890443278688532,0.10077009289617499
178,US,1960,4,-4.3911256666666665,4.754727,0.38333333333333336,0.6166666666666667,-11.586587499999997,-27.098999999999997,15.512412500000002
178,US,1970,11,-1.0005858484848484,0.9016449675324676,0.4444444444444445,0.51010101010101,0.841387272727273,-4.5807269090909095,5.422114181818182
178,US,1980,9,-1.0719191086419755,1.0460293049382716,0.5487654320987655,0.45123456790123456,-0.3459508888888898,-6.813298444444444,6.467347555555555
178,US,1990,8,-0.5420678999999999,0.7475414499999999,0.5499999999999999,0.45,1.6493505000000008,-5.382579,7.0319295
178,US,2000,8,-1.0968614392857143,0.5581302249999999,0.5892857142857143,0.4107142857142857,-4.604193750000001,-9.96505975,5.360865999999999
178,US,2010,1,-1.1038114285714289,1.3766071428571434,0.42857142857142855,0.5714285714285714,1.9095700000000022,-7.726680000000002,9.636250000000004
179,US,1950,5,-0.40279319999999996,0.245364,0.5,0.5,-0.3148583999999999,-0.8055863999999999,0.490728
179,US,1960,5,-0.09204960000000001,0.21074633999999998,0.45499999999999996,0.545,0.5754623999999999,-0.8906256000000001,1.4660879999999998
179,US,1970,14,-0.6271585380952381,0.32160926190476197,0.6684523809523809,0.33154761904761904,-0.9741625714285714,-1.9328671428571431,0.9587045714285717
179,US,1980,15,-0.2510484838095238,0.32012739142857144,0.4657142857142857,0.5342857142857143,0.2648709333333333,-2.120595066666667,2.385466
179,US,1990,8,-0.289566225,0.34509705000000007,0.4625,0.5375,0.5362582500000002,-2.46335425,2.9996125000000005
179,US,2000,6,-0.4521201333333333,0.25339046666666665,0.6833333333333332,0.31666666666666665,-1.9872966666666665,-4.521201333333333,2.5339046666666665
18,US,1930,8,-0.9553575,0.2662237499999999,0.65625,0.34375,-2.1431250000000004,-3.20802,1.0648949999999997
18,US,1940,55,-1.0589569205627707,0.24085464069264065,0.7643939393939394,0.23196969696969696,-4.534841781818182,-6.155712145454546,1.6208703636363633
18,US,1950,77,-1.9951778193774479,0.24643887208822912,0.8328540507111936,0.16498144712430426,-8.545702025974027,-9.814065142857142,1.2683631168831164
18,US,1960,80,-2.3976708020337303,1.0899621759424605,0.6866269841269841,0.3078373015873016,-6.115312775,-11.740815600000001,5.625502825000001
18,US,1970,85,-2.400796288515406,2.4993972060224086,0.5524696545284781,0.4416479925303455,-1.3368139999999997,-9.323775058823529,7.986961058823528
18,US,1980,241,-1.1185913993611278,2.504311819798459,0.33673022459329516,0.6434054534676941,3.6520907883817424,-4.864803983402489,8.516894771784234
18,US,1990,127,-0.7764436072990878,2.2499966074240723,0.33693288338957633,0.6573584551931009,8.206870393700786,-3.7985003937007886,12.005370787401576
18,US,2000,81,-0.6807737598471487,1.5089361369782481,0.4340388007054674,0.5511463844797179,2.2180443209876537,-2.2030218518518527,4.421066172839506
18,US,2010,5,-1.0485079999999998,0.7630120000000014,0.5333333333333333,0.4666666666666666,-0.40843599999999614,-2.176263999999999,1.7678280000000028
180,US,1940,1,-0.6248400000000001,0.30226000000000003,0.8333333333333334,0.16666666666666666,-1.93548,-3.7490400000000004,1.8135600000000003
180,US,1950,10,-0.47311044,0.25819580000000003,0.51,0.49000000000000005,-0.9451856,-2.1968454,1.2516598
180,US,1960,7,-0.3381755999999999,0.44082799999999994,0.5571428571428572,0.4428571428571429,1.0265240000000007,-3.381755999999999,4.4082799999999995
180,US,1970,45,-0.6334384966666667,0.1852555500000001,0.7333333333333333,0.26666666666666666,-1.1712107555555555,-1.891418755555556,0.7202080000000003
180,US,1980,4,-0.2880362000000001,0.30411435000000003,0.5,0.5,-0.009906500000000318,-2.8087340000000003,2.7988275
180,US,1990,6,-0.16004526666666666,0.1671066666666666,0.4583333333333333,0.525,0.21107599999999982,-1.3192746666666666,1.5303506666666662
180,US,2000,5,-0.34988000000000014,0.29306500000000013,0.45,0.55,-0.5151148000000003,-2.6438360000000016,2.128721200000001
180,US,2010,17,-0.6978877941176469,0.9515810392156863,0.4362745098039215,0.5637254901960783,0.7168165882352941,-2.2544454117647055,2.971262
181,US,1990,1,-0.4465299999999992,0.21335999999999977,0.5,0.5,-0.46633999999999887,-0.8930599999999984,0.42671999999999954
181,US,2000,1,-0.3108949999999995,0.1847837499999998,0.625,0.375,-1.0088899999999974,-2.487159999999996,1.4782699999999984
182,US,1970,3,-0.4792986666666666,0.34353549999999994,0.5416666666666666,0.4583333333333333,-1.0861053333333335,-3.8343893333333328,2.7482839999999995
182,US,1980,3,-0.61334675,0.3802130000000001,0.65,0.35000000000000003,-2.2306266666666663,-5.903470000000001,3.672843333333334
182,US,1990,5,-0.30019796,0.38990068,0.5,0.5,0.3422912,-2.2570484,2.5993395999999995
182,US,2000,4,-0.43248408571428576,0.2488799857142858,0.5928571428571429,0.40714285714285714,-2.023493,-4.270630000000001,2.2471370000000004
184,US,1970,2,-0.1674585714285714,0.27031042857142856,0.6071428571428572,0.39285714285714285,0.711708,-1.1254739999999999,1.8371819999999999
184,US,1980,1,-0.1162812,0.09281159999999997,0.5,0.5,-0.23469600000000024,-1.162812,0.9281159999999997
184,US,1990,1,-0.1789176,0.18211800000000003,0.4,0.6,0.03200400000000014,-1.789176,1.8211800000000002
184,US,2000,1,-0.26593799999999995,0.1847088,0.6,0.4,-0.8122919999999998,-2.6593799999999996,1.847088
185,US,1970,5,-0.4430014000000001,0.48392080000000004,0.4666666666666666,0.5333333333333333,0.286512,-1.6952976000000004,1.9818096
185,US,1980,3,-0.46747853333333333,0.3618088888888889,0.5518518518518518,0.4481481481481482,-1.0342879999999999,-4.620767999999999,3.58648
185,US,1990,5,-0.70577964,0.37807392,0.65,0.35,-1.0180320000000003,-4.0321992,3.0141672
185,US,2000,3,-0.4194175,0.2899156,0.425,0.5750000000000001,-1.1750039999999997,-3.950208,2.775204
186,US,1960,1,-0.13410999999999973,0.0944850000000006,0.5,0.5,-0.07924999999999827,-0.26821999999999946,0.1889700000000012
186,US,1970,1,-0.11490900000000011,0.066751,0.7,0.3,-0.481580000000001,-1.149090000000001,0.66751
186,US,1980,1,-0.08717299999999994,0.09936499999999988,0.4,0.5,0.12191999999999936,-0.8717299999999994,0.9936499999999988
186,US,1990,1,-0.07315199999999997,0.09448800000000013,0.5,0.5,0.21336000000000155,-0.7315199999999997,0.9448800000000013
186,US,2000,1,-0.06721000000000003,0.03581499999999984,0.4,0.6,-0.31395000000000195,-0.6721000000000004,0.3581499999999984
187,US,1950,2,-0.6719316,0.680466,0.425,0.575,0.09448800000000024,-4.444745999999999,4.539234
187,US,1960,62,-0.43276356129032256,0.9220132110599079,0.42000768049155146,0.5412058371735791,3.3773806451612907,-2.7997846451612904,6.177165290322581
187,US,1970,64,-1.0251133839285715,0.5741190915178571,0.636173115079365,0.3454675099206349,-3.660219375,-8.51963625,4.859416875
187,US,1980,20,-0.469519,0.9397365000000001,0.39166666666666666,0.6083333333333333,1.8196560000000002,-1.7426940000000002,3.56235
187,US,2000,218,-0.16096520982961993,0.21007839842726084,0.4216743119266055,0.5729303189165574,0.188207,-0.7648313302752293,0.9530383302752294
187,US,2010,138,-0.2566355188405797,0.3924348,0.4724235104669887,0.5197262479871175,0.5205785797101449,-1.2429765942028985,1.7635551739130435
187,US,2020,34,-0.5440754705882354,0.4019624705882353,0.5637254901960784,0.4264705882352941,-0.4530314117647059,-1.5961658823529412,1.1431344705882351
188,US,1930,1,-1.3106399999999994,4.592320000000001,0.3333333333333333,0.6666666666666666,9.845040000000004,-3.931919999999998,13.776960000000003
188,US,1940,1,-2.368296,1.4447519999999994,0.6,0.4,-9.235440000000004,-23.682959999999998,14.447519999999994
188,US,1950,1,-2.798064,2.6700480000000004,0.6,0.4,-1.280159999999995,-27.98064,26.700480000000006
188,US,1960,3,-1.5019526666666667,2.450253333333333,0.3333333333333333,0.6666666666666666,6.164073333333332,-15.019526666666666,21.1836
188,US,1970,4,-1.219856066666667,2.635613966666667,0.3208333333333333,0.6791666666666667,13.654658999999999,-11.349989,25.004648
188,US,1980,8,-0.22265675,3.214903333333334,0.11875,0.88125,7.650860000000001,-0.92545,8.576310000000001
188,US,1990,22,-0.07753638636363634,0.31424247272727274,0.37878787878787884,0.6212121212121212,1.3884334545454544,-0.30147490909090907,1.6899083636363634
188,US,2000,4152,-0.2764226182969768,0.24857549350800534,0.49733796296296295,0.4986894822154938,-0.1275874113680154,-1.1916013362235067,1.0640139248554912
188,US,2010,3713,-0.23842309734929612,0.28514326548677105,0.4552969190189766,0.5389556855150714,0.23365875410719097,-1.3581657217883112,1.5918244758955025
188,US,2020,1100,-0.4221205287878788,0.12787931515151515,0.685,0.3101515151515151,-0.8364238236363636,-1.2047566581818183,0.36833283454545457
189,US,1970,4,-1.0975823809523806,0.16630952380952346,0.7341269841269842,0.26587301587301587,-4.52247,-5.4521099999999985,0.9296399999999982
189,US,1980,4,-0.5502274999999999,1.0601324999999997,0.4375,0.5625,1.9392899999999993,-1.90881,3.848099999999999
189,US,2000,8,-0.042767249999999896,0.04105312499999998,0.6875,0.25,-0.0034282499999998273,-0.08553449999999979,0.08210624999999996
189,US,2010,9,-0.1324382888888889,0.07741621666666659,0.6518518518518519,0.34814814814814815,-0.35238266666666707,-1.017354,0.664971333333333
189,US,2020,7,-0.09354485714285711,0.03149600000000001,0.5238095238095238,0.47619047619047616,-0.1861465714285713,-0.2806345714285713,0.09448800000000003
19,US,1940,10,-1.019604919047619,0.08648699999999995,0.9075,0.0925,-5.034229,-5.492953,0.4587239999999998
19,US,1950,100,-3.7515324042460314,0.3517097408730159,0.8603611111111111,0.1396388888888889,-14.920875800000001,-16.3022743,1.3813985
19,US,1960,64,-3.352489627418155,0.5814707397693454,0.8130580357142857,0.18694196428571427,-10.63406578125,-13.388147968750001,2.7540821875000008
19,US,1970,32,-2.4670703437499997,1.485603239583333,0.734375,0.265625,-4.2290046875,-9.269063124999999,5.040058437499999
19,US,1980,50,-0.9579821114285716,1.3353264596825394,0.4806587301587302,0.5173412698412698,2.2674055999999996,-4.2653724,6.5327779999999995
19,US,1990,44,-0.6379244639249639,1.875848213023088,0.28240440115440113,0.7092622655122655,9.806289090909091,-4.292832272727272,14.099121363636362
19,US,2000,22,-0.7135077272727273,1.4210154545454552,0.446969696969697,0.553030303030303,1.4588881818181831,-1.4491827272727276,2.908070909090911
190,US,1930,22,-0.24540855909090897,0.37275887878787883,0.4428030303030303,0.5458333333333333,0.8149242727272732,-0.981871636363636,1.7967959090909091
190,US,1940,29,-0.28295254597701147,0.30748096568144506,0.4641488779419814,0.5358511220580187,0.059804068965517265,-1.8307443448275864,1.8905484137931037
190,US,1950,41,-0.4004153519163763,0.22192294750290356,0.6007065427797135,0.39929345722028653,-1.3683663902439025,-2.8373536585365855,1.468987268292683
190,US,1960,69,-0.30673183733609377,0.44711889751552786,0.4411145617667357,0.5552622498274672,0.6884066666666664,-2.277408956521739,2.9658156231884054
190,US,1970,66,-0.3433870246753247,0.2890366398989899,0.48864237614237616,0.5027717652717653,-0.6176814242424242,-3.255424363636364,2.6377429393939393
190,US,1980,131,-0.4216203010965709,0.4606431395310796,0.5110808190960863,0.48491154731612746,-0.19892343511450372,-2.7818710534351148,2.582947618320611
190,US,1990,91,-0.33090517574568284,0.34495969683411826,0.5086952729809873,0.48800802372230945,-0.09148978021978024,-2.379700043956044,2.2882102637362634
190,US,2000,95,-0.40579405250626577,0.2995671886131998,0.5856683375104428,0.4132790309106098,-1.1355239368421053,-2.969650442105264,1.8341265052631586
190,US,2010,98,-0.569961055515063,0.5797173982588273,0.5226149983803046,0.46479996760609005,-0.17370553061224464,-2.573087265306122,2.3993817346938777
190,US,2020,48,-0.35375328472222217,0.25029593055555543,0.625,0.3680555555555555,-0.3036887500000002,-1.0418764999999997,0.7381877499999997
191,US,1930,9,-0.3718137777777779,0.5868246666666667,0.4166666666666667,0.5833333333333334,1.0635824444444444,-1.1431695555555557,2.206752
191,US,1940,11,-0.26255645,0.33711119999999994,0.4681818181818182,0.5318181818181817,0.8751914545454543,-2.0925914545454547,2.967782909090909
191,US,1950,10,-0.33143549523809523,0.46646196190476186,0.5313095238095238,0.4586904761904762,-0.36042559999999957,-2.6685238,2.3080982000000003
191,US,1960,97,-0.27303358861070204,0.6375703210603829,0.30758468335787925,0.6781541482572411,1.7710449896907214,-1.3225807835051546,3.0936257731958765
191,US,1970,89,-0.6112543091492777,0.4109731120385233,0.5500044587123238,0.4405252363117531,-1.5509867865168538,-4.891029820224719,3.340043033707865
191,US,1980,154,-0.6393029344104308,0.4941974475005153,0.5484101216244073,0.44412234590806016,-1.0576852077922076,-3.578282493506493,2.5205972857142855
191,US,1990,64,-0.434746750545635,0.6464025626488096,0.48960813492063493,0.508829365079365,1.9800565624999997,-3.6899861562500007,5.67004271875
191,US,2000,61,-0.8820680701925578,0.517882980562061,0.6418943533697633,0.3493169398907104,-2.947740426229508,-5.691341081967213,2.7436006557377053
191,US,2010,33,-0.7277774191919192,0.36052569797979805,0.6071428571428571,0.3928571428571429,-2.388385878787879,-4.928382424242425,2.539996545454546
191,US,2020,7,-0.3196771428571429,0.26445028571428575,0.6904761904761905,0.3095238095238095,-0.1961605714285715,-0.9220200000000001,0.7258594285714286
192,US,1930,6,-0.23974636666666663,0.5407117380952381,0.4853174603174603,0.5146825396825396,1.4490706666666666,-0.950468,2.3995386666666665
192,US,1940,2,-0.410337,0.28460699999999994,0.6,0.4,-1.2573000000000003,-4.10337,2.84607
192,US,1950,6,-0.42597078333333327,0.5614925944444445,0.40277777777777773,0.5972222222222222,0.46075600000000033,-2.573528666666667,3.0342846666666667
192,US,1960,5,-0.7108726466666665,1.3999339799999997,0.4416666666666667,0.5583333333333333,4.033723999999999,-2.951684399999999,6.985408399999999
192,US,1970,2,-0.5663947999999999,0.7401308,0.5,0.5,1.7373600000000002,-5.663947999999999,7.401307999999998
192,US,1980,38,-0.6278476928571429,0.5416102312030076,0.47556390977443613,0.5244360902255639,-0.3252135789473684,-1.6463614210526316,1.3211478421052634
192,US,1990,4,-0.14184629999999995,0.2761104499999999,0.5,0.5,0.6019794999999999,-0.7631429999999999,1.3651224999999998
192,US,2000,4,-0.3468434000000001,0.33337525000000007,0.55,0.45,-0.10020100000000043,-3.275076500000001,3.1748755000000006
192,US,2010,4,-0.5857495500000001,0.6707887,0.4,0.6,0.8503915000000002,-5.8574955,6.7078869999999995
192,US,2020,4,-1.1791951666666667,0.17703749999999996,0.8333333333333333,0.16666666666666666,-2.7142455000000005,-3.2453580000000004,0.5311124999999999
193,US,1930,14,-0.1264012380952381,0.1504768571428571,0.3988095238095238,0.6011904761904762,0.13509185714285707,-0.4005941428571428,0.5356859999999999
193,US,1940,25,-0.23752243199999998,0.23167484990476184,0.548952380952381,0.4390476190476191,-0.1269188800000002,-1.51278328,1.3858643999999998
193,US,1950,47,-0.4730272693009118,0.203347083485309,0.576950354609929,0.40086119554204663,-1.7504599574468085,-3.323066170212766,1.5726062127659572
193,US,1960,44,-0.5246393580627706,0.17910223879870132,0.6564574314574314,0.3321789321789322,-2.2546190909090913,-3.533740590909091,1.2791214999999998
193,US,1970,48,-0.4264520470899471,0.2989373537863756,0.5463624338624339,0.4439153439153439,-1.1167109583333334,-3.6167687916666664,2.500057833333333
193,US,1980,61,-0.7980278183970856,0.368829162568306,0.5996877439500391,0.40031225604996096,-2.371618393442623,-4.657469836065574,2.285851442622951
193,US,1990,82,-0.4388373985578784,0.42764792854239253,0.49926926054974835,0.49595431668602397,0.15658170731707322,-3.1682092195121947,3.3247909268292677
193,US,2000,39,-0.605142193040293,0.4569324031746032,0.6106837606837606,0.37556980056980055,-1.999135128205128,-4.6462481538461535,2.6471130256410262
193,US,2010,30,-0.44664808410052903,0.42068457669312165,0.5234391534391534,0.4567989417989418,-0.2858018666666658,-3.7512747333333323,3.4654728666666665
193,US,2020,24,-0.6174312916666665,0.381253847222222,0.548611111111111,0.4305555555555556,-0.7680953333333336,-1.7496779166666663,0.9815825833333326
194,US,1930,14,-0.13653403571428577,0.2194016071428572,0.4226190476190476,0.5773809523809524,0.42693799999999993,-0.386769285714286,0.813707285714286
194,US,1940,14,-0.1509245306122449,0.17404807346938775,0.4806972789115646,0.5103741496598639,0.1814645714285715,-1.3776965714285716,1.559161142857143
194,US,1950,11,-0.21682487099567105,0.16627326320346322,0.49264069264069266,0.5073593073593073,-0.41910000000000003,-1.6437025454545455,1.2246025454545455
194,US,1960,16,-0.24142280833333335,0.20524529791666668,0.5427083333333333,0.43645833333333334,0.12087187499999996,-0.99574325,1.116615125
194,US,1970,29,-0.20059007701149428,0.26988579310344835,0.5026819923371647,0.49731800766283524,0.05785986206896541,-1.0572364827586205,1.115096344827586
194,US,1980,15,-0.2483453688888889,0.3756614111111111,0.42037037037037034,0.5796296296296296,1.1453362666666664,-2.3968453333333333,3.5421815999999997
194,US,1990,13,-0.42259827289377305,0.19732802252747267,0.5741758241758241,0.4258241758241758,-1.4880093846153846,-3.0787129230769237,1.5907035384615393
194,US,2000,14,-0.3828506345238095,0.27929502976190496,0.5732142857142858,0.41964285714285715,-0.1066788571428561,-2.337816,2.231137142857144
194,US,2010,10,-0.2197148799999999,0.16229056000000003,0.5700000000000001,0.42000000000000004,-0.5742431999999988,-2.197148799999999,1.6229056000000004
194,US,2020,10,-0.33893813333333295,0.18115266666666632,0.6,0.4,-0.47335639999999995,-1.016814399999999,0.543457999999999
195,US,1930,22,-0.31781169696969697,0.2716356818181818,0.5,0.45454545454545453,-0.02071245454545447,-0.9665622727272727,0.9458498181818182
195,US,1940,19,-0.2505107468671679,0.2130010476190476,0.5055137844611529,0.48790726817042607,0.08085210526315775,-1.9490352631578947,2.0298873684210523
195,US,1950,15,-0.22061875555555555,0.14107611555555558,0.5212962962962963,0.47203703703703703,-0.7506208,-2.119884,1.3692632
195,US,1960,53,-0.20312343459119503,0.2798741314465409,0.5004716981132076,0.4938679245283019,0.2166956603773584,-0.9468062641509435,1.163501924528302
195,US,1970,25,-0.3365188346666666,0.2115652186666667,0.5902222222222222,0.4017777777777778,-0.8986107200000001,-2.96113224,2.0625215199999998
195,US,1980,31,-0.3634404259600614,0.29382119139784946,0.52452636968766,0.4676395289298515,-0.35410877419354836,-3.1619558709677418,2.8078470967741933
195,US,1990,29,-0.22937077241379308,0.24599367816091952,0.4729885057471264,0.5201149425287357,0.25855420689655184,-2.0130990344827584,2.2716532413793105
195,US,2000,40,-0.30549061166666674,0.3837632091666666,0.5133333333333333,0.4841666666666667,0.08458214999999969,-2.2952201000000003,2.37980225
195,US,2010,21,-0.3255947142857143,0.28989868095238097,0.5329365079365079,0.46706349206349207,-0.4718595238095242,-2.631513047619048,2.1596535238095234
195,US,2020,15,-0.3603411999999998,0.13130111111111106,0.6555555555555554,0.3444444444444444,-0.6597898666666662,-1.0355067999999994,0.3757169333333332
196,US,1940,14,-0.26166523809523795,0.20492340476190454,0.48214285714285715,0.5178571428571429,-0.14412728571428582,-1.098803142857142,0.9546758571428564
196,US,1950,24,-0.28858912847222223,0.3537650868055555,0.500462962962963,0.49953703703703706,-0.10928266666666686,-1.85483475,1.7455520833333331
196,US,1960,22,-0.5387292238095235,0.7913069372294372,0.4095238095238095,0.5904761904761905,0.7162804545454553,-3.1036250909090897,3.8199055454545454
196,US,1970,11,-0.07608024242424229,0.3055265757575756,0.29797979797979796,0.702020202020202,1.2851458181818183,-0.6062765454545449,1.8914223636363632
196,US,1980,7,-0.2864249999999999,0.3090646897959183,0.3408163265306122,0.6591836734693877,0.8199137142857145,-1.6030311428571415,2.422944857142856
196,US,1990,5,-0.3784598133333332,0.13949679999999995,0.7333333333333333,0.26666666666666666,-1.5937991999999999,-2.5947623999999996,1.0009631999999997
196,US,2000,8,-0.4343206875000002,0.5016149187500001,0.49583333333333335,0.5041666666666667,0.09753674999999962,-3.255071750000001,3.3526085000000005
196,US,2010,1,-0.20909299999999967,0.2206749999999998,0.5,0.5,0.11582000000000114,-2.0909299999999966,2.2067499999999978
197,US,1930,3,-0.11819466666666663,0.3384973333333334,0.3333333333333333,0.6666666666666666,0.6609080000000002,-0.35458399999999995,1.015492
197,US,1940,3,-0.3460383111111111,0.2758214222222222,0.5518518518518518,0.4481481481481482,-0.6492240000000001,-3.2552640000000004,2.60604
197,US,1950,3,-0.18917920000000002,0.13686931111111109,0.6638888888888889,0.3361111111111111,-0.48463200000000023,-1.670812,1.18618
197,US,1960,7,-0.36581457142857143,0.3053442857142858,0.5357142857142857,0.4642857142857143,-0.31786314285714257,-2.1153122857142854,1.797449142857143
197,US,1970,8,-0.178326675,0.19430999999999995,0.575,0.4,-0.12210975000000007,-1.3131157499999997,1.1910059999999998
197,US,1980,5,-0.23434765714285716,0.2865294171428571,0.37857142857142856,0.6214285714285714,0.2657856,-2.0656296000000003,2.3314152
197,US,1990,6,-0.20033364285714295,0.3015596023809524,0.3821428571428571,0.6178571428571429,1.0297146666666668,-1.0949950000000006,2.1247096666666674
197,US,2000,5,-0.27447228,0.17481780000000008,0.61,0.39,-0.9677411999999995,-2.5383732,1.570632000000001
197,US,2010,2,-0.2841499999999997,0.4032889999999998,0.5,0.5,1.1567190000000012,-2.537461999999997,3.6941809999999977
197,US,2020,2,-0.46735999999999944,0.05435633333333294,0.6666666666666666,0.3333333333333333,-1.2390109999999994,-1.4020799999999982,0.1630689999999988
198,US,1960,14,-0.2044874285714285,0.28291971428571416,0.35714285714285715,0.6428571428571429,0.15686457142857138,-0.408974857142857,0.5658394285714283
198,US,1970,6,-0.2627118518518518,0.17410819259259255,0.662962962962963,0.337037037037037,-0.8663940000000001,-2.575556666666666,1.709162666666666
198,US,1980,9,-0.369650814814815,0.4196400864197532,0.46913580246913583,0.5197530864197532,0.11260799999999963,-2.2501000000000024,2.3627080000000023
198,US,1990,9,-0.23112856666666662,0.20007854814814813,0.6222222222222222,0.37777777777777777,-0.006265111111110795,-1.8545371111111106,1.848272
198,US,2000,9,-0.3468043095238096,0.22303973015873024,0.642063492063492,0.34206349206349207,-1.175851111111111,-3.3573715555555563,2.181520444444445
199,US,1930,2,-0.10769733333333349,0.11201433333333337,0.5833333333333333,0.41666666666666663,-0.02591100000000046,-0.31394800000000056,0.2880370000000001
199,US,1940,3,-0.05096459999999999,0.14179491666666666,0.3333333333333333,0.625,0.7213593333333334,-0.4317959999999999,1.1531553333333333
199,US,1950,6,-0.8422549111111111,0.6259231444444444,0.5666666666666667,0.37777777777777777,-1.332229333333333,-4.041644666666666,2.709415333333333
199,US,1960,7,-0.5868595388888886,0.385478891269841,0.5115079365079366,0.4884920634920635,-1.2196337142857143,-3.9280005714285697,2.7083668571428556
199,US,1970,15,-0.32634268042328024,0.28667884338624305,0.5327777777777778,0.4672222222222222,-0.398983333333334,-2.995674533333333,2.596691199999998
199,US,1980,20,-0.2698358700000002,0.3904433341666667,0.45999999999999996,0.5349999999999999,1.095832599999999,-2.3729467000000013,3.4687793000000005
199,US,1990,18,-0.5531667444444444,0.2515471888888888,0.5814814814814815,0.412962962962963,-1.78824611111111,-4.159332999999999,2.3710868888888887
199,US,2000,18,-0.41503020000000007,0.26893817724867725,0.6447751322751323,0.3496693121693122,-1.0270058888888893,-3.278971444444444,2.251965555555555
199,US,2010,16,-0.35807173700396844,0.18736519384920652,0.5764384920634921,0.40949900793650795,-1.405128875,-2.9901823750000016,1.5850535000000017
199,US,2020,9,-0.17255059259259242,0.16464822222222247,0.6296296296296295,0.37037037037037035,-0.023707111111109864,-0.5176517777777774,0.4939446666666675
2,US,1930,2,-0.06575399999999987,0.03806800000000007,0.6041666666666666,0.3958333333333333,-0.33070799999999867,-0.4549119999999989,0.1242040000000002
2,US,1940,23,-0.11571511842650105,0.18974564906832295,0.3778467908902691,0.606935817805383,0.3948490434782605,-0.9069783478260873,1.3018273913043479
2,US,1950,23,-0.3132155106970324,0.3503599622498273,0.46273291925465837,0.5329192546583851,-0.24715382608695743,-2.7667233043478263,2.5195694782608684
2,US,1960,352,-0.5342248385371573,0.21603843701749648,0.6690137987012986,0.3259751533189033,-1.412380130681818,-2.4894845340909093,1.0771044034090913
2,US,1970,515,-0.6637728828972106,0.20035060337031899,0.7330104792726152,0.2641824626290646,-3.8115002058252423,-5.073055506796116,1.2615553009708738
2,US,1980,468,-0.4533189678486637,0.26680421451634784,0.6533051824718491,0.3398851919685253,-1.1369820085470086,-2.8421197863247865,1.7051377777777779
2,US,1990,296,-0.3358181795554483,0.3356996523058773,0.5629088910338911,0.43438840626340625,-0.08277500000000004,-2.513518527027027,2.430743527027027
2,US,2000,238,-0.4209476585901028,0.13589628510737634,0.7180438842203548,0.276687341603308,-2.3324374285714287,-3.422641630252101,1.0902042016806723
2,US,2010,206,-0.6045186536754508,0.15137544967637537,0.7425450762829404,0.25012713823393434,-2.3972300873786407,-3.2057419417475725,0.8085118543689317
20,US,1930,2,-0.9467850000000002,0.0,1.0,0.0,-1.8935700000000004,-1.8935700000000004,0.0
20,US,1940,33,-0.4654020893939393,0.1842480575757575,0.6468614718614719,0.35313852813852814,-1.6668861818181817,-2.756222909090908,1.0893367272727268
20,US,1950,134,-1.6094165047974414,0.33904434325396826,0.7836798152096659,0.21277540867093106,-6.138467298507463,-7.791552865671642,1.653085567164179
20,US,1960,114,-1.5587349102060701,0.5759120435742131,0.7032964355332776,0.29545043163464213,-4.9935858245614035,-7.5206186842105245,2.527032859649122
20,US,1970,62,-1.198126632949309,0.5563110004608296,0.710311059907834,0.28081797235023037,-1.8988559032258063,-4.077488774193548,2.1786328709677423
20,US,1980,152,-0.4936493294434003,0.6921167897608607,0.47662124060150374,0.5157424812030075,0.867535986842106,-2.4744466447368425,3.3419826315789485
20,US,1990,67,-0.19930787238805972,0.5397347621890548,0.3493781094527363,0.6398009950248756,2.488300776119403,-1.3025847761194032,3.790885552238806
20,US,2000,47,-0.25085407497467094,0.6535474609929082,0.39257852077001015,0.5978470111448835,0.9753014893617024,-0.8266538297872351,1.8019553191489375
20,US,2010,21,-0.1682020253968257,0.5446973428571431,0.47619047619047616,0.4928571428571428,3.761158095238095,-1.599260095238097,5.360418190476191
20,US,2020,6,-0.15900388888888864,1.1768663888888886,0.05555555555555555,0.9444444444444443,2.615183333333333,-0.47701166666666595,3.092194999999999
200,US,1930,1,-0.11480799999999998,0.188976,0.6666666666666666,0.3333333333333333,0.22250400000000004,-0.34442399999999995,0.566928
200,US,1940,1,-0.31531560000000003,0.20497800000000002,0.4,0.6,-1.103376,-3.153156,2.04978
200,US,1950,1,-0.10469880000000006,0.06934200000000006,0.6,0.4,-0.3535680000000001,-1.0469880000000007,0.6934200000000006
200,US,1960,9,-0.4402404370370371,0.6209285111111111,0.4283950617283951,0.5716049382716049,0.5579533333333332,-2.0682375555555557,2.6261908888888885
200,US,1970,4,-0.15468590000000004,0.11273780000000005,0.6,0.375,-0.41948099999999966,-1.5468590000000002,1.1273780000000007
200,US,1980,4,-0.238506,0.4238244,0.325,0.675,1.115568,-2.38506,3.500628
200,US,1990,30,-0.700677606666667,0.25412931111111114,0.6477777777777778,0.3522222222222222,-1.4679164000000005,-3.1300926666666675,1.6621762666666666
200,US,2000,28,-0.554107636904762,0.21912971547619062,0.5571428571428572,0.4428571428571429,-1.7499329999999993,-3.0517569285714288,1.301823928571429
200,US,2010,10,-0.5106753838095239,0.44860579523809535,0.47619047619047616,0.5238095238095238,-0.3438139999999998,-3.030322000000001,2.686508000000001
200,US,2020,10,-0.4913887333333335,0.11511333333333344,0.6666666666666666,0.3333333333333333,-1.1167866000000004,-1.4621266000000006,0.34534000000000037
201,US,1930,72,-0.20911204860008817,0.07181046013007056,0.709727733686067,0.290272266313933,-1.0385425,-1.4781108333333333,0.43956833333333334
201,US,1940,162,-0.4327902580540859,0.11343341428081521,0.8377914951989026,0.15925925925925927,-2.0787176296296295,-2.957934271604938,0.8792166419753085
201,US,1950,287,-0.7764918258945854,0.27178109895746916,0.7731693490404292,0.22342929041535312,-2.8266002369337975,-3.980793324041812,1.1541930871080137
201,US,1960,318,-0.5882886634795846,0.20885090020714783,0.7387154337626036,0.25918813017869624,-2.528996182389937,-3.7307474779874212,1.2017512955974843
201,US,1970,228,-0.7369403026385408,0.39311363128654975,0.6744152046783625,0.3232456140350877,-2.519860298245614,-4.753248912280702,2.233388614035088
201,US,1980,158,-0.703554584739803,0.34866983962226233,0.715014064697609,0.284985935302391,-0.8689196075949367,-2.246422569620253,1.3775029620253163
201,US,1990,13,-0.3862806728937728,0.3850691089743589,0.5757936507936507,0.42420634920634925,-0.6948210769230772,-3.0870333846153843,2.392212307692307
201,US,2000,13,-0.541170462820513,0.5303085833333333,0.5121794871794871,0.4878205128205128,-0.8295315384615389,-2.906273076923078,2.0767415384615386
201,US,2020,1,-0.6293999999999969,0.0,1.0,0.0,-1.2587999999999937,-1.2587999999999937,0.0
202,US,1960,42,-1.0556972233560091,0.4975875238095236,0.76921768707483,0.22006802721088436,-3.023943095238096,-4.826762857142858,1.8028197619047615
202,US,1970,57,-1.1044996256613757,0.167090675647452,0.8585561125034809,0.14144388749651907,-5.506907719298245,-6.359732280701754,0.8528245614035088
202,US,1980,43,-1.0078271085271315,0.2235271666666666,0.8019379844961241,0.19806201550387598,-3.1336276744186047,-4.026372558139535,0.8927448837209299
202,US,1990,4,-1.645736708333333,0.16372229166666688,0.8604166666666666,0.13958333333333334,-8.049007499999998,-8.743952499999999,0.6949450000000006
202,US,2000,3,-1.3423897222222216,1.589361666666665,0.38888888888888884,0.611111111111111,-2.225043333333337,-7.277606666666664,5.052563333333327
203,US,1970,32,-0.3722025781001984,0.25929472227182543,0.5833085317460317,0.41278521825396824,-0.688895625,-2.2562821875,1.5673865625000003
203,US,1980,13,-0.44786092307692305,0.2729518205128206,0.48717948717948717,0.5128205128205128,-0.3301236923076922,-1.0754756923076922,0.7453520000000002
203,US,1990,6,-0.2727090833333334,0.27115125,0.5,0.5,-0.061975666666666984,-2.615944666666667,2.553969
203,US,2000,50,-0.448847584,0.614309909952381,0.47528571428571426,0.5218571428571428,0.89989076,-3.04684212,3.9467328800000003
203,US,2010,52,-0.6234496303113554,0.30820341510988997,0.5984050671550671,0.40159493284493286,-0.8049352307692311,-1.791783769230769,0.9868485384615381
203,US,2020,12,-0.3620775,0.1443356666666665,0.625,0.375,-0.435483666666667,-0.724155,0.288671333333333
204,US,1970,5,-0.19385200000000005,0.9181591666666666,0.35,0.65,1.4624319999999997,-0.7004280000000002,2.16286
204,US,1980,16,-0.5752499553571429,0.5096582306547619,0.5015873015873016,0.4984126984126984,-0.5201598749999996,-4.558285124999999,4.03812525
204,US,1990,19,-0.2842017473684211,0.3700248165413534,0.4760233918128655,0.5239766081871345,0.6371928421052631,-2.444815789473685,3.0820086315789474
204,US,2000,115,-0.720092150289855,0.28094988449275354,0.6554106280193237,0.343719806763285,-1.320897408695652,-2.3388631304347824,1.0179657217391302
204,US,2010,10,-0.26217411999999995,0.2625700999999999,0.48,0.52,0.003959799999999491,-2.6217411999999998,2.6257009999999994
204,US,2020,10,-0.3685789,0.2052829000000002,0.5,0.5,-0.32659199999999955,-0.7371578,0.4105658000000004
205,US,2000,10,-0.33520380000000005,0.14592300000000002,0.55,0.45,-0.3785616,-0.6704076000000001,0.29184600000000005
205,US,2010,26,-0.14696716043956043,0.1317321846153846,0.5357142857142857,0.44368131868131866,-0.02543907692307696,-0.8168052307692307,0.7913661538461537
206,US,1970,4,-0.4599940000000001,0.41389291666666683,0.4583333333333333,0.5416666666666666,-0.2213615000000001,-1.830705000000001,1.6093435000000007
206,US,1980,2,-0.13970000000000007,0.21285133333333334,0.3333333333333333,0.6666666666666666,0.21945399999999982,-0.41910000000000025,0.6385540000000001
206,US,2000,2,-0.28056859999999995,0.39471619999999996,0.5,0.5,0.570738,-1.4028429999999998,1.9735809999999998
206,US,2010,2,-0.6408426666666667,0.42341799999999996,0.5833333333333333,0.41666666666666663,-0.6781820000000002,-1.89281,1.2146279999999998
207,US,1930,23,-0.27853947639751553,0.09632973664596273,0.6239130434782608,0.3760869565217391,-1.2963939130434783,-2.131214608695652,0.834820695652174
207,US,1940,56,-0.1972491057823129,0.18784314090136056,0.5221938775510204,0.47378826530612245,0.16334025000000013,-1.4819809999999998,1.64532125
207,US,1950,74,-0.24930156081081084,0.2555423494851995,0.5371192621192621,0.45747533247533245,-0.010873891891892008,-2.2404861351351353,2.2296122432432433
207,US,1960,636,-0.12323251039482877,0.16542234221822902,0.41392258161126083,0.5821147798742138,0.03861744654088056,-0.5318592358490566,0.5704766823899371
207,US,1970,670,-0.12523225704690832,0.12530128421819475,0.5061881070836295,0.48819474058280027,-0.0251938179104478,-0.8320425850746268,0.8068487671641791
207,US,1980,121,-0.10950877190082645,0.16208109240456517,0.44669421487603306,0.553305785123967,0.23847467768595046,-0.4264679008264463,0.6649425785123968
207,US,1990,3,-0.08923866666666662,0.1327996666666666,0.3888888888888889,0.6111111111111112,0.26568399999999986,-0.4297679999999997,0.6954519999999995
207,US,2000,15,-0.2605362044444444,0.2934139822222222,0.43555555555555553,0.5644444444444444,0.12374880000000019,-0.8118854666666666,0.9356342666666667
207,US,2010,12,-0.2613924791666667,0.26303291666666667,0.5347222222222222,0.46527777777777773,0.06477016666666661,-1.9516091666666668,2.0163793333333335
208,US,1930,3,-0.0788924000000001,0.16535400000000003,0.4000000000000001,0.6,0.44754799999999967,-0.5638800000000005,1.0114280000000002
208,US,1940,3,-0.13243559999999993,0.1807972,0.36666666666666664,0.6,0.4836160000000005,-1.3243559999999992,1.8079719999999997
208,US,1950,7,-0.1556366857142857,0.3137569102040817,0.5850340136054422,0.4149659863945579,0.3032762857142858,-1.305197142857143,1.6084734285714286
208,US,1960,507,-0.13298747851977083,0.2186798738236123,0.42768776807238346,0.5690061363138286,0.4555497593688363,-0.6642324299802762,1.1197821893491124
208,US,1970,431,-0.19143779897248922,0.11148552914042646,0.5556761683791847,0.4351913232423673,-0.46634046867749424,-1.102506306264501,0.636165837587007
208,US,1980,215,-0.10487683167958657,0.24020142331118494,0.3655647840531562,0.6283628645256552,0.5968692930232559,-0.6728636465116279,1.2697329395348838
208,US,1990,164,-0.1838672548199768,0.07543497610336819,0.5744846109175378,0.4160641695702671,-0.14165767073170732,-0.5474970853658537,0.40583941463414636
208,US,2000,83,-0.11590241130235227,0.1945582154331612,0.4188181296615031,0.5771658060814687,0.04228650602409645,-0.6571744096385541,0.6994609156626506
208,US,2010,89,-0.1600819836811129,0.10931719028000714,0.5590244337435348,0.4409755662564651,-0.22883970786516852,-1.0597453033707864,0.8309055955056179
209,US,1940,2,-0.02446020000000002,0.06484620000000005,0.30000000000000004,0.7,0.31470600000000015,-0.2049780000000001,0.5196840000000003
209,US,1950,3,-0.09415780000000001,0.07790180000000001,0.5166666666666666,0.48333333333333334,-0.07416800000000005,-0.7350760000000002,0.660908
209,US,1960,379,-0.13561234339741174,0.27576703720316625,0.46673053566193407,0.5290666750429284,0.6049838733509235,-0.6565100527704485,1.261493926121372
209,US,1970,298,-0.2520148209518483,0.11588195568072868,0.6003941621391287,0.3948519228720571,-0.9056292617449665,-1.6437003422818792,0.7380710805369128
209,US,1980,154,-0.08843804148113792,0.2861016294990723,0.366713048855906,0.6246830550401979,1.0452363766233765,-0.6290457402597404,1.674282116883117
209,US,1990,95,-0.16583644795321642,0.14449532130325818,0.47240601503759394,0.5239097744360902,0.10461082105263153,-0.8929351578947371,0.9975459789473686
209,US,2000,36,-0.17459356774691356,0.09592207253086418,0.5939043209876543,0.40609567901234567,-0.5486403333333334,-1.1872812777777775,0.6386409444444442
209,US,2010,32,-0.11042985143849207,0.13409208159722225,0.45014880952380953,0.5498511904761905,0.14297018749999998,-0.877395,1.0203651875000002
21,US,1930,26,-0.23574895747863245,0.151271048015873,0.6413614163614163,0.350946275946276,-0.6408994615384613,-1.6374782307692306,0.9965787692307693
21,US,1940,118,-0.542867434644875,0.15997591848264722,0.7436171643798762,0.25638283562012376,-1.690245610169492,-2.27810886440678,0.5878632542372881
21,US,1950,402,-0.8030729788813867,0.25631698702124295,0.7481165600568586,0.24893982468609333,-2.9740063432835817,-4.311657348258707,1.3376510049751245
21,US,1960,492,-0.9995045624290231,0.37379269527519676,0.7222915860110982,0.2756928313330752,-3.8661472479674797,-6.096694093495935,2.230546845528455
21,US,1970,236,-0.96137221578558,0.19912119435700848,0.7955727064837235,0.20040186978746302,-3.3591729237288135,-4.237357915254237,0.8781849915254242
21,US,1980,383,-1.2026978084980728,0.501068013614323,0.7120757180156658,0.27538232002983964,-2.4831012480417756,-4.453697592689295,1.9705963446475194
21,US,1990,136,-1.287484186572129,0.6750575224089639,0.6969800420168067,0.2965861344537815,-1.7247077941176465,-6.284033926470589,4.559326132352942
21,US,2000,84,-0.7913879811791384,0.908603177069161,0.4279761904761905,0.5720238095238095,-0.7434397142857146,-4.103043166666668,3.359603452380952
21,US,2010,10,-0.11681418214285703,0.5338395785714287,0.17607142857142857,0.8239285714285713,2.859938000000002,-0.9640829999999994,3.824021000000001
21,US,2020,6,-0.010794999999999888,0.44805527777777715,0.08333333333333333,0.9166666666666666,1.3106383333333322,-0.021589999999999776,1.332228333333332
210,US,1950,4,-0.11277570833333342,0.2936714791666667,0.375,0.625,0.8351529999999996,-0.6374110000000006,1.4725640000000002
210,US,1960,5,-0.20466836190476187,0.21987735365079358,0.47404761904761905,0.4859523809523809,0.07132279999999983,-1.8504407999999999,1.9217635999999996
210,US,1970,69,-0.19782350731538997,0.1560737418909593,0.5020703933747411,0.49430641821946164,-0.1292972463768117,-0.7320940289855075,0.6027967826086957
210,US,1980,68,-0.14520595714285717,0.19136335465686277,0.5110060690943045,0.45566059757236227,0.2193216764705883,-0.656687,0.8760086764705883
210,US,1990,71,-0.09840659527162979,0.17065173524480215,0.4398558014755198,0.5527498323272971,0.32521304225352105,-0.6704519436619719,0.995664985915493
210,US,2000,39,-0.1621866349206349,0.08949799536019534,0.6276353276353276,0.3698005698005698,-0.6220649743589742,-1.3929745128205127,0.7709095384615383
210,US,2010,26,-0.14961258589743584,0.13603296410256405,0.5381410256410256,0.46185897435897433,0.023093923076923158,-1.1104689230769227,1.1335628461538458
210,US,2020,18,-0.13275772222222243,0.022817888888888964,0.7777777777777778,0.2222222222222222,-0.21987966666666692,-0.26551544444444486,0.04563577777777793
211,US,1950,1,-0.21000719999999995,0.20589239999999992,0.5,0.5,-0.041148000000000184,-2.1000719999999995,2.0589239999999993
211,US,1960,5,-0.22395932000000013,0.6423050400000001,0.545,0.45499999999999996,3.4542992000000003,-1.606904800000001,5.061204000000001
211,US,1970,9,-0.4402313135802469,0.17459222716049386,0.5419753086419753,0.45802469135802465,-1.1494355555555549,-2.516634444444444,1.3671988888888893
211,US,1980,9,-0.3088362962962965,0.16395731481481476,0.49074074074074076,0.5092592592592592,-0.71170888888889,-1.4859022222222231,0.7741933333333333
211,US,1990,1,-0.7508739999999996,0.9983719999999998,0.5,0.5,2.474980000000002,-7.508739999999996,9.983719999999998
211,US,2000,1,-0.235154,0.33939499999999967,0.5,0.5,1.0424099999999967,-2.35154,3.3939499999999967
211,US,2010,2,-0.13728733333333326,0.2808922500000004,0.5833333333333333,0.41666666666666663,0.5227310000000014,-0.46710699999999994,0.9898380000000013
212,US,1990,1,-0.09220200000000012,0.5871210000000002,0.5,0.5,1.9796760000000004,-0.36880800000000047,2.348484000000001
212,US,2000,3,-0.046736,0.092456,0.3333333333333333,0.6666666666666666,0.09144000000000001,-0.093472,0.184912
212,US,2010,23,-0.3878137110075915,0.2690115590062112,0.5612836438923395,0.43871635610766047,-0.5582466956521739,-2.505455391304348,1.9472086956521744
212,US,2020,11,-0.3701706060606061,0.04170212121212122,0.8181818181818182,0.18181818181818182,-0.9362909090909092,-1.061397272727273,0.12510636363636365
213,US,1970,2,-0.3734641666666661,0.009398000000000005,0.7777777777777778,0.2222222222222222,-0.8549629999999988,-0.9395449999999989,0.08458200000000005
213,US,1980,3,-0.10354616666666654,0.6118428333333334,0.47222222222222215,0.5277777777777778,2.0568933333333344,-0.3723593333333328,2.429252666666667
213,US,2000,2,-0.28087449999999997,0.2073673333333334,0.6333333333333333,0.3666666666666667,-0.4084299999999992,-1.5765849999999997,1.1681550000000005
213,US,2010,2,0.0,1.2866374999999994,0.0,1.0,2.573274999999999,0.0,2.573274999999999
213,US,2020,1,-1.5184126666666666,0.5831840000000001,0.3333333333333333,0.6666666666666666,-2.8056859999999997,-4.555238,1.7495520000000004
214,US,1950,1,-0.013208000000000109,0.022352,0.3333333333333333,0.6666666666666666,0.02743199999999968,-0.039624000000000326,0.067056
214,US,1960,1,-0.07680959999999999,0.05288279999999999,0.5,0.5,-0.23926800000000004,-0.7680959999999999,0.5288279999999999
214,US,1970,7,-1.2338557142857156,0.41340428571428794,0.5476190476190476,0.35714285714285715,-2.0197257142857126,-2.9234600000000026,0.9037342857142902
214,US,1980,5,-0.5905500000000001,0.07924800000000023,0.65,0.3,-0.9174479999999996,-1.2161520000000006,0.29870400000000097
214,US,2000,2,-0.5636258333333348,0.0,1.0,0.0,-2.3789650000000044,-2.3789650000000044,0.0
214,US,2010,2,-0.07594600000000007,0.20154950000000094,0.3333333333333333,0.6666666666666666,0.29413300000000175,-0.2278380000000002,0.521971000000002
214,US,2020,1,-0.18643600000000018,0.08128000000000017,0.6666666666666666,0.3333333333333333,-0.3154680000000001,-0.5593080000000006,0.2438400000000005
215,US,1940,1,-0.45720000000000005,0.0,1.0,0.0,-0.9144000000000001,-0.9144000000000001,0.0
215,US,1950,1,-0.19781520000000002,0.14752320000000005,0.7,0.3,-0.5029199999999996,-1.9781520000000001,1.4752320000000005
215,US,1960,2,-0.151638,0.138938,0.4444444444444444,0.5555555555555556,-0.23926800000000004,-1.076706,0.8374379999999999
215,US,1970,1,-0.08229600000000004,0.6187440000000001,0.5,0.5,1.072896,-0.16459200000000007,1.2374880000000001
215,US,1980,8,-0.24033389285714285,0.1145367642857143,0.6107142857142857,0.3892857142857143,-0.4657724999999999,-0.997077,0.5313045000000001
215,US,2000,12,-0.20589028333333334,0.05521748333333334,0.6888888888888888,0.3111111111111111,-0.591058,-0.7738109999999999,0.18275300000000003
215,US,2010,13,-0.08362852307692308,0.14261123076923077,0.3756410256410256,0.6243589743589744,0.23164800000000005,-0.6258950769230769,0.857543076923077
215,US,2020,11,-0.06541654545454549,0.07497618181818182,0.5303030303030303,0.46969696969696967,0.023829818181818094,-0.19271672727272737,0.2165465454545455
216,US,1940,1,-0.516636,0.0,1.0,0.0,-1.033272,-1.033272,0.0
216,US,1950,2,-0.25278079999999997,0.10678159999999998,0.6333333333333333,0.3666666666666667,-0.553212,-1.2618719999999999,0.7086599999999998
216,US,1960,2,-0.1538224,0.194183,0.45,0.55,0.25831800000000005,-1.09728,1.355598
216,US,1970,3,-0.07531099999999998,0.3513836000000001,0.3333333333333333,0.6666666666666666,0.8239760000000002,-0.6497319999999999,1.473708
216,US,1980,7,-0.5726794761904769,0.2656055000000001,0.6507936507936508,0.3492063492063492,-0.913094000000002,-1.993610285714288,1.080516285714286
216,US,1990,84,-0.5649828341269842,0.30050928240740743,0.5880291005291005,0.41197089947089943,-0.5170539523809525,-1.488948880952381,0.9718949285714286
216,US,2000,4,-0.0957072,0.0599313,0.475,0.525,-0.24117300000000003,-0.78867,0.547497
216,US,2010,3,-0.03803650000000001,0.05930900000000001,0.4166666666666667,0.5833333333333334,0.17018,-0.30429200000000006,0.47447200000000006
216,US,2020,2,-0.07289799999999999,0.02794,0.5,0.5,-0.13487399999999994,-0.21869399999999994,0.08381999999999999
217,US,1970,1,-0.3728720000000001,0.41706800000000016,0.6666666666666666,0.3333333333333333,0.13258800000000015,-1.1186160000000003,1.2512040000000004
217,US,1980,51,-0.4300247395424837,0.21401962483660134,0.572875816993464,0.4148692810457516,-0.515052431372549,-1.3671775294117647,0.8521250980392158
217,US,1990,148,-0.5436209578936079,0.35714548475975977,0.5683933933933933,0.4316066066066066,-0.4665292837837837,-1.6651248513513512,1.1985955675675675
217,US,2000,23,-0.38821456376811586,0.1429972782608696,0.6815217391304348,0.30978260869565216,-1.1072198260869561,-1.8504664347826085,0.7432466086956523
217,US,2010,1,-0.31744880000000003,0.5632699999999999,0.6,0.4,2.4582119999999996,-3.174488,5.6327
218,US,1960,52,-0.1687303262820513,0.38272337371794857,0.375,0.6137820512820512,0.9855590384615378,-0.5766584230769232,1.562217461538461
218,US,1970,8,-0.22162736249999998,1.2569853750000002,0.24375000000000002,0.75625,4.492180500000002,-1.3068282500000001,5.799008750000001
218,US,1980,27,-0.2870850134038801,0.3296447379188714,0.4573192239858907,0.5167548500881834,0.23102733333333353,-1.178785777777778,1.4098131111111114
218,US,1990,7,-0.3420528571428569,0.31817402380952375,0.5496031746031746,0.4503968253968254,-0.04267199999999934,-1.4763197142857136,1.4336477142857142
218,US,2000,2,-0.5137405000000005,0.2708145000000002,0.7,0.3,-2.429260000000003,-5.137405000000005,2.708145000000002
218,US,2010,1,-0.6518140000000002,0.5608320000000007,0.7,0.3,-0.9098199999999963,-6.5181400000000025,5.608320000000006
218,US,2020,1,-0.8199133333333345,0.0,1.0,0.0,-2.4597400000000036,-2.4597400000000036,0.0
219,US,1960,1,0.0,3.115056,0.0,1.0,6.230112,0.0,6.230112
219,US,1970,8,-0.41700479166666665,0.6362065833333334,0.5416666666666666,0.4583333333333333,1.0328907500000002,-2.40525375,3.4381445
219,US,1980,9,-0.5166362870370373,0.15074325925925913,0.7620370370370371,0.23796296296296296,-1.2230962222222241,-2.1491795555555573,0.9260833333333329
219,US,1990,5,-0.25379658888888895,0.3270335333333334,0.5083333333333333,0.4916666666666666,0.4498879999999998,-1.9415748000000002,2.3914628
219,US,2000,1,-0.004571999999999957,0.050945142857142835,0.14285714285714285,0.8571428571428571,0.3246120000000001,-0.0320039999999997,0.3566159999999998
219,US,2010,1,-0.028003749999999883,0.034099999999999575,0.375,0.625,0.04876999999999754,-0.22402999999999906,0.2727999999999966
22,US,1940,15,-0.43086471603174614,0.2794970017460318,0.7097619047619048,0.29023809523809524,-0.8513056000000001,-1.796998266666667,0.9456926666666668
22,US,1950,24,-0.3996150839616402,0.2640780046957672,0.578505291005291,0.41628637566137566,-0.8040370833333333,-3.0314259166666666,2.2273888333333334
22,US,1960,22,-0.8891946976911977,0.6374337147186147,0.5985028860028859,0.40149711399711396,-0.7524427272727273,-4.880960181818182,4.128517454545455
22,US,1970,62,-0.5768591488479266,0.4524330152841783,0.5741551459293395,0.420468509984639,-0.3780560000000005,-2.5684844193548395,2.190428419354839
22,US,1980,57,-0.631916571637427,0.4575734020467835,0.4361111111111111,0.5309941520467836,-0.5804578596491234,-2.105928421052632,1.5254705614035085
22,US,1990,59,-0.29169968264729645,0.14276879927360775,0.6606941081517352,0.31979418886198546,-0.9196434576271193,-1.6781582711864413,0.7585148135593218
22,US,2000,139,-0.2194463712801186,0.17241695656046588,0.5657645312321572,0.43133778691332647,-0.266184575539568,-1.1671640863309345,0.9009795107913665
22,US,2010,104,-0.1556011795253358,0.1215648135683761,0.5882364163614164,0.40887896825396824,-0.32757223076923075,-1.10941375,0.7818415192307694
22,US,2020,69,-0.11480421739130427,0.08805713043478264,0.5314009661835748,0.46859903381642504,-0.06588489855072441,-0.31628507246376797,0.2504001739130436
220,US,1940,129,-0.26271870090439275,0.31020605990525413,0.4722560600467577,0.526193552356343,0.06744595348837214,-1.4178040930232558,1.485250046511628
220,US,1950,32,-0.7661681126488095,0.5303636925595238,0.5593998015873016,0.44060019841269843,-1.0922786875,-4.55985525,3.4675765624999997
220,US,1960,36,-0.34807232638888885,0.6108820361111111,0.4287037037037037,0.5712962962962963,1.3205888333333335,-1.8398486666666665,3.1604375
220,US,1970,21,-0.5799323149659864,0.6319669710884354,0.5736394557823129,0.4263605442176871,0.4462411428571429,-5.4366160952380955,5.882857238095238
220,US,1980,11,-0.6013564545454545,0.32385589393939385,0.6287878787878788,0.37121212121212116,-1.6371903636363634,-3.6413896363636358,2.004199272727272
220,US,1990,15,-0.3813763161904762,0.5062486428571429,0.5142063492063492,0.48579365079365083,0.47508160000000027,-2.3559010666666667,2.830982666666667
220,US,2000,9,-0.5553571851851855,0.2722881481481484,0.574074074074074,0.37037037037037035,-0.6256871111111112,-1.1817782222222228,0.5560911111111115
220,US,2010,8,-1.3784741249999999,0.06624625000000006,0.9375,0.0625,-5.076445499999999,-5.3414304999999995,0.26498500000000025
220,US,2020,3,-1.2771111111111118,0.0,1.0,0.0,-2.8656266666666688,-2.8656266666666688,0.0
221,US,1940,8,-0.23844224999999997,0.1423032500000001,0.625,0.3333333333333333,-0.5057775,-0.97402525,0.46824774999999996
221,US,1950,68,-2.207959874159664,0.5543906927521007,0.7118347338935574,0.28816526610644255,-6.48081,-8.495694411764706,2.014884411764706
221,US,1960,87,-1.5191411694672503,1.0013978970078454,0.6882776865535487,0.31057288815909506,-4.287536597701149,-8.45168183908046,4.16414524137931
221,US,1970,73,-1.359035219308545,0.6024282777560338,0.7098064796694934,0.2901935203305066,-4.450873589041096,-8.235403917808219,3.7845303287671226
221,US,1980,39,-0.6305986295278793,0.529437934065934,0.5679588929588929,0.42068579568579567,-0.42468820512820427,-4.485873076923077,4.061184871794872
221,US,1990,32,-0.5237784123263888,0.3386061510416667,0.5340277777777778,0.4440972222222222,-0.7502371874999996,-2.6961474999999995,1.9459103125
221,US,2000,26,-0.44746076739926716,0.3090357023809522,0.5574175824175824,0.44258241758241756,-0.22473076923076937,-1.7284503846153842,1.5037196153846148
222,US,1950,81,-0.6765039002155595,0.06478124337644518,0.914055457573976,0.08594454242602391,-4.517888691358024,-5.067545061728395,0.54965637037037
222,US,1960,62,-0.6146853286738352,0.1523944157578086,0.8093061955965182,0.18908090117767537,-3.1115159677419353,-4.3992218387096775,1.2877058709677422
222,US,1970,71,-0.4880638876257546,0.22201866706908122,0.7374860272747596,0.2625139727252403,-1.933033352112676,-3.4139960845070427,1.4809627323943666
222,US,1980,53,-0.6749660204402518,0.17840183647798732,0.8033018867924528,0.19669811320754718,-1.0363486415094345,-1.6133123773584908,0.5769637358490564
222,US,1990,4,-0.2200468750000003,0.19379550000000026,0.625,0.34375,-0.30709000000000053,-1.9945375000000025,1.687447500000002
222,US,2000,4,-0.827396285714286,0.5009549285714282,0.6178571428571429,0.3821428571428571,-1.7042150000000031,-4.268725000000002,2.5645099999999985
223,US,1950,19,-0.32230912857142857,0.28027075250626554,0.5242481203007519,0.47575187969924815,-0.36287105263157926,-1.7759414736842105,1.4130704210526313
223,US,1960,31,-0.4503819557603687,0.38357808602150534,0.5811827956989247,0.4188172043010752,-0.7700134193548389,-2.856566,2.086552580645161
223,US,1970,68,-0.3165926849673201,0.2549297788398692,0.5871732026143791,0.40825163398692815,-0.3990645882352939,-2.005114264705882,1.6060496764705878
223,US,1980,65,-0.2651145128205128,0.24370515897435893,0.49884615384615383,0.49730769230769234,0.012473753846153969,-0.9626051384615382,0.9750788923076921
223,US,1990,4,-0.04737479166666665,0.030674513888888772,0.5368055555555555,0.46319444444444446,-0.1333480000000009,-0.39356899999999984,0.2602209999999989
223,US,2000,4,-0.6209670833333333,0.28873437500000015,0.5833333333333333,0.41666666666666663,-1.9777749999999985,-3.6907499999999995,1.712975000000001
224,US,1950,6,-0.07787249999999984,0.028554861111111052,0.6527777777777778,0.34722222222222215,-0.16001833333333337,-0.2567949999999997,0.09677666666666636
224,US,1960,23,-0.8255227989993096,0.24162461231884041,0.8083333333333332,0.19166666666666665,-3.2009304347826086,-4.366657826086955,1.165727391304347
224,US,1970,56,-0.7558231492346937,0.29041093303571425,0.7005952380952382,0.2994047619047619,-2.4570148214285714,-4.170208571428572,1.7131937499999998
224,US,1980,42,-0.2144129226190475,0.4457573035714286,0.47003968253968254,0.5299603174603175,1.032039047619048,-0.8154490476190475,1.8474880952380954
224,US,1990,4,-0.16672549999999978,0.3237551875,0.30625,0.69375,1.4794275000000017,-1.5091399999999977,2.9885674999999994
224,US,2000,4,-2.0157439285714287,2.2091647023809524,0.5119047619047619,0.488095238095238,1.1388075000000004,-13.8523975,14.991205
225,US,1930,45,-1.0854850677777779,0.4126349566666666,0.6257407407407408,0.37425925925925924,-3.0506759555555556,-4.440055644444445,1.389379688888889
225,US,1940,225,-1.6476287546948853,0.26588389664902995,0.7876225749559083,0.21237742504409174,-6.488271013333333,-7.969720924444445,1.4814499111111112
225,US,1950,412,-1.077118998376098,0.5629485740926954,0.6637001078748652,0.33355004623208506,-4.984426995145631,-8.305496888349515,3.321069893203883
225,US,1960,643,-1.3398197956589895,0.3696837296070009,0.7262768767434398,0.2695240563825323,-6.947797853810264,-8.82873632970451,1.8809384758942453
225,US,1970,955,-1.2518095121931356,0.8762830751533284,0.612065154159395,0.3828305493226959,-3.3288804523560205,-8.545068944502619,5.216188492146596
225,US,1980,923,-1.0268888330813943,1.190564878924831,0.4777334949870161,0.5180385733202635,1.6236779349945827,-6.012567367280607,7.6362453022751895
225,US,1990,869,-1.1420045970080552,1.4818362940243301,0.4414008986793797,0.5499077575026943,2.0128686006904486,-5.699442255466052,7.712310856156503
225,US,2000,1035,-1.5302144875162949,1.693106270269151,0.47114983513534237,0.5237727168161951,1.5570707961352654,-10.704374079227053,12.261444875362319
225,US,2010,866,-1.1953783266285418,1.4442391918939477,0.475172293705781,0.520406264892408,1.0652023117782912,-6.010302491916859,7.07550480369515
225,US,2020,49,-0.557183319727891,0.31563447619047613,0.629251700680272,0.35714285714285715,-0.7463246530612243,-1.6672889795918364,0.9209643265306121
226,US,1930,33,-0.2692400707070708,0.1511377171717172,0.6161616161616161,0.3737373737373737,-0.26005000000000017,-0.6252096363636366,0.3651596363636364
226,US,1940,110,-0.18912873134199135,0.32091138205627706,0.4198989898989899,0.5801010101010101,0.2794461272727273,-0.9189168181818181,1.1983629454545457
226,US,1950,142,-0.5140273537502794,0.33560860766264256,0.6434076682316119,0.3557120500782473,-1.1393299014084506,-2.626925661971831,1.4875957605633803
226,US,1960,385,-0.5432279162956092,0.4300118119439291,0.5447670583384868,0.45248093176664606,-0.726274935064935,-2.643538524675325,1.9172635896103896
226,US,1970,424,-0.4999844723382749,0.4993241578260707,0.4975348158131177,0.4984463911350704,0.05674349999999995,-2.9682352641509437,3.0249787641509434
226,US,1980,292,-0.6650966703604044,0.4801459347684279,0.5591446510110893,0.4397953359425962,-0.8231272808219177,-3.0045610410958905,2.1814337602739724
226,US,1990,292,-0.49686821864535763,0.5917151795526201,0.4729683083278974,0.5227794085670798,0.6681697260273972,-2.3462241643835617,3.014393890410959
226,US,2000,295,-0.4285396699381222,0.47394796785310733,0.4653900995426419,0.531775625504439,0.5624849966101693,-2.2289456813559325,2.7914306779661016
226,US,2010,391,-0.38158139156822146,0.3696099883997077,0.5106199001339666,0.47803150245605486,-0.08812299232736577,-2.4657891406649615,2.3776661483375956
226,US,2020,281,-0.3461622645314353,0.30861087425860023,0.559311981020166,0.43416370106761565,-0.11621467615658357,-0.9691989964412812,0.8529843202846975
227,US,1930,120,-0.30907910619047624,0.23811902964285717,0.6029166666666667,0.3908333333333333,-0.2565524,-1.2872208833333334,1.0306684833333335
227,US,1940,156,-0.8082893123931623,0.160301155570818,0.7014499389499389,0.29855006105006104,-2.49623441025641,-3.0027492435897436,0.5065148333333331
227,US,1950,219,-0.7385025267920562,0.38877822924548816,0.6169493368123504,0.37924548814959774,-2.392499479452055,-4.520198566210046,2.1276990867579912
227,US,1960,242,-0.8385181424799947,0.8034932032565918,0.505362062180244,0.490390922209104,0.07985276859504116,-4.07098158677686,4.1508343553719005
227,US,1970,221,-0.47313015211161386,0.6944164481828629,0.4500269338504633,0.5477106227106227,1.1139060723981902,-2.608867538461538,3.7227736108597287
227,US,1980,195,-0.6113448936385837,0.7169394291330892,0.5146459096459096,0.48449938949938953,0.35730409230769244,-2.348468071794872,2.7057721641025645
227,US,1990,157,-0.5742320443130117,0.5225214569608736,0.5542538671519563,0.4359796784956021,-0.47563370700636914,-2.698072114649681,2.222438407643312
227,US,2000,125,-0.48833216957460324,0.4341652289333333,0.537568253968254,0.4441142857142857,-0.2082145280000002,-2.8588166400000006,2.650602112
227,US,2010,131,-0.5217814294862474,0.4622751371985945,0.5437022900763359,0.43992790500424084,-0.19072096183206058,-3.0024542900763356,2.811733328244275
227,US,2020,53,-0.6306962327044024,0.6180921194968555,0.44339622641509435,0.5566037735849056,0.005118377358490667,-1.5002194716981134,1.505337849056604
228,US,1930,1,-5.248654999999999,2.0192999999999994,0.5,0.5,-6.45871,-10.497309999999999,4.038599999999999
228,US,1940,172,-0.5117134357650425,0.41535264366002217,0.5394610557401255,0.4593761535622001,-0.7833358255813955,-2.3819760465116278,1.5986402209302326
228,US,1950,397,-0.42794143535844226,0.29080371049338294,0.5869837271600497,0.4104134180960377,-0.8796819798488665,-2.4545306750629723,1.5748486952141056
228,US,1960,568,-0.5284695119690365,0.2589492928026492,0.6243949809970937,0.373690755644981,-1.4046234753521127,-2.875857633802817,1.4712341584507043
228,US,1970,1296,-0.35179683674003037,0.3678647673709093,0.5062398956496179,0.4841153488144229,0.005920782407407436,-2.180852148148148,2.1867729305555557
228,US,1980,980,-0.24914948898364106,0.4634652472108844,0.4166609977324263,0.5723858114674442,0.9685843408163266,-1.6475652346938776,2.616149575510204
228,US,1990,695,-0.34342493258764417,0.2852373116341213,0.517163983099235,0.4759141258421834,-0.26223772374100723,-1.916540952517986,1.6543032287769783
228,US,2000,414,-0.42848981680085885,0.5785423923663829,0.3920903304961276,0.6056149835135343,0.6838857971014493,-1.7049912898550725,2.3888770869565215
228,US,2010,270,-0.2917250371546149,0.4391597056760729,0.40483098177542626,0.5827263374485596,0.8302017925925927,-1.9522612370370367,2.7824630296296293
228,US,2020,224,-0.41890952976190476,0.33068303869047616,0.5580357142857143,0.4360119047619047,-0.2237355535714287,-1.1649416339285714,0.9412060803571428
229,US,1940,3,-1.256283111111111,0.450486142857143,0.7380952380952381,0.2619047619047619,-4.655819333333333,-5.956297333333333,1.3004780000000002
229,US,1950,27,-0.43131463004115234,0.38111861563786004,0.5469135802469135,0.4530864197530864,-0.6631102962962965,-2.2002620000000004,1.537151703703704
229,US,1960,69,-0.5542387179664136,0.42714713362088796,0.463290775247297,0.536709224752703,-0.735804608695652,-2.565753275362319,1.8299486666666667
229,US,1970,25,-0.27574985333333335,0.4003553675555556,0.4851111111111111,0.5148888888888888,0.7666931999999999,-2.1924266400000003,2.95911984
229,US,1980,25,-0.2895694602222223,0.4960465003492064,0.4205714285714286,0.5754285714285714,1.5099185599999998,-1.9855895200000004,3.49550808
229,US,1990,10,-0.2606496,0.5213475583333332,0.45666666666666667,0.5433333333333333,2.1832823999999995,-1.9936958,4.1769782
229,US,2000,8,-0.16859025000000014,0.5487710750000001,0.2777777777777778,0.7222222222222222,3.6808407499999998,-1.6630637500000014,5.343904500000001
229,US,2010,14,-0.1497679693877551,0.748124125510204,0.18962585034013604,0.8103741496598639,3.6029544285714286,-0.7523115714285714,4.355266
229,US,2020,2,-0.005334000000000172,0.4381499999999998,0.25,0.75,0.8656319999999993,-0.010668000000000344,0.8762999999999996
23,US,1940,45,-0.35632635259259277,0.13546671481481498,0.7792592592592592,0.22074074074074074,-0.8456164888888891,-1.3187677333333339,0.47315124444444495
23,US,1950,249,-1.0353952191177407,0.21279069279020843,0.7899343405367502,0.2063460189966214,-3.25144475502008,-4.12691875502008,0.875474
23,US,1960,231,-1.3490972612416683,0.2858889911667698,0.7560090702947846,0.2439909297052154,-5.55317870995671,-6.9526194632034635,1.3994407532467534
23,US,1970,88,-1.2033372485569984,0.44797089195526696,0.686751443001443,0.30737734487734486,-5.175468204545454,-8.215744727272726,3.0402765227272726
23,US,1980,88,-0.5500781581439396,0.700470686417749,0.49597312409812405,0.49777687590187586,0.8999225227272724,-3.309417931818183,4.209340454545456
23,US,1990,78,-0.9034334368131871,0.25002638385225906,0.7161019536019536,0.27962454212454213,-3.884479769230769,-5.197271025641026,1.312791256410257
23,US,2000,11,-0.5523638484848475,0.03369418181818173,0.8727272727272727,0.08181818181818182,-1.967352727272725,-2.1150418181818154,0.1476890909090904
230,US,1950,13,-1.0442135384615385,0.167894,0.8205128205128205,0.17948717948717946,-1.7494347692307692,-2.1772098461538465,0.4277750769230769
230,US,1960,48,-0.27983076686507935,0.9211818251984126,0.33101851851851855,0.6689814814814815,1.7913032500000001,-1.4083664999999999,3.19966975
230,US,1970,7,-0.3442062857142857,0.4398699428571428,0.4428571428571429,0.5428571428571428,0.8826137142857142,-3.2866148571428573,4.1692285714285715
230,US,1980,6,-0.5113847166666666,0.3591688,0.5875,0.41250000000000003,-0.6812286666666664,-4.099053666666666,3.4178250000000006
230,US,1990,3,-0.2516635333333333,0.30866119999999997,0.4666666666666666,0.5333333333333333,0.5699766666666669,-2.516635333333333,3.086612
230,US,2000,3,-0.4750814666666667,0.35676846666666656,0.5666666666666667,0.43333333333333335,-1.183130000000001,-4.750814666666667,3.567684666666666
230,US,2010,3,-0.3399537333333333,0.3895344666666667,0.5,0.5,0.4114793333333339,-3.022601333333333,3.4340806666666666
230,US,2020,5,-0.6180838000000002,0.2647190000000001,0.6666666666666666,0.3333333333333333,-0.9820656000000001,-1.6849348000000002,0.7028692000000002
231,US,1940,78,-1.0142444827533577,0.7034971305148555,0.6265822140822142,0.36914428164428165,-1.451629717948718,-4.830044589743589,3.378414871794871
231,US,1950,136,-1.0169339728991598,0.36314423593604106,0.6811274509803921,0.31104108309990663,-2.623185044117647,-4.347994352941177,1.7248093088235292
231,US,1960,240,-0.8878332286078042,0.5309970187665344,0.6521164021164021,0.3434341931216931,-2.8715208,-4.937461575,2.065940775
231,US,1970,224,-0.706987169001559,0.5229943455392573,0.5950573979591837,0.40315688775510206,-2.014088392857143,-5.509797401785714,3.4957090089285714
231,US,1980,175,-0.45887012359637186,0.5667485986938776,0.5083129251700681,0.48578231292517005,1.3004768228571428,-3.693130582857143,4.993607405714286
231,US,1990,140,-0.6090237426870747,0.3832282515192743,0.597579365079365,0.39703514739229023,-1.9046081714285712,-4.799489685714286,2.894881514285714
231,US,2000,170,-0.4727399056302521,0.34924554993930906,0.5753688141923435,0.4211858076563959,-0.9905107176470591,-3.5708306352941177,2.5803199176470586
231,US,2010,206,-0.3164009295769764,0.4515158995916166,0.4147769301895516,0.5781842348589921,0.9974503786407769,-2.4971258737864077,3.4945762524271844
231,US,2020,34,-0.33311345098039213,0.22836823529411765,0.5196078431372549,0.4509803921568627,-0.3249708235294117,-0.9335842352941175,0.6086134117647058
232,US,1940,5,-0.1141137333333333,0.16003693333333333,0.36444444444444446,0.6133333333333333,0.04480560000000004,-0.993648,1.0384536
232,US,1950,16,-0.4708850604166668,0.22046091250000002,0.6276041666666666,0.33072916666666663,-0.7895272499999999,-1.8489931250000002,1.0594658750000003
232,US,1960,24,-0.5799652305555556,0.29149137777777784,0.7020833333333334,0.26412037037037034,-2.3434676666666667,-3.418840083333334,1.075372416666667
232,US,1970,36,-0.6225448369488537,0.2979549511904762,0.6871913580246913,0.3093364197530864,-2.081403,-3.6893924444444446,1.6079894444444447
232,US,1980,45,-0.6174895421164023,0.3480534885185186,0.6183333333333333,0.3788888888888889,-1.983569555555556,-4.398805288888889,2.4152357333333336
232,US,1990,68,-0.6210658087301588,0.42623488681139127,0.5928629785247432,0.3997840802987862,-1.3520796764705885,-4.110811000000001,2.758731323529412
232,US,2000,66,-0.4325420275252527,0.40947542882395377,0.5136363636363637,0.4636363636363637,-0.020411787878788668,-1.4057043333333339,1.3852925454545453
232,US,2010,4,-0.9188359666666657,0.10290834999999987,0.575,0.425,-2.2799144999999976,-2.970667999999997,0.6907534999999996
232,US,2020,2,-0.19151600000000002,0.278384,0.5,0.5,0.26060400000000006,-0.5745480000000001,0.8351520000000001
233,US,1910,2,-70.10399999999998,0.0,1.0,0.0,-140.20799999999997,-140.20799999999997,0.0
233,US,1950,1,-1.1864349999999995,0.0,1.0,0.0,-2.372869999999999,-2.372869999999999,0.0
233,US,1960,14,-0.5511306523809526,0.24200654761904775,0.5246031746031746,0.47539682539682543,-2.455055142857143,-4.081598714285714,1.6265435714285714
233,US,1970,79,-0.2775023460618846,0.36691059785011065,0.4320022101667671,0.5604430379746835,0.3493240506329119,-1.5149330126582277,1.8642570632911395
233,US,1980,89,-0.2702790652220438,0.33207758942393434,0.5261503477795613,0.46869983948635635,0.5316704494382022,-1.773987393258427,2.305657842696629
233,US,1990,18,-1.3146936101851852,1.6654827564814816,0.474537037037037,0.5143518518518518,1.2080235555555554,-5.750813666666667,6.958837222222222
233,US,2000,4,-0.3328666666666667,0.2651760000000002,0.5416666666666666,0.4583333333333333,-0.14858949999999982,-0.8450575000000002,0.6964680000000003
233,US,2010,1,-0.10580914285714287,0.09710057142857142,0.5714285714285714,0.42857142857142855,-0.060960000000000125,-0.7406640000000001,0.679704
233,US,2020,1,-0.04114799999999996,0.17068799999999995,0.5,0.5,0.25908,-0.08229599999999992,0.3413759999999999
234,US,1910,9,-33.41511111111111,0.0,0.6574074074074073,0.0,-92.964,-92.964,0.0
234,US,1940,2,-0.105029,0.20637499999999992,0.41666666666666663,0.5833333333333333,0.22707599999999983,-0.294894,0.5219699999999998
234,US,1950,4,-0.26399415000000004,0.28780734999999996,0.4,0.6,0.3844309999999998,-1.4519894999999998,1.8364204999999996
234,US,1960,7,-0.4660400802721087,0.4153536401360544,0.6295918367346938,0.3704081632653061,-1.0478588571428566,-3.261142857142857,2.2132840000000003
234,US,1970,106,-0.2708435958221025,1.0186024931266846,0.2993710691823899,0.6959119496855346,1.4464194716981131,-0.8650858867924529,2.311505358490566
234,US,1980,405,-0.7930297644209289,0.5738702100646679,0.5206045463452871,0.4777493631197335,-0.9597093975308643,-3.421834839506173,2.4621254419753087
234,US,1990,295,-0.8208343953430185,0.6961713153268766,0.5168684422921711,0.482001614205004,-0.3876025084745762,-3.0080557830508474,2.6204532745762714
234,US,2000,144,-0.7061996603835978,0.9365061271494708,0.4585703262786596,0.5405616181657849,1.6740607638888887,-4.621730791666667,6.295791555555556
234,US,2010,112,-0.7769198803075396,0.5119530827593538,0.6463789682539682,0.3525049603174603,-1.3390516071428569,-5.251485678571428,3.9124340714285712
234,US,2020,34,-0.46674782352941174,0.420594294117647,0.5196078431372548,0.48039215686274506,-0.16705800000000015,-1.4002434705882352,1.233185470588235
235,US,1950,1,0.0,0.7040900000000008,0.0,1.0,1.4081800000000015,0.0,1.4081800000000015
235,US,1960,7,-0.7740647500000005,0.6273081428571433,0.5952380952380952,0.4047619047619047,-1.6674714285714285,-3.942588571428572,2.2751171428571437
235,US,1970,96,-0.5011007946180555,0.47748955503472207,0.5145833333333333,0.484375,-0.03629020833333352,-2.025730270833333,1.9894400624999993
235,US,1980,68,-0.9304933956582634,0.6521998522408964,0.5438375350140056,0.4512605042016806,-1.004718823529412,-3.2005787941176473,2.1958599705882356
235,US,1990,68,-0.5177970943627451,1.1670034362745096,0.37316176470588236,0.6268382352941176,1.8617682352941174,-1.8685135294117652,3.7302817647058824
235,US,2000,34,-0.7765983000000002,0.21992591176470594,0.6269607843137255,0.3730392156862745,-1.3884542352941178,-2.5431981176470595,1.1547438823529415
235,US,2010,36,-0.39550480555555545,0.462431,0.4273148148148148,0.5699074074074074,0.11332677777777825,-1.6491374999999993,1.7624642777777777
235,US,2020,8,-0.5219695833333342,0.2992758333333336,0.5,0.5,-0.668081250000002,-1.5659087500000026,0.8978275000000007
236,US,1960,2,-0.37429439999999986,0.30228539999999976,0.35,0.65,-0.011430000000000162,-0.7673339999999997,0.7559039999999996
236,US,1970,25,-0.10758784400000004,0.164998052,0.49833333333333335,0.4936666666666667,0.14033031999999981,-0.5280357600000002,0.66836608
236,US,1980,23,-0.18647845465838508,0.13362726149068324,0.5755866114561767,0.4244133885438233,-0.45123669565217384,-1.6153075652173912,1.1640708695652175
236,US,1990,4,-2.261362,0.21316950000000007,0.625,0.375,-4.049649,-4.666488,0.6168390000000002
236,US,2010,1,-0.07907866666666664,0.12395199999999996,0.4444444444444444,0.5555555555555556,0.4038599999999999,-0.7117079999999998,1.1155679999999997
236,US,2020,1,-0.03962399999999988,0.10718799999999984,0.3333333333333333,0.3333333333333333,0.20269199999999987,-0.11887199999999964,0.3215639999999995
237,US,1930,4,-0.1654175,0.09731375000000006,0.5833333333333333,0.41666666666666663,-0.28384499999999985,-0.65913,0.3752850000000002
237,US,1940,3,-0.29717999999999994,0.37998399999999993,0.5,0.5,0.8280400000000002,-2.9717999999999996,3.7998399999999997
237,US,1950,3,-0.22334203333333338,0.37762163333333315,0.5416666666666666,0.4583333333333333,0.7315199999999992,-1.8013666666666672,2.5328866666666663
237,US,1960,182,-0.7633668423556602,0.5223594957177743,0.6175627943485087,0.37982077446363155,-0.7328514945054946,-2.527453604395604,1.79460210989011
237,US,1970,1022,-0.3861824776923555,0.4027654019771379,0.45410531792625725,0.5446878979902463,0.05748553033268098,-1.572192385518591,1.629677915851272
237,US,1980,1234,-0.4037345216080111,0.3003617189498598,0.557150574978776,0.44023500810372773,-0.679266829821718,-2.7933041361426256,2.114037306320908
237,US,1990,884,-0.28234129331501834,0.3479043443914745,0.4947950333979746,0.5033290239172592,0.08308033936651585,-1.526673891402715,1.6097542307692307
237,US,2000,613,-0.2654790720642689,0.25840328170978016,0.550747041611642,0.44869364820425184,-0.08765610766721044,-1.7046624600326266,1.617006352365416
237,US,2010,318,-0.19855778176100627,0.31952768280922433,0.49187631027253664,0.5062368972746331,0.2680083584905661,-0.43933847798742137,0.7073468364779875
237,US,2020,11,-0.14736606060606044,0.08358896969696958,0.5757575757575757,0.4242424242424242,-0.1913312727272726,-0.44209818181818133,0.25076690909090876
238,US,1950,1,-0.9334500000000003,0.8953500000000003,0.5,0.5,-0.1524000000000001,-3.7338000000000013,3.5814000000000012
238,US,1960,1,-0.2321559999999999,0.24028399999999994,0.6666666666666666,0.3333333333333333,0.024384000000000183,-0.6964679999999996,0.7208519999999998
238,US,1970,126,-0.16553895861678006,0.16460741916099772,0.4372291509196271,0.5477796674225246,-0.07184574603174604,-0.6623836349206349,0.5905378888888889
238,US,1980,309,-0.2810273428468691,0.14380399983561926,0.6047875892536086,0.3904620640057533,-0.7130642977346279,-1.6436019870550163,0.9305376893203883
238,US,1990,273,-0.14512222930402932,0.19774692487353915,0.45517762660619804,0.5399034827606256,0.32642069597069595,-1.1454227032967033,1.4718433992673992
238,US,2000,183,-0.29830123088732763,0.18398032898776995,0.582487639864689,0.41386937288576636,-0.6038287650273224,-2.0235223169398906,1.4196935519125684
238,US,2010,201,-0.18867756936744848,0.20008851864487087,0.46431927663270944,0.5321981363026139,0.04553798009950249,-1.5820637412935326,1.6276017213930347
238,US,2020,148,-0.1908432027027027,0.12190969819819819,0.5619369369369369,0.4358108108108108,-0.19910843243243243,-0.564662472972973,0.3655540405405405
239,US,1930,5,-0.43281599999999987,0.03555999999999993,0.7333333333333333,0.2,-1.1917679999999997,-1.2984479999999996,0.1066799999999998
239,US,1940,4,-0.09029699999999997,0.12992099999999995,0.4,0.55,0.39623999999999987,-0.9029699999999997,1.2992099999999995
239,US,1950,4,-0.14215110000000003,0.12542520000000001,0.525,0.475,-0.16725900000000016,-1.4215110000000002,1.2542520000000001
239,US,1960,21,-0.2747492843537416,0.24478629183673467,0.4997732426303855,0.5002267573696145,-0.02656076190476204,-1.1067852380952383,1.0802244761904762
239,US,1970,54,-0.1756264235008818,0.23767069973544974,0.41805555555555557,0.5628086419753087,-0.1501701851851852,-1.1708548148148148,1.0206846296296295
239,US,1980,93,-0.2339440192353644,0.18214007216248507,0.5548472435569209,0.445152756443079,-0.4236064086021506,-1.9920481075268819,1.5684416989247314
239,US,1990,141,-0.3361111222616233,0.2047969596194979,0.5325509399977485,0.4660306202859394,-0.42459060992907804,-1.7895862553191488,1.364995645390071
239,US,2000,179,-0.27106799724660813,0.2667966565753303,0.4964507404451538,0.49948346191362947,0.1400631508379888,-1.7079187709497206,1.8479819217877094
239,US,2010,17,-0.27304031241830057,0.1346055594771242,0.577124183006536,0.3934640522875817,-0.19049917647058798,-1.113954,0.9234548235294122
239,US,2020,6,-0.11192911111111115,0.09812888888888878,0.5,0.5,-0.041400666666667085,-0.33578733333333344,0.29438666666666635
24,US,1940,3,0.0,0.6393611111111109,0.0,1.0,2.376426666666666,0.0,2.376426666666666
24,US,1950,8,-0.06812282499999996,0.41664219999999985,0.19166666666666665,0.8083333333333333,1.6529677499999997,-0.2678432500000001,1.9208109999999996
24,US,1960,100,-0.13220127671428572,0.13285050862698417,0.5275357142857142,0.4649642857142857,0.006660640000000149,-0.5145326199999999,0.5211932600000001
24,US,1970,79,-0.17567040967450273,0.0716198969559976,0.5965541490857947,0.3911744022503516,-0.7778772405063291,-1.268527746835443,0.4906505063291139
24,US,1980,88,-0.2159524014069264,0.21611102597402596,0.5842667748917749,0.3985524891774892,0.03505220454545464,-1.0984920909090907,1.1335442954545454
24,US,1990,192,-0.11825406564980158,0.2668861585317461,0.4413917824074074,0.5449797453703703,0.6101953333333335,-0.57904853125,1.1892438645833334
24,US,2000,32,-0.15295418720238102,0.05431246964285721,0.6113095238095239,0.36473214285714284,-0.6397461250000002,-0.9724068125000004,0.3326606875000002
24,US,2010,19,-0.19058291578947353,0.10111606315789463,0.5403508771929824,0.4596491228070175,-0.6148942105263158,-1.21278347368421,0.5978892631578943
24,US,2020,2,-0.019557999999999964,0.12471366666666675,0.16666666666666666,0.8333333333333333,0.3154670000000004,-0.05867399999999989,0.3741410000000003
240,US,1940,1,-0.1524000000000001,0.04063999999999979,0.6666666666666666,0.3333333333333333,-0.3352800000000009,-0.4572000000000003,0.12191999999999936
240,US,1950,1,-0.15544799999999998,0.085344,0.5,0.5,-0.7010399999999999,-1.5544799999999999,0.85344
240,US,1960,15,-0.29891902,0.25847548000000004,0.46888888888888886,0.5311111111111111,-0.35316146666666653,-1.1973558666666666,0.8441944
240,US,1970,141,-0.16533065867950017,0.19335302973657548,0.47937352245862885,0.5190307328605201,0.11424591489361703,-0.6367617304964539,0.7510076453900709
240,US,1980,297,-0.2445808226684838,0.1871443762011651,0.5764523542301321,0.4194658222436,-0.3105264646464647,-1.4769456767676767,1.1664192121212122
240,US,1990,422,-0.1344927311329271,0.18879310917400136,0.4681194989844279,0.5279282329045362,0.23265912796208532,-0.9176070331753554,1.1502661611374407
240,US,2000,190,-0.19879905771512116,0.22241404254385966,0.5034168755221387,0.49389306599832916,0.1544213263157895,-1.6115497684210527,1.765971094736842
240,US,2010,138,-0.1647929810731539,0.12939065636645963,0.5303341384863124,0.4644122383252818,-0.08211921739130436,-1.0588816666666667,0.9767624492753623
240,US,2020,100,-0.09807187333333334,0.11424915000000001,0.49,0.51,0.04573529999999999,-0.28474396,0.33047925999999994
241,US,1930,3,-0.07789333333333334,0.035560000000000015,0.6666666666666666,0.3333333333333333,-0.12699999999999997,-0.23368000000000003,0.10668000000000005
241,US,1940,5,-0.1240536000000001,0.13609320000000005,0.43499999999999994,0.545,0.024383999999999805,-0.9296400000000006,0.9540240000000002
241,US,1950,4,-0.22398990000000002,0.1348359,0.625,0.35,-0.8915399999999999,-2.2398990000000003,1.3483590000000003
241,US,1960,4,-0.22155149999999996,0.11125199999999999,0.7,0.3,-1.1029949999999995,-2.2155149999999995,1.11252
241,US,1970,24,-0.1665224,0.20581831666666664,0.41215277777777776,0.5809027777777778,0.13525499999999993,-0.8810625000000001,1.0163175
241,US,1980,43,-0.2504224860465116,0.1732580426356589,0.5691860465116279,0.4261627906976744,-0.6251590697674418,-1.8703025581395347,1.2451434883720929
241,US,1990,54,-0.23315105,0.19007477407407408,0.5895061728395061,0.40447530864197534,-0.21542014814814814,-1.6224107037037034,1.4069905555555555
241,US,2000,59,-0.23749658732849072,0.2587048356739306,0.43850551520043046,0.557378262039279,0.18690952542372877,-1.9420669491525424,2.1289764745762714
242,US,1960,2,-0.5957823333333325,0.09844999999999988,0.9,0.1,-1.8760449999999977,-2.368294999999997,0.4922499999999994
242,US,1970,30,-0.6674622844444442,0.25256922444444435,0.6455555555555555,0.35444444444444445,-1.262379733333333,-2.0662391999999996,0.8038594666666666
242,US,1980,131,-0.3685956520053314,0.35484875241730285,0.49359020962074396,0.5025929964861263,-0.1947108854961831,-1.6399050839694658,1.4451941984732826
242,US,1990,32,-0.15525376577380948,0.37443189434523816,0.39151785714285714,0.6084821428571429,0.5596887500000003,-0.605361875,1.1650506250000003
242,US,2000,11,-0.4633479772727273,0.255602568181818,0.5840909090909091,0.4068181818181818,-1.8404372727272742,-4.246002727272727,2.405565454545453
242,US,2010,14,-0.48491415,0.2811924464285715,0.5755952380952382,0.4244047619047619,-2.0197365714285707,-4.7859047142857145,2.766168142857144
242,US,2020,12,-0.24841133333333376,0.5353049444444445,0.38888888888888884,0.611111111111111,0.8606808333333325,-0.7452340000000013,1.6059148333333335
243,US,1970,12,-0.9841658333333335,0.16442284722222222,0.7222222222222222,0.27777777777777773,-2.4767550000000003,-2.977770833333334,0.5010158333333333
243,US,1980,15,-0.4706380111111109,0.40179891111111116,0.46031746031746035,0.5396825396825397,-0.5043419999999993,-2.4461213333333327,1.9417793333333335
243,US,1990,1,-0.25664199999999937,0.14386599999999988,0.6,0.4,-0.5638799999999975,-1.2832099999999969,0.7193299999999994
243,US,2000,2,-0.41786187500000005,0.4284337499999997,0.4375,0.5625,0.0845749999999974,-3.3428950000000004,3.427469999999998
243,US,2010,2,-0.3868675000000003,0.3335275000000003,0.44999999999999996,0.55,-0.5334000000000003,-3.868675000000003,3.335275000000003
243,US,2020,2,0.0,0.4582175000000002,0.0,1.0,1.2062500000000007,0.0,1.2062500000000007
244,US,1960,2,-0.40665499999999943,0.3590299999999992,0.5,0.5,-0.19126000000000154,-1.5468599999999988,1.3555999999999973
244,US,1970,5,-0.47847349047619064,0.3239803857142857,0.6309523809523809,0.369047619047619,-0.5306580000000004,-2.3149580000000007,1.7843000000000004
244,US,1980,12,-0.4953398320105819,0.19304889682539692,0.5536375661375662,0.44636243386243385,-0.8793473333333329,-1.6741131666666662,0.7947658333333333
244,US,1990,8,-0.4981131249999998,0.4130484999999997,0.4375,0.5375,-0.26612875,-1.9832937499999992,1.7171649999999992
244,US,2000,9,-0.5026743611111111,0.5017075370370372,0.5185185185185186,0.4703703703703704,0.32698111111111117,-3.830317777777779,4.15729888888889
244,US,2010,1,-0.4136130000000001,0.40142099999999986,0.5,0.5,-0.12192000000000291,-4.136130000000001,4.0142099999999985
244,US,2020,1,0.0,0.5064766666666678,0.0,1.0,1.5194300000000034,0.0,1.5194300000000034
245,US,1950,57,-0.1182827919799499,0.3876750576441103,0.3644110275689223,0.6127819548872181,0.8892940350877193,-0.4671195789473685,1.3564136140350878
245,US,1960,42,-0.36753120264550265,0.26750238888888894,0.6640873015873016,0.33115079365079364,-0.7625078571428571,-3.174456285714286,2.4119484285714288
245,US,1970,101,-0.22636222753418198,0.18444636987270155,0.6773573785950023,0.32264262140499766,0.09160633663366338,-0.8857001980198019,0.9773065346534654
245,US,1980,717,-0.39030513448230053,0.14978996517898652,0.6518097894666932,0.34195390848110513,-0.8022936066945606,-1.424614831241283,0.6223212245467225
245,US,1990,1024,-0.13645478704427083,0.3317101829427083,0.35810546875,0.6410481770833333,0.5888623808593749,-0.452822837890625,1.0416852187499999
245,US,2000,47,-0.30103104822695026,0.10206360851063824,0.6968085106382979,0.29609929078014185,-0.7150156170212764,-1.110023319148936,0.39500770212765934
245,US,2010,53,-0.23997487196765502,0.2885964245283019,0.4211590296495957,0.5737870619946092,0.44621596226415083,-1.324413283018868,1.7706292452830188
246,US,1950,1,-0.20472333333333323,0.0,1.0,0.0,-1.2283399999999993,-1.2283399999999993,0.0
246,US,1960,2,-0.06749142857142859,0.06912428571428578,0.42857142857142855,0.5714285714285714,0.011430000000000273,-0.4724400000000002,0.48387000000000047
246,US,1970,3,-0.09558866666666688,0.06951133333333344,0.5,0.5,-0.27330400000000044,-0.5715000000000007,0.2981960000000002
246,US,1980,11,-0.17942611832611835,0.19988824300144303,0.5165945165945165,0.40764790764790765,0.059990727272727404,-0.8230972727272726,0.8830880000000001
246,US,1990,13,-0.3576892136752137,0.09939896153846152,0.5948717948717949,0.40512820512820513,-2.307687384615385,-3.0608947692307686,0.7532073846153844
246,US,2000,25,-0.37120340628571435,0.1782543668571429,0.6382857142857143,0.3527142857142857,-1.03790496,-2.3445817600000005,1.3066768000000002
246,US,2010,57,-0.2994755054302423,0.35473678613199666,0.4683166248955723,0.5316833751044278,0.2699347719298244,-1.3129127368421054,1.5828475087719298
246,US,2020,3,-0.06333044444444434,0.505374888888889,0.5,0.5,1.235963333333334,-0.15087533333333303,1.386838666666667
247,US,1930,1,-0.3302000000000002,0.07111999999999992,0.3333333333333333,0.6666666666666666,-0.7772400000000008,-0.9906000000000006,0.21335999999999977
247,US,1940,12,-0.24940441428571425,0.22232851785714283,0.4992063492063492,0.5007936507936508,-0.8327384999999999,-2.03581,1.2030714999999998
247,US,1950,18,-0.3691678888888889,0.14804818888888888,0.6541666666666667,0.33194444444444443,-2.454402,-3.3496678888888893,0.895265888888889
247,US,1960,57,-0.42586628292954604,0.2011008729323308,0.6463798384851017,0.34660261765524925,-1.4553668070175438,-2.754509894736842,1.2991430877192982
247,US,1970,139,-0.6013622594039054,0.37816538442959924,0.6559067032088615,0.3372587644170378,-1.1344371942446043,-2.6687543597122305,1.5343171654676258
247,US,1980,323,-0.41712970170278635,0.27874597109931687,0.577485380116959,0.4191778465772274,-0.652578693498452,-2.2010051888544893,1.5484264953560372
247,US,1990,186,-0.35670168616231435,0.3491154767793138,0.4852982590885817,0.5108785628946919,0.051521129032258035,-2.113058559139785,2.1645796881720427
247,US,2000,279,-0.37920827304716387,0.4314790348864994,0.4800662797974625,0.5174603174603174,0.39798783512544805,-2.5234983297491036,2.921486164874552
247,US,2010,161,-0.26490983663610373,0.3089591565118801,0.43588928324953163,0.5616262447007788,0.30189388819875784,-1.7151628447204967,2.017056732919255
247,US,2020,97,-0.09750191408934705,0.3254106323024055,0.30412371134020616,0.6958762886597938,0.6150204742268042,-0.2604153402061855,0.8754358144329896
248,US,1950,6,-0.27537833333333334,0.4473575,0.4305555555555555,0.5694444444444444,0.5455920000000001,-1.0200639999999999,1.565656
248,US,1960,34,-0.5205613826330533,0.30022116064425786,0.6037464985994397,0.39625350140056026,-1.1783211176470587,-2.5751112941176473,1.3967901764705886
248,US,1970,461,-0.9150751843318528,0.6704148840133595,0.4694151774954378,0.5250895224322556,-0.5591032060737527,-2.8916000737527114,2.332496867678959
248,US,1980,617,-0.8510930436456485,0.5489614807890201,0.5919457950657302,0.4022092305317589,-1.5086836077795787,-4.758866680713128,3.2501830729335492
248,US,1990,623,-0.46574068084027626,0.5219483587072282,0.5055695686514305,0.490176819791587,0.22963496950240772,-2.7280943691813806,2.957729338683788
248,US,2000,489,-0.44852317591943386,0.4384188871652546,0.5394382770149642,0.45905638328951215,-0.17157611860940697,-3.30593627402863,3.134360155419223
248,US,2010,383,-0.3259211442993908,0.5258371961125616,0.5027270089933276,0.4967507977951842,0.42026986422976503,-0.9486121671018277,1.3688820313315928
248,US,2020,37,-0.23708490090090087,0.25680785585585586,0.4279279279279279,0.572072072072072,0.04625605405405399,-0.7075888648648648,0.7538449189189188
249,US,1950,5,-0.30165040000000004,0.13675359999999998,0.6333333333333333,0.36666666666666664,-0.4916424000000001,-1.0116312,0.5199887999999999
249,US,1960,1,0.0,0.150876,0.0,1.0,0.301752,0.0,0.301752
249,US,1970,10,-0.2650743428571429,0.05913845714285717,0.65,0.33571428571428574,-1.3281656,-1.6317464000000002,0.3035808000000001
249,US,1980,29,-0.544273441954023,0.06819027454844005,0.7865353037766831,0.20361247947454844,-2.363356068965517,-2.6343650344827587,0.2710089655172413
249,US,1990,32,-0.39585593578869044,0.08788830066964286,0.6749255952380953,0.32507440476190474,-2.335387,-2.9515121875,0.6161251875
249,US,2000,49,-0.3262689220116618,0.21626649008746357,0.5891804340783933,0.41081956592160673,-0.26446048979591846,-1.1161587346938777,0.8516982448979591
249,US,2010,36,-0.41133183333333334,0.3315730388888889,0.5740740740740741,0.42592592592592593,-0.09529227777777773,-1.0122746666666667,0.9169823888888887
249,US,2020,1,-0.504952,0.24180800000000002,0.6666666666666666,0.3333333333333333,-0.7894319999999999,-1.514856,0.7254240000000001
25,US,1940,3,-0.15353695238095239,0.1556173333333333,0.4444444444444444,0.5555555555555555,0.0010159999999997578,-0.9108440000000001,0.9118599999999999
25,US,1950,205,-0.33698096181184667,0.29246729514518,0.6070034843205575,0.3929965156794425,0.04529629268292682,-0.8566366536585366,0.9019329463414634
25,US,1960,389,-0.35629814916146413,0.4610951477292203,0.47599971436732363,0.5232290774064553,0.29252171208226224,-1.7547156143958869,2.047237326478149
25,US,1970,270,-0.7679397758641976,0.4790474161640213,0.46251763668430335,0.5320149911816578,-0.6052317777777776,-2.5487497703703705,1.9435179925925932
25,US,1980,201,-0.9315965030916843,1.3813787451591248,0.47781528863618417,0.5166567953881387,1.6925355721393034,-4.708059771144278,6.400595343283582
25,US,1990,140,-1.4484370164399094,1.0460683335487528,0.47104591836734694,0.5207908163265306,-1.2008142142857143,-4.643975642857143,3.4431614285714285
25,US,2000,283,-0.7076342791519434,0.9164014707134444,0.5006730607437321,0.4993269392562678,1.0259217667844525,-3.113644508833922,4.139566275618375
25,US,2010,235,-0.919126594366768,0.9116814973758866,0.5377338736913205,0.46141506247889225,0.09823604255319136,-6.592754774468085,6.690990817021277
25,US,2020,102,-1.4662161960784312,0.9014975326797385,0.6160130718954248,0.38398692810457513,-1.7180392549019603,-4.383647686274509,2.665608431372549
250,US,1960,1,0.0,0.0,0.0,0.0,0.0,0.0,0.0
250,US,1970,60,-0.17335931892857143,0.263617108531746,0.5203902116402116,0.4571097883597883,0.45140873333333337,-0.9619744333333332,1.4133831666666665
250,US,1980,52,-0.21918991144688646,0.19196389945054942,0.48745421245421244,0.5093406593406593,-0.4185139615384616,-1.2640702692307693,0.8455563076923076
250,US,1990,75,-0.7024104485502645,0.23498724888888883,0.6677936507936508,0.3322063492063492,-2.6178457066666665,-3.3902494666666665,0.7724037599999999
250,US,2000,87,-0.3326767490695129,0.3462322325396827,0.601637474913337,0.39836252508666303,-0.2791725057471261,-1.6108681609195403,1.3316956551724142
250,US,2010,92,-0.18403523260869561,0.18995959389233955,0.49472049689440994,0.5041925465838509,-0.023339978260869497,-1.0392848913043478,1.0159449130434783
250,US,2020,12,-0.42564033333333334,0.6242683888888888,0.4444444444444444,0.5555555555555555,0.6821171666666666,-1.1499845,1.8321016666666665
251,US,1930,1,0.0,0.06629400000000052,0.0,1.0,0.13258800000000104,0.0,0.13258800000000104
251,US,1940,8,-0.6520824999999999,1.0607050000000002,0.4375,0.5625,1.846897500000001,-1.7737474999999998,3.6206450000000006
251,US,1950,115,-1.8923543215873013,0.676683065410628,0.6723291925465837,0.32680124223602486,-5.016159617391304,-7.311582,2.2954223826086957
251,US,1960,127,-1.9416458157605299,0.9008641843769529,0.641941632295963,0.358058367704037,-3.767101464566929,-8.740607874015748,4.973506409448819
251,US,1970,82,-1.5843636731416957,0.9256349394115369,0.5956736353077816,0.40432636469221833,-2.1747659024390247,-6.891545146341464,4.7167792439024385
251,US,1980,54,-1.0713833123456793,1.4129329604938274,0.4435185185185185,0.5564814814814815,2.071649925925925,-3.1371525555555566,5.208802481481483
251,US,1990,75,-1.2077166420211638,1.052569805777778,0.4827142857142857,0.5150634920634921,-0.024038213333332146,-6.5182901866666665,6.494251973333334
251,US,2000,74,-0.5984503722007724,1.1797665713534966,0.42264586014586014,0.5733000858000858,2.0217734864864867,-3.1668506216216223,5.188624108108109
251,US,2010,137,-0.6719242620032441,0.778083851216545,0.5290638396477813,0.4650272274359865,0.5345123357664235,-4.058023854014599,4.592536189781023
251,US,2020,106,-1.0118115157232703,0.3371247767295596,0.6273584905660378,0.33805031446540884,-1.3870566226415095,-2.0820715849056604,0.6950149622641506
252,US,1930,2,-0.59131,1.2397725,0.25,0.75,1.2969249999999999,-1.18262,2.479545
252,US,1940,12,-0.3956988174603174,0.7517141547619048,0.47539682539682543,0.5246031746031746,1.994789166666667,-2.670171666666667,4.664960833333334
252,US,1950,61,-0.9183056161202185,0.6350171256830601,0.5367486338797814,0.46325136612021856,-0.7211772131147539,-3.2617592131147535,2.5405819999999997
252,US,1960,132,-0.8440918782166906,1.091828042694805,0.5476641414141414,0.4523358585858586,0.09648715151515165,-3.4980298030303025,3.5945169545454543
252,US,1970,191,-0.6569409910620791,0.8573164463101471,0.5209548740962353,0.4755547245076041,0.8548203036649218,-2.6208488795811515,3.4756691832460733
252,US,1980,171,-0.6925943493734337,0.6347506387078807,0.5558131439710386,0.4381439710387079,-0.18172014035087763,-2.3539643859649124,2.1722442456140345
252,US,1990,274,-0.7566531048314217,0.6155833357519407,0.5631126173096976,0.4302267987486965,-0.6714835693430656,-3.7879471386861314,3.1164635693430656
252,US,2000,343,-0.48927294423619794,0.5931630028576056,0.5172925632838169,0.472937202091721,0.440498134110787,-2.53617672303207,2.976674857142857
252,US,2010,324,-0.5152539081324712,0.5397053921933178,0.5441615226337448,0.4330687830687831,0.4538704320987657,-2.8897328333333334,3.3436032654320993
252,US,2020,206,-0.7860658527508089,0.21171725242718437,0.7168284789644013,0.2564724919093851,-1.5612505048543688,-2.131351097087378,0.5701005922330094
253,US,1930,80,-1.0868625512400791,0.9448239436507935,0.5456001984126984,0.4543998015873016,0.4015358249999997,-3.8815515999999994,4.283087425
253,US,1940,81,-1.1261629891044482,0.9414659568489125,0.5518861454046639,0.4481138545953361,-1.0624540493827161,-8.19157587654321,7.129121827160494
253,US,1950,210,-1.420491846016629,1.9806043187717308,0.5478817082388511,0.45211829176114887,3.470148895238095,-7.461967761904762,10.932116657142858
253,US,1960,137,-0.9636023425443171,0.9723853180685899,0.4472106360792492,0.550599582898853,-0.8328052992700732,-6.927871649635037,6.095066350364964
253,US,1970,178,-1.8152164912029605,2.1988542531121813,0.4379793115748172,0.5597734974139469,3.294734449438202,-10.210346292134831,13.505080741573034
253,US,1980,139,-2.5792837788797534,1.8265214499257736,0.5441675231243577,0.4558324768756424,-4.54099364028777,-15.391184258992807,10.850190618705037
253,US,1990,112,-2.2884802966198983,2.9655221994685377,0.4373724489795919,0.5557823129251701,3.4668271964285715,-12.742491660714288,16.209318857142858
253,US,2000,289,-3.640266331932773,2.129880655838414,0.6090528368210029,0.3909471631789971,-4.624237487889273,-14.762285937716262,10.13804844982699
253,US,2010,124,-1.8623256215757809,2.9766503516833076,0.441913082437276,0.5580869175627241,5.585533322580646,-9.74805756451613,15.333590887096774
253,US,2020,55,-2.715319975757576,0.3130017454545456,0.7181818181818181,0.26969696969696966,-6.708454618181817,-7.5081109090909095,0.7996562909090913
254,US,1930,9,-1.603725462962962,1.0651321111111103,0.6555555555555556,0.34444444444444444,-0.2204728888888891,-5.7832426666666645,5.562769777777776
254,US,1940,11,-0.7269783990620489,1.0256023140692638,0.4237012987012987,0.5762987012987013,2.0413283636363633,-6.340533272727272,8.381861636363634
254,US,1950,35,-1.5345870869614509,2.161384723356009,0.5769614512471655,0.41351473922902493,3.050130171428572,-7.307842742857141,10.357972914285714
254,US,1960,18,-1.2732525714285716,1.302557235449736,0.47923280423280423,0.5207671957671958,-0.5527038888888887,-5.853346111111112,5.300642222222223
254,US,1970,92,-1.6913771812111802,1.8972357680124226,0.5049171842650103,0.4860248447204969,1.4277053043478263,-7.608420869565217,9.036126173913043
254,US,1980,108,-1.5400789675925923,1.4563977368827157,0.5056327160493828,0.4901234567901234,-0.7895592407407405,-5.918904499999998,5.129345259259258
254,US,1990,237,-1.5729621839863372,1.7806214111144596,0.5200221016676713,0.47698915009041587,0.35736805907173,-7.6622990801687765,8.019667139240507
254,US,2000,349,-2.9882530936780825,1.6952629449993177,0.5525571928867058,0.4447207440760449,-4.682068,-13.894080979942693,9.212012979942694
254,US,2010,374,-1.6481153490196077,2.2594350490811475,0.5054812834224599,0.488655462184874,1.9909751711229948,-9.868913978609624,11.85988914973262
254,US,2020,292,-2.4578891963470317,0.626175011415525,0.6957762557077625,0.2990867579908676,-5.280712417808219,-6.938484589041096,1.6577721712328768
255,US,1940,32,-2.472828739136905,2.7640698364583334,0.536532738095238,0.4634672619047619,2.6898595000000003,-11.835145500000001,14.525005000000002
255,US,1950,105,-2.3152266107936508,0.9530031522146637,0.6280498866213152,0.3695691609977324,-4.481605104761905,-9.142607085714285,4.661001980952381
255,US,1960,291,-1.3126111931326025,0.8299749306496482,0.6023591338024328,0.3935362461135657,-1.4567819725085909,-4.489347773195877,3.0325658006872853
255,US,1970,699,-1.4347207000068125,0.6912878489679134,0.6410546812907328,0.3535788087290233,-3.7839588783977116,-7.516398832618026,3.7324399542203146
255,US,1980,565,-1.4788062567453293,1.005991543777216,0.5732827644332069,0.42124315212810787,-2.015633911504425,-5.855080987610619,3.8394470761061945
255,US,1990,500,-1.8869320663523808,1.7820518947158728,0.5317936507936508,0.46022619047619046,-0.560334376,-8.756384839999999,8.196050464
255,US,2000,446,-1.9393494173660044,1.592440870935654,0.5236306854580397,0.44037475976937857,-1.1266708654708513,-9.507245807174886,8.380574941704037
255,US,2010,630,-1.5021134407155454,1.3735058301927436,0.4964159737969262,0.49072499370118416,-0.7748017301587297,-7.848544101587302,7.073742371428571
255,US,2020,558,-1.363183933094385,0.8520080023894864,0.6084229390681004,0.36499402628434885,-1.435556161290323,-3.390659892473119,1.955103731182796
256,US,1930,8,-0.24403075000000007,0.12915925,0.6875,0.3125,-0.22974300000000009,-0.48806150000000015,0.2583185
256,US,1940,157,-0.4482942445556567,0.29914016748559297,0.5279951471034274,0.4720048528965726,-0.5533286878980891,-1.3303354777070064,0.7770067898089172
256,US,1950,254,-1.1424087923072115,0.3277886110611174,0.6256155480564929,0.36939757530308714,-3.3697560078740154,-5.417898338582677,2.0481423307086617
256,US,1960,199,-0.7292022961035335,0.450277303685092,0.5746909148919199,0.4221544229081918,-1.5506811055276384,-4.144299788944723,2.593618683417085
256,US,1970,173,-0.5911121579640333,0.5468282486741902,0.5291035874850903,0.46635471144141666,-0.2451436184971095,-3.435932011560694,3.190788393063584
256,US,1980,90,-0.37931434010582016,0.5233263455026456,0.48310846560846554,0.507526455026455,0.659858333333333,-1.5130433555555558,2.172901688888889
256,US,1990,108,-0.6116435882422104,0.4263289641901821,0.5575360082304527,0.4351337448559671,-1.0298708333333337,-3.7342523148148143,2.7043814814814806
256,US,2000,73,-0.4922989866057839,0.44692770401174176,0.5339856490541423,0.4543705153294194,-0.3557174520547947,-3.2184377808219184,2.8627203287671232
256,US,2010,88,-0.4680884671266233,0.5508394793290043,0.510813492063492,0.48634559884559886,0.0390840000000004,-2.8487885681818175,2.887872568181818
256,US,2020,51,-0.45691081045751647,0.20392191503267973,0.6111111111111112,0.36928104575163395,-0.5414681176470592,-1.0018350196078434,0.46036690196078434
257,US,1940,9,-1.6925996296296297,0.49823518518518534,0.6666666666666666,0.3333333333333333,-3.0344533333333334,-4.437718888888889,1.4032655555555558
257,US,1950,344,-0.4818296056155409,0.48787626493170916,0.5284802971576227,0.467422249907715,-0.06302445930232554,-1.7992856337209302,1.7362611744186047
257,US,1960,357,-0.5346630803276866,0.3155357667378062,0.557406295851674,0.4382986527944511,-1.237658582633053,-3.008773058823529,1.7711144761904762
257,US,1970,437,-0.3399088791235335,0.4757856027805019,0.46562783771021754,0.5337909992372235,0.674096494279176,-1.689630823798627,2.363727318077803
257,US,1980,338,-0.3579416746548324,0.4817080966046774,0.4641976613130459,0.5348161453930684,0.6715786153846153,-1.3388565443786984,2.010435159763314
257,US,1990,305,-0.29491686455113186,0.31881945427010144,0.4290515222482436,0.5678064012490243,-0.07809360655737689,-1.5984508065573768,1.5203571999999999
257,US,2000,240,-0.41390859931216933,0.27931427306547624,0.6059871031746032,0.3819361772486773,-0.7066343666666666,-2.1171535083333333,1.410519141666667
257,US,2010,287,-0.5872954440711244,0.4673321398567557,0.568269177589735,0.4195757977987943,-0.804199574912892,-3.540682222996516,2.7364826480836237
257,US,2020,122,-0.6409690163934427,0.34899597267759563,0.6967213114754098,0.2978142076502732,-0.5288530491803279,-1.4506980491803279,0.921845
258,US,1940,4,-0.7796525000000001,0.7032624999999995,0.41666666666666663,0.5833333333333334,-0.4583400000000033,-4.6779150000000005,4.219574999999997
258,US,1950,5,-0.6998208,0.5354622000000001,0.38,0.62,-2.1485379999999976,-6.998208,4.8496700000000015
258,US,1960,5,-0.6986123428571431,0.47005354285714296,0.5342857142857143,0.46571428571428575,-0.9659120000000001,-5.013044000000001,4.047132
258,US,1970,18,-2.8905079861111114,2.206922740740741,0.6236111111111111,0.35787037037037034,-1.3045441111111113,-9.000320555555554,7.695776444444443
258,US,1980,67,-1.649561766488984,1.64401117782516,0.4183665008291874,0.569195688225539,0.5472056417910443,-6.034426208955224,6.581631850746269
258,US,1990,28,-0.5572328123582767,0.7711731955782313,0.4367630385487528,0.5521825396825396,0.9767754285714284,-3.122893357142858,4.099668785714287
258,US,2000,18,-0.5919169918430335,0.630701569223986,0.553395061728395,0.4108906525573192,0.2019292222222229,-4.451857666666666,4.65378688888889
258,US,2010,4,-0.2585086249999997,0.442659,0.3125,0.6875,0.3356625000000011,-1.0050784999999989,1.340741
259,US,1950,2,-1.1833850000000004,7.770115,0.5,0.5,13.173459999999999,-2.3667700000000007,15.54023
259,US,1960,2,-1.3792534444444442,2.0018585555555557,0.4777777777777778,0.5222222222222221,5.830065000000001,-12.772639999999997,18.602705
259,US,1970,34,-0.6495563599439775,0.8278566862745098,0.4852941176470588,0.5147058823529411,0.3174402352941178,-2.125667,2.443107235294118
259,US,1980,5,-1.3702119555555554,1.3978846277777777,0.5338888888888889,0.46611111111111114,0.4495819999999995,-12.204486,12.654067999999999
259,US,1990,6,-1.1185471851851851,1.5606143703703703,0.3657407407407407,0.6342592592592592,2.8580066666666664,-8.307072333333332,11.165079
259,US,2000,8,-1.5974375694444445,1.5776300416666669,0.575,0.425,-0.8458177500000004,-11.09090725,10.2450895
259,US,2010,5,-0.7828940299999999,1.3318538699999998,0.33999999999999997,0.6599999999999999,4.0129947999999995,-7.7650847999999995,11.778079599999998
259,US,2020,23,-1.8593792898550725,0.09157252173913043,0.855072463768116,0.14492753623188404,-4.958101739130435,-5.232819304347827,0.27471756521739127
26,US,1930,5,-0.8887459999999997,1.4887193999999997,0.42000000000000004,0.54,2.9504639999999993,-5.465063999999999,8.415527999999998
26,US,1940,7,-0.7670618571428572,0.7283570952380954,0.5226190476190476,0.4773809523809524,-0.01959428571428504,-5.266508571428572,5.246914285714287
26,US,1950,7,-0.4359365714285714,0.5373007142857141,0.42063492063492064,0.5650793650793651,1.0580914285714278,-3.8970857142857143,4.955177142857141
26,US,1960,9,-0.7836182222222222,0.6975404444444445,0.5185185185185186,0.4703703703703704,-0.8280399999999996,-7.780866666666666,6.952826666666668
26,US,1970,13,-0.6021070000000001,0.541772230769231,0.5153846153846154,0.4673076923076923,-0.5439507692307688,-4.87211076923077,4.3281600000000005
26,US,1980,11,-0.9574645454545454,1.7800781818181817,0.37121212121212116,0.6287878787878788,2.012372727272727,-2.8616563636363637,4.874029090909091
26,US,1990,1,-0.2936239999999997,0.21234399999999987,0.6666666666666666,0.3333333333333333,-0.2438399999999996,-0.8808719999999992,0.6370319999999996
26,US,2000,712,-0.24117360117375605,0.18438685512640451,0.5701394462279293,0.4266603130016051,-0.25977996348314614,-1.1305063623595506,0.8707263988764046
26,US,2010,733,-0.16196805244158602,0.19974343388553237,0.49465070703133457,0.4968752030143572,0.08148351432469297,-0.9126057735334244,0.9940892878581173
26,US,2020,168,-0.3214308789682539,0.13059977182539687,0.5922619047619048,0.40575396825396826,-0.5242650238095236,-0.8459105833333331,0.3216455595238096
260,US,1940,1,-0.21945599999999993,0.1880616,0.4,0.6,-0.15697199999999967,-1.0972799999999996,0.9403079999999999
260,US,1950,3,-0.16137708571428563,0.23660220952380948,0.5238095238095238,0.4761904761904762,0.5313680000000002,-1.2847319999999993,1.8160999999999996
260,US,1960,3,-0.2033905000000001,0.11658600000000006,0.6166666666666667,0.3833333333333333,-0.7680960000000004,-1.816608000000001,1.0485120000000006
260,US,1970,25,-0.1474169361904761,0.24254064857142854,0.3921428571428571,0.5945238095238095,0.2611526400000001,-0.5209033599999998,0.7820559999999999
260,US,1980,43,-0.16079261860465116,0.38081610797342197,0.41523624953857513,0.5792727943890734,1.616645069767442,-1.388895488372093,3.005540558139535
260,US,1990,40,-0.1648674026190476,0.31693454047619046,0.3868551587301587,0.6089781746031746,0.8338563999999999,-1.02999555,1.8638519499999997
260,US,2000,26,-0.2956606712454212,0.21323394963369965,0.6289682539682541,0.3463064713064713,-0.5664590769230767,-2.1454404615384615,1.578981384615385
261,US,1970,5,-0.5582889666666663,0.6717618999999996,0.48,0.5199999999999999,0.5318787999999998,-1.769667599999999,2.3015463999999985
261,US,1980,17,-2.324660197619048,1.3671073366946782,0.4590336134453782,0.5409663865546218,-2.763011764705883,-8.05147211764706,5.288460352941177
261,US,1990,12,-0.26374203749999997,0.3835353363095238,0.4051587301587301,0.5948412698412698,0.7388871666666667,-1.7955255,2.534412666666667
261,US,2000,8,-0.2577797896825397,0.2925098963293651,0.49404761904761907,0.5059523809523809,0.48996724999999997,-1.8928082499999999,2.3827754999999997
261,US,2010,14,-0.13340111904761878,0.15113014285714302,0.45476190476190476,0.5452380952380952,0.1259471428571438,-0.4008128571428564,0.5267600000000002
261,US,2020,1,-0.11683999999999999,0.06959599999999999,0.3333333333333333,0.6666666666666666,-0.14173199999999997,-0.35051999999999994,0.20878799999999997
262,US,1950,46,-0.23218361490683231,0.2027627460662526,0.5923050379572119,0.4076949620427881,-0.07451060869565211,-1.395553652173913,1.321043043478261
262,US,1960,11,-0.20661629999999997,0.26435511818181817,0.5545454545454546,0.4454545454545455,0.31588363636363614,-1.386562909090909,1.7024465454545454
262,US,1970,68,-0.19561417836134454,0.5520141278711485,0.418312324929972,0.5816876750700279,1.068817117647059,-0.7864510588235295,1.8552681764705883
262,US,1980,76,-0.1752434298245614,0.3223685783625731,0.4050908521303258,0.5914003759398496,1.215670657894737,-1.2553350789473685,2.4710057368421054
262,US,1990,55,-0.20715720040404043,0.2824836572871573,0.4456421356421356,0.5477922077922078,0.43517127272727274,-1.5258844363636366,1.961055709090909
262,US,2000,45,-0.3777763113227513,0.26187420296296293,0.583015873015873,0.41010582010582003,-0.6113610666666668,-2.5878875555555556,1.976526488888889
263,US,1950,2,-0.03918857142857135,0.08425499999999975,0.42857142857142855,0.5714285714285714,0.3154649999999988,-0.27431999999999945,0.5897849999999982
263,US,1970,8,-0.12487224999999999,0.14306506249999995,0.46875,0.53125,0.07277124999999979,-0.49948899999999996,0.5722602499999998
263,US,1980,9,-0.03176668888888886,0.3028354,0.2,0.7888888888888889,2.7106871111111115,-0.3176668888888886,3.0283539999999998
263,US,1990,9,-0.1647371746031746,0.4627055873015874,0.2761904761904762,0.7238095238095238,1.618825555555556,-1.152482888888889,2.771308444444445
263,US,2000,7,-0.317254566893424,0.14537086621315193,0.6485260770975056,0.30385487528344673,-1.4495417142857143,-2.635213142857143,1.1856714285714285
264,US,1950,4,-0.6095360000000001,0.39839866666666646,0.5416666666666666,0.4583333333333333,-0.36995050000000074,-1.2767295,0.9067789999999994
264,US,1960,3,-0.27598544444444456,0.3675521111111113,0.5092592592592592,0.49074074074074076,0.4541506666666675,-2.1447773333333338,2.5989280000000012
264,US,1970,12,-0.6395882083333334,0.2185615694444445,0.6076388888888888,0.3923611111111111,-1.5600691666666666,-2.4672300000000003,0.9071608333333333
264,US,1980,26,-0.24902331111111112,0.4249022482295483,0.4207112332112332,0.5792887667887668,0.8212013076923077,-1.6914652307692308,2.5126665384615383
264,US,1990,19,-0.36527713554720126,0.3755946054720133,0.5367585630743525,0.4632414369256475,0.5638808421052632,-2.0368657894736835,2.600746631578947
264,US,2000,25,-0.3374197477777777,0.2416034455555555,0.5204444444444445,0.47955555555555557,-0.7339591199999999,-2.62640136,1.8924422399999998
264,US,2010,2,-0.22069399999999995,0.25955637499999995,0.5,0.5,0.31089900000000004,-1.7655519999999996,2.0764509999999996
264,US,2020,1,-0.09042333333333374,0.1666233333333338,0.3333333333333333,0.6666666666666666,0.22860000000000014,-0.27127000000000123,0.49987000000000137
265,US,1940,1,-0.32258000000000003,0.0,1.0,0.0,-0.96774,-0.96774,0.0
265,US,1950,15,-0.374917722222222,0.2129843888888889,0.6255555555555555,0.37444444444444447,-0.5427466666666658,-1.3195817333333324,0.7768350666666667
265,US,1960,3,-0.21633166666666673,0.11196333333333326,0.6666666666666666,0.3333333333333333,-0.5110473333333342,-1.2115786666666668,0.7005313333333326
265,US,1970,34,-0.5006438256302519,0.24330644607843133,0.5669467787114846,0.43305322128851537,-0.6593550588235289,-1.461561235294117,0.8022061764705882
265,US,1980,67,-0.2857335554134092,0.4305125040867094,0.44570007107320536,0.5492833451788676,1.0371617014925374,-2.2213098805970155,3.2584715820895527
265,US,1990,100,-0.14522066180952378,0.4042141357698413,0.31977777777777777,0.6721111111111111,1.68171918,-0.8945270199999998,2.5762462
265,US,2000,88,-0.2819711699675325,0.23869067693903323,0.5926857864357864,0.40226370851370846,-0.2108657499999998,-2.0512694545454546,1.8404037045454549
265,US,2010,10,-0.22453699285714285,0.2023075178571429,0.4333333333333333,0.5666666666666667,-0.5164831999999995,-1.3485882,0.8321050000000005
266,US,1970,1,-0.26060399999999984,0.0,1.0,0.0,-0.5212079999999997,-0.5212079999999997,0.0
266,US,1980,1,-0.03383400000000023,0.21579840000000025,0.4,0.6,0.9098220000000001,-0.16917000000000115,1.0789920000000013
266,US,1990,3,-0.519063111111111,0.7021124444444444,0.38888888888888884,0.611111111111111,0.8483599999999999,-2.0431759999999994,2.891536
266,US,2000,1,-0.2676144,0.24505920000000003,0.6,0.4,-0.11277599999999977,-1.338072,1.2252960000000002
267,US,1950,2,-0.19592925000000003,0.11639550000000001,0.6875,0.3125,-0.6362700000000001,-1.5674340000000002,0.9311640000000001
267,US,1960,2,-0.012192000000000008,0.15392400000000003,0.375,0.625,0.5669280000000001,-0.048768000000000034,0.6156960000000001
267,US,1970,28,-0.1074145,0.15542067857142863,0.42857142857142855,0.5714285714285714,0.14107921428571438,-0.22832728571428573,0.3694065000000001
267,US,1980,43,-0.10765585042451087,0.2804990803986711,0.3703949796973053,0.6272794389073458,1.2674006046511628,-0.9077721860465116,2.1751727906976743
267,US,1990,45,-0.1554412326631393,0.2654932330335097,0.4510141093474427,0.5405643738977073,0.7029704888888889,-1.0307665333333333,1.7337370222222221
267,US,2000,31,-0.32137719078341015,0.23801840071684585,0.5500768049155147,0.4453149001536098,-0.3667431612903226,-1.9542596129032257,1.5875164516129032
267,US,2010,5,-0.3199384,0.024079199999999988,0.9,0.1,-1.2283439999999999,-1.2765023999999998,0.048158399999999976
268,US,1950,43,-0.8255470675710594,0.5936985728866742,0.6233942414174972,0.36885382059800664,-1.1075580930232558,-3.5996167441860467,2.492058651162791
268,US,1960,30,-0.7848772638095238,0.6996443816666666,0.4842460317460317,0.5157539682539682,-0.4483106666666672,-5.8727849333333335,5.424474266666666
268,US,1970,24,-0.5511638472222221,0.850720548611111,0.5,0.5,0.8625862499999997,-1.548129,2.4107152499999995
268,US,1980,159,-0.19988155860037934,0.9623019571378656,0.345545073375262,0.6525681341719077,2.263753270440252,-1.4565604905660376,3.7203137610062895
268,US,1990,131,-0.16943045836665455,0.4200825191142615,0.296882951653944,0.7009966072943171,1.1890805496183205,-1.2150937251908398,2.40417427480916
268,US,2000,56,-0.5779682679988662,0.347168941680839,0.6612882653061225,0.333156179138322,-1.360769,-4.028312928571428,2.667543928571429
268,US,2010,13,-0.18174653846153846,0.16273584615384618,0.6089743589743589,0.391025641025641,-0.07854415384615378,-0.48322476923076924,0.40468061538461547
268,US,2020,1,-0.14223999999999984,0.020320000000000487,0.6666666666666666,0.3333333333333333,-0.3657599999999981,-0.42671999999999954,0.06096000000000146
269,US,1960,20,-0.4242435999999999,0.5249798500000002,0.625,0.375,0.22052250000000068,-0.8484871999999998,1.0690097000000005
269,US,1970,67,-0.6743979033404407,0.7509239282160626,0.4297085998578536,0.5531272210376688,-0.16725316417910446,-2.391861850746269,2.2246086865671644
269,US,1980,288,-0.8226914909722223,0.8292835523313492,0.5002066798941799,0.49805720899470896,-0.12523752083333373,-3.2748903263888893,3.1496528055555557
269,US,1990,244,-0.7533966049863389,0.8355147536982827,0.4651314077543586,0.5311117616445485,0.23182299180327878,-2.3801942786885246,2.6120172704918034
269,US,2000,26,-0.6868412801282051,0.7899487448717948,0.49230769230769234,0.5076923076923077,0.5464128461538462,-5.6195731538461535,6.165985999999999
269,US,2010,25,-1.115154446857143,0.5153447748571428,0.5885714285714285,0.4074285714285714,-2.6237182400000005,-7.08580992,4.4620916799999994
269,US,2020,19,-0.34108178947368417,0.9140521754385967,0.3508771929824561,0.6491228070175438,1.7189111578947376,-1.0232453684210525,2.74215652631579
27,US,1920,2,-0.07111999999999816,0.0,1.0,0.0,-0.21335999999999444,-0.21335999999999444,0.0
27,US,1930,1,-0.8229600000000019,0.6934200000000033,0.5,0.5,-0.2590799999999973,-1.6459200000000038,1.3868400000000065
27,US,1940,3,-0.4366626190476197,0.11683999999999967,0.8571428571428571,0.14285714285714285,-1.1694166666666703,-1.987296666666668,0.8178799999999976
27,US,1950,9,-1.1626857539682538,0.4876236111111112,0.7342592592592593,0.23796296296296296,-3.678755555555555,-5.90244111111111,2.223685555555555
27,US,1960,11,-0.8084079393939398,0.22767757575757577,0.7808080808080807,0.2191919191919192,-4.031685454545457,-5.781518181818185,1.7498327272727285
27,US,1970,16,-0.6073612261904762,1.3083613794642863,0.5242311507936508,0.41882440476190474,3.180787500000002,-4.23042125,7.411208750000002
27,US,1980,22,-2.7257980541125546,5.796171600649351,0.3993326118326118,0.6006673881673882,21.859356363636365,-25.69852454545455,47.55788090909091
27,US,1990,24,-2.089161890873016,2.9577078730158726,0.4510416666666666,0.54375,8.78789125,-17.07013791666667,25.858029166666668
27,US,2000,175,-1.1937361611791384,0.3932227097097506,0.8664580498866213,0.10687528344671202,-4.373680525714285,-7.038372685714286,2.66469216
27,US,2010,221,-0.5645922263018028,0.6756973574445163,0.626147382029735,0.34035588594412125,1.180673502262443,-3.8327849321266974,5.013458434389141
27,US,2020,55,-1.1026879515151513,0.8055301818181817,0.6848484848484848,0.3151515151515151,-0.8899077454545451,-3.3064982909090905,2.4165905454545453
270,US,1950,5,-0.09172786666666667,0.09456928000000003,0.611111111111111,0.3888888888888889,0.08260080000000014,-0.6925056000000002,0.7751064000000003
270,US,1960,11,-0.08533130000000001,0.06409189696969697,0.5174242424242425,0.4825757575757576,-0.10321636363636372,-0.6238701818181819,0.5206538181818182
270,US,1970,372,-0.14032245606758834,0.13065361769073222,0.5249103942652329,0.4714605734767025,0.008787602150537619,-0.4573351935483871,0.4661227956989247
270,US,1980,510,-0.1623076672455649,0.1171225056302521,0.5657563025210084,0.4301050420168067,-0.1723823294117647,-0.8277830117647058,0.6554006823529411
270,US,1990,548,-0.10136411747480013,0.12727927419186655,0.47803194878924804,0.5166666666666666,0.11345735036496352,-0.5833638394160584,0.6968211897810218
270,US,2000,239,-0.07009507280334729,0.05791116244271767,0.5493856677957096,0.44460715946071594,-0.08319509623430962,-0.5863318995815899,0.5031368033472803
270,US,2010,303,-0.08890252483105453,0.062441411189690404,0.5305424590078055,0.45970847084708466,-0.1017659801980198,-0.6038057821782178,0.5020398019801979
270,US,2020,256,-0.058833742187499996,0.0650527734375,0.46484375,0.5227864583333333,0.017805796875000002,-0.173861015625,0.1916668125
271,US,1930,1,-0.024993599999999994,0.1389888,0.2,0.8,0.569976,-0.12496799999999997,0.694944
271,US,1940,5,-0.13461830666666663,0.1883367666666666,0.5277777777777778,0.4722222222222222,0.09052559999999996,-0.9098279999999995,1.0003535999999997
271,US,1950,9,-0.13442949999999998,0.13384247777777777,0.5324074074074074,0.46759259259259256,-0.07298266666666652,-0.9023773333333333,0.8293946666666668
271,US,1960,10,-0.08523720000000001,0.11422376000000001,0.45999999999999996,0.54,0.20314959999999985,-0.8319510000000001,1.0351006
271,US,1970,18,-0.10285720555555555,0.12500676666666666,0.4572530864197531,0.5427469135802468,0.1854202222222222,-0.7818965555555555,0.9673167777777777
271,US,1980,73,-0.12214623150684932,0.20942967977821267,0.37355403348554034,0.6081811263318112,0.22557293150684934,-0.6057587123287671,0.8313316438356164
271,US,1990,45,-0.1093599911111111,0.17579391555555554,0.43333333333333335,0.5622222222222223,0.11832991111111113,-0.7510950222222222,0.8694249333333334
271,US,2000,62,-0.1423661741935484,0.2122235247311828,0.4645161290322581,0.535483870967742,0.2890928387096774,-0.9792437741935485,1.2683366129032259
271,US,2010,53,-0.2520557547169811,0.1481115811320755,0.5522012578616352,0.4345911949685534,-0.3024421132075471,-1.1813583773584906,0.8789162641509435
271,US,2020,18,-0.2040748888888889,0.18321866666666667,0.5462962962962963,0.45370370370370366,-0.062229999999999994,-0.5889413333333332,0.5267113333333333
272,US,1940,2,-0.1283970000000001,0.3437890000000001,0.3333333333333333,0.6666666666666666,1.2923520000000002,-0.7703820000000006,2.0627340000000007
272,US,1950,2,-0.39582090000000003,0.27060525,0.6125,0.3875,-1.063752,-3.48615,2.422398
272,US,1960,2,-0.16809719999999997,0.2052065999999999,0.5,0.5,0.37109399999999937,-1.6809719999999997,2.052065999999999
272,US,1970,26,-0.9472125274725276,0.3753302021978022,0.5473443223443224,0.41419413919413917,-1.9431589230769233,-3.609301230769231,1.6661423076923079
272,US,1980,28,-0.22736099396258497,0.8193034354591837,0.39098639455782314,0.6090136054421768,1.2378147142857148,-1.348413857142857,2.5862285714285713
272,US,1990,25,-1.4665563716190473,0.3631480047619047,0.5047142857142857,0.49528571428571433,-2.4871679999999996,-3.5942020799999996,1.1070340799999998
272,US,2000,117,-0.20624456083977752,0.22196656980735316,0.5108228191561525,0.4814848731515398,0.08040741880341878,-1.1040138974358977,1.1844213162393165
272,US,2010,107,-0.2708085018320724,0.5050800957647233,0.42862334965138704,0.5682613855511052,0.7062388598130843,-1.4618437383177567,2.168082598130841
272,US,2020,37,-0.21706692792792798,0.1860306216216217,0.5,0.5,-0.09242913513513512,-0.6103411891891893,0.5179120540540543
273,US,1980,52,-0.18013771410256413,0.2384788478937729,0.40775335775335775,0.5644688644688645,0.27136030769230773,-0.8862941923076924,1.1576545
273,US,1990,66,-0.1702362116161616,0.19111360639730643,0.3993686868686869,0.6006313131313131,0.013231151515151574,-1.0000439393939393,1.013275090909091
273,US,2000,47,-0.21914364949341436,0.2829287195542046,0.5627912867274569,0.43720871327254307,0.1477304680851062,-1.6741948510638298,1.821925319148936
273,US,2010,28,-0.2698294916666667,0.3818342676587302,0.42123015873015873,0.5787698412698413,0.963603142857143,-2.3540372142857144,3.317640357142857
273,US,2020,25,-0.41156144,0.1494027733333333,0.6066666666666667,0.3933333333333333,-0.79522384,-1.2242601599999998,0.42903631999999986
274,US,1950,19,-0.10905173684210528,0.22747726315789477,0.41578947368421054,0.5842105263157894,0.25579147368421057,-0.40241631578947373,0.6582077894736843
274,US,1960,5,-0.1118612800000001,0.12545572000000005,0.33999999999999997,0.6599999999999999,-0.2407916000000002,-0.9137888000000004,0.6729972000000002
274,US,1970,11,-0.22857913636363636,0.42916877727272723,0.3522727272727273,0.6477272727272727,1.5808039999999997,-2.0122334545454548,3.5930374545454544
274,US,1980,12,-0.34454121428571427,0.23039307380952379,0.4873015873015873,0.5126984126984127,-0.7482834999999998,-2.9022031666666663,2.1539196666666665
274,US,1990,13,-0.28101445,0.35864167307692313,0.44423076923076926,0.5557692307692308,0.14571784615384603,-2.1547006153846153,2.3004184615384613
274,US,2000,101,-0.2138191022159359,0.14420773870815654,0.6367279585101367,0.35997171145685997,-0.17071823762376234,-0.9847303960396039,0.8140121584158415
274,US,2010,39,-0.25933493333333335,0.6869097999999999,0.41923076923076924,0.5807692307692307,1.1930968205128205,-1.0864946666666666,2.279591487179487
274,US,2020,26,-0.30577661538461537,0.250619641025641,0.641025641025641,0.3589743589743589,-0.16547092307692307,-0.917329846153846,0.751858923076923
275,US,1930,4,-0.1389969642857143,0.30441213392857147,0.53125,0.46875,1.3133065,-1.0523220000000002,2.3656285
275,US,1940,9,-0.1381253481481481,0.33187639999999996,0.36296296296296293,0.6370370370370371,1.1638275555555555,-1.0400457777777778,2.203873333333333
275,US,1950,31,-0.29841218003072195,0.32513614070660524,0.4685099846390169,0.5314900153609831,-0.26606122580645153,-1.9050004516129033,1.6389392258064517
275,US,1960,25,-0.26396900799999995,0.251441752,0.516,0.48,-0.30230039999999997,-2.398654,2.0963536
275,US,1970,40,-0.17202835523809523,0.4671485805952381,0.2975,0.699375,1.5470509500000003,-1.52788625,3.0749372
275,US,1980,67,-0.36254850106609804,0.3842655252309879,0.3879886282871357,0.6105188343994314,-0.22038850746268654,-2.0257600895522385,1.8053715820895522
275,US,1990,53,-0.2767465735849057,0.2206737352201258,0.5138888888888888,0.4861111111111111,-0.48868649056603786,-2.261414754716981,1.7727282641509434
275,US,2000,221,-0.14415385955613016,0.16719750694893346,0.5147166558931264,0.4706528765352295,0.16062685972850677,-0.7107425429864254,0.8713694027149321
275,US,2010,110,-0.21007591515151516,0.2590673390909091,0.4697222222222222,0.5180050505050505,0.32023409090909094,-1.0930542727272727,1.4132883636363638
275,US,2020,47,-0.3453967517730497,0.1423967375886525,0.5638297872340425,0.43617021276595747,-0.577012255319149,-0.989270510638298,0.41225825531914895
276,US,1920,1,-0.90932,0.5841999999999999,0.6666666666666666,0.3333333333333333,-0.9753600000000002,-2.72796,1.7525999999999997
276,US,1930,1,-0.6477,0.577596,0.6,0.4,-0.7010399999999999,-6.477,5.77596
276,US,1940,2,-0.33672779999999997,0.19748499999999997,0.6333333333333333,0.3666666666666667,-1.2908279999999999,-3.1828739999999995,1.8920459999999997
276,US,1950,29,-0.3255102477011494,0.3581545307881774,0.517296113847838,0.478872468527641,0.2916619310344828,-2.2325551034482762,2.524217034482759
276,US,1960,37,-0.36592383603603607,0.23059744144144145,0.6138138138138138,0.3834834834834835,-0.6708895135135136,-2.336909783783784,1.6660202702702702
276,US,1970,51,-0.27945360032679734,0.35631744673202614,0.44248366013071894,0.5535947712418301,0.47587619607843124,-2.348275294117647,2.8241514901960785
276,US,1980,86,-0.3216339385105204,0.3339538308970099,0.46652823920265785,0.5334717607973422,-0.05029160465116273,-2.002358418604651,1.9520668139534885
276,US,1990,191,-0.5067889639034322,0.6294553242582897,0.6046538685282141,0.3942990110529378,0.11557673298429323,-1.8713282303664922,1.9869049633507854
276,US,2000,309,-0.617674142063492,0.4748383863384188,0.4626175065495454,0.5318808753274773,-0.019397508090614943,-2.088639430420712,2.069241922330097
276,US,2010,214,-0.189584344259012,0.24827743535825542,0.4193146417445483,0.5754283489096573,0.31825239252336446,-1.2159954018691588,1.5342477943925232
276,US,2020,170,-0.32891801176470586,0.1772471843137255,0.5813725490196078,0.4127450980392156,-0.4532643647058823,-0.9577980352941176,0.5045336705882353
277,US,1920,4,-0.8863457,0.3249930000000001,0.7,0.3,-2.631186,-3.460242,0.8290560000000002
277,US,1930,13,-0.39567282637362633,0.5040576967032967,0.40244200244200246,0.5642246642246642,0.49365876923076935,-2.3761504615384617,2.869809230769231
277,US,1940,17,-0.42319044369747905,0.38133041344537816,0.5638655462184874,0.4302521008403361,-0.4825698823529412,-3.7926082352941175,3.3100383529411763
277,US,1950,37,-0.2754583743886744,0.27746768335478333,0.5284534534534534,0.46768554268554274,-0.7651718378378379,-2.533299891891892,1.768128054054054
277,US,1960,104,-0.3639867631410256,0.10271389481074482,0.6500724969474969,0.3390071733821734,-1.715408269230769,-2.5355109423076923,0.8201026730769231
277,US,1970,140,-0.2703471342687075,0.21626222105442178,0.5105187074829932,0.48805272108843534,-0.5588941714285713,-2.5319629428571426,1.9730687714285713
277,US,1980,269,-0.8701454840591255,0.663635818693574,0.5419484274502862,0.4568020888652859,-0.9205186691449816,-3.738054847583643,2.8175361784386617
277,US,1990,252,-0.22225935144557818,0.3532235286564626,0.473625283446712,0.5253165154950868,1.0536282301587303,-1.4607360238095235,2.514364253968254
277,US,2000,222,-0.19883826046403544,0.22028540138352637,0.449009724009724,0.5458851708851709,0.15169304504504502,-1.6950655945945945,1.8467586396396396
277,US,2010,215,-0.24132560723514213,0.3588514391140642,0.46741971207087485,0.5311849390919158,0.5203783906976744,-1.6704885674418604,2.190866958139535
277,US,2020,132,-0.28013506060606064,0.17880452525252527,0.6212121212121212,0.3787878787878788,-0.3039916060606061,-0.8404051818181819,0.5364135757575759
278,US,1940,2,-0.17983200000000005,0.33756600000000003,0.25,0.75,0.31546799999999997,-0.3596640000000001,0.6751320000000001
278,US,1950,26,-0.17888033168498169,0.41385339194139187,0.4302503052503053,0.5697496947496947,0.7452948461538461,-1.1148063846153848,1.8601012307692306
278,US,1960,42,-0.3272344507936508,0.2622306063492063,0.547420634920635,0.4525793650793651,-0.5961741904761908,-2.7652620000000003,2.1690878095238095
278,US,1970,123,-0.22195091591173055,0.3290109737901664,0.36832171893147503,0.6305168408826946,0.36267474796747967,-1.3767418211382112,1.739416569105691
278,US,1980,331,-0.3027668905816909,0.2575637893084928,0.5030079604853019,0.4954478971850573,-0.2406537643504532,-1.591502567975831,1.3508488036253778
278,US,1990,587,-0.20485308246261594,0.1373510275790271,0.5639740677645276,0.43364092371758467,-0.2824204293015332,-1.1039395264054515,0.8215190971039182
278,US,2000,389,-0.20712534608683233,0.23815473984371813,0.5453288856245154,0.4516719712735137,0.1107505964010283,-1.3285520359897172,1.4393026323907456
278,US,2010,374,-0.2182205393705967,0.21653201572234954,0.46713033698327816,0.5287634750870045,-0.08021378609625668,-1.4200176256684491,1.3398038395721925
278,US,2020,195,-0.2339900444444444,0.2272218717948718,0.6017094017094017,0.3931623931623931,-0.023321241025640992,-0.6943813846153846,0.6710601435897436
279,US,1940,26,-0.3840616538461538,0.48955174358974357,0.5057692307692307,0.4942307692307692,0.10210784615384624,-1.4220093076923077,1.5241171538461538
279,US,1950,40,-0.3265356378571428,0.7658169107142857,0.5142857142857142,0.47488095238095235,0.1913379999999999,-2.5164292999999995,2.7077672999999995
279,US,1960,54,-0.42082392605820107,0.3205473667107584,0.592012051734274,0.40798794826572604,-0.3315547777777776,-2.8756749629629628,2.544120185185185
279,US,1970,194,-0.42216790767059403,0.26052945404189165,0.5700069546719031,0.42896211749304536,-0.7440026082474227,-2.133859587628866,1.3898569793814433
279,US,1980,725,-0.3514407980689655,0.3027984598916256,0.45536124794745486,0.5426617405582923,-0.944501624827586,-2.3508025655172413,1.4063009406896552
279,US,1990,536,-0.5990556213752666,0.2816926193659678,0.6365034944325989,0.3621698057332386,-2.197215735074627,-4.219430376865671,2.0222146417910447
279,US,2000,436,-0.552571721474079,0.365666261717271,0.6150775447793796,0.3842088976263288,-1.65649023853211,-4.381713133027523,2.725222894495413
279,US,2010,395,-0.5672144202973679,0.399841523636729,0.5592646172393008,0.43801386377335744,-1.2445679443037974,-4.321369524050633,3.0768015797468355
279,US,2020,312,-0.36791823076923075,0.3935347467948718,0.5352564102564102,0.46153846153846156,0.0970669871794872,-1.0569429807692308,1.154009967948718
28,US,1940,4,-0.053847999999999896,0.10763274999999997,0.4583333333333333,0.5416666666666666,0.1459235000000001,-0.11429999999999985,0.26022349999999994
28,US,1950,6,-0.034628533333333385,0.07763083333333341,0.4388888888888889,0.5611111111111111,0.18084900000000018,-0.325372666666667,0.5062216666666671
28,US,1960,176,-0.28822608525432897,0.2317415713203463,0.3998737373737374,0.5984217171717172,-0.41703412499999987,-1.3772384772727273,0.9602043522727272
28,US,1970,584,-0.17834457294112852,0.20448882628696458,0.42997254838008264,0.5607455425092411,0.20992655479452052,-0.9730859760273974,1.183012530821918
28,US,1980,1026,-0.17108505810204522,0.16902820470234228,0.5613408521303258,0.4326243850366657,-0.06910680116959063,-1.0495852358674465,0.9804784346978559
28,US,1990,594,-0.13460924617203784,0.1606171609187109,0.5110670194003527,0.4824795574795575,0.20905144949494947,-0.6132799865319865,0.8223314360269359
28,US,2000,72,-0.13729882880291003,0.11499973237433861,0.58505291005291,0.4022927689594356,-0.15742706944444443,-1.1942455138888886,1.0368184444444442
28,US,2010,68,-0.11824802324929984,0.24459883060224083,0.38248716153127915,0.6145716619981326,0.8675113088235281,-0.8498113676470598,1.7173226764705882
28,US,2020,45,-0.14560409629629628,0.07351888148148157,0.625925925925926,0.37407407407407406,-0.15510933333333313,-0.3105912444444444,0.1554819111111113
280,US,1930,1,-0.1837944000000001,0.1877568000000001,0.7,0.3,0.03962399999999988,-1.8379440000000011,1.877568000000001
280,US,1940,11,-0.2907175858585858,0.14624066493506496,0.7405844155844157,0.25941558441558443,-1.0654141818181815,-2.309136727272727,1.2437225454545455
280,US,1950,23,-0.5334683826086958,0.15001673043478264,0.6123188405797102,0.38768115942028986,-3.017585826086956,-3.7660684347826088,0.7484826086956523
280,US,1960,18,-0.47397047037037043,0.14355699567901237,0.5836419753086419,0.416358024691358,-2.546180666666667,-3.600957555555556,1.054776888888889
280,US,1970,145,-0.4757289765407773,0.1622324879310344,0.6829255610290094,0.31017788724685275,-1.7330086206896556,-2.510269751724138,0.7772611310344827
280,US,1980,412,-0.34196857244953,0.20173055420326708,0.5749239096933272,0.4216578055170288,-1.088997733009709,-2.271621708737864,1.1826239757281551
280,US,1990,431,-0.2739380466283652,0.17211778770669908,0.5978133171288623,0.39913177181158616,-0.8754371786542925,-1.9516819721577727,1.0762447935034802
280,US,2000,341,-0.30416731642926964,0.20737738097332778,0.5938160405902341,0.4038053344504957,-0.9040137243401758,-2.3487207390029323,1.4447070146627567
280,US,2010,386,-0.11565972934657458,0.23886551172176992,0.4225892343120322,0.5714378238341968,1.0115728393782384,-0.9094210621761659,1.9209939015544042
280,US,2020,221,-0.1976027405731523,0.1457983122171945,0.5135746606334841,0.48642533936651583,-0.1454003891402716,-0.5529359819004525,0.40753559276018086
281,US,1900,11,-0.29371636363636344,0.06289981818181813,0.5909090909090909,0.4090909090909091,-0.46163309090909055,-0.5874327272727269,0.12579963636363625
281,US,1910,14,-0.05816600000000001,0.1260564285714285,0.39999999999999997,0.588095238095238,0.10178114285714278,-0.2633254285714286,0.3651065714285714
281,US,1930,82,-0.07802392862950054,0.2786107347851336,0.31199186991869915,0.6839430894308943,0.5390313658536586,-0.23387824390243897,0.7729096097560976
281,US,1940,391,-0.12996957116063815,0.22866762345633904,0.44446575731741966,0.5487212276214835,0.3293592531969308,-0.7844663427109975,1.1138255959079282
281,US,1950,595,-0.1790260823075897,0.20404349097505667,0.4846398559423769,0.5133273309323729,0.026125684033613455,-1.2016470689075631,1.2277727529411764
281,US,1960,583,-0.21979059855699856,0.10395245496338044,0.5817494350513218,0.4138677883960903,-0.8362079862778731,-1.4936506586620928,0.6574426723842196
281,US,1970,1299,-0.12572963249202682,0.23460396270941017,0.3875334506396862,0.6092387917445654,0.6817067913779831,-0.7479343741339493,1.429641165511932
281,US,1980,1711,-0.25026506995444975,0.19873535977475346,0.5523088233929847,0.44484961917749766,-0.3227272413793103,-1.2543177650496784,0.9315905236703682
281,US,1990,1042,-0.18846835694939523,0.20021909172988456,0.500330941717698,0.49745643298906256,0.08960156238003843,-1.1927579865642994,1.2823595489443378
281,US,2000,613,-0.1444505279668039,0.19335954970221914,0.443299930086227,0.5506823066366296,0.3581398564437194,-1.0744123295269168,1.4325521859706363
281,US,2010,564,-0.18173651208488123,0.1872669895840369,0.5080744117978161,0.48594154564899245,0.021136067375886487,-1.3922199326241134,1.413356
281,US,2020,323,-0.20528947162022704,0.12378368008255937,0.5773993808049536,0.4195046439628483,-0.24533596904024757,-0.5837771145510835,0.338441145510836
282,US,1950,3,-0.16345733333333312,0.7685371111111108,0.41111111111111115,0.5888888888888889,1.9283719999999995,-0.5039353333333327,2.4323073333333323
282,US,1960,5,-0.3840587857142857,0.9216372357142857,0.3107142857142857,0.6892857142857143,1.8873228000000004,-2.8696911999999997,4.757014
282,US,1970,6,-0.69624575,1.2843233333333333,0.42777777777777776,0.5722222222222223,1.6954489999999998,-4.40055,6.095999
282,US,1980,8,-0.6118699375,0.8925083749999998,0.41666666666666663,0.5833333333333333,0.7620007499999997,-2.54203125,3.3040319999999994
282,US,2000,20,-0.3936973266666667,1.0766450433333332,0.40499999999999997,0.595,3.1277815999999996,-1.6798287000000003,4.8076103
282,US,2010,19,-1.1958027122807018,0.7550967894736842,0.5807017543859649,0.4192982456140351,-1.3863581052631577,-3.7999738947368424,2.4136157894736843
282,US,2020,1,-0.34340799999999994,0.3388360000000001,0.6666666666666666,0.3333333333333333,-0.013715999999999617,-1.0302239999999998,1.0165080000000002
283,US,1960,2,-0.272796,0.403098,0.5,0.5,0.29641800000000007,-1.0751819999999999,1.3716
283,US,1970,7,-0.6054542261904762,0.6454050119047618,0.4642857142857143,0.5357142857142857,0.1992099999999999,-4.203626285714286,4.402836285714286
283,US,1980,8,-0.39195404583333326,0.4690175291666665,0.375,0.625,0.09220174999999986,-1.9230982499999996,2.0152999999999994
283,US,1990,1,-2.393186666666667,0.05435600000000029,0.6666666666666666,0.3333333333333333,-7.0164919999999995,-7.17956,0.16306800000000088
283,US,2000,4,-0.497652675,0.4709541,0.5208333333333334,0.47916666666666663,-0.329184,-3.085719,2.756535
283,US,2010,3,-0.306832,0.2780453333333333,0.3333333333333333,0.6666666666666666,-0.08635999999999992,-0.920496,0.834136
284,US,1990,1,-0.16230666666666682,0.13614333333333337,0.6666666666666666,0.3333333333333333,-0.15698000000000079,-0.9738400000000009,0.8168600000000001
284,US,2000,33,-0.6382349949494949,0.516852214141414,0.51010101010101,0.48989898989898994,-0.7160492727272727,-3.402398909090909,2.6863496363636363
284,US,2010,27,-0.5620992849206349,0.8327480010582009,0.4235449735449735,0.5718253968253969,2.1421234074074076,-3.6967716296296294,5.8388950370370365
284,US,2020,3,-0.32427377777777777,1.1361422222222224,0.4444444444444444,0.5555555555555555,1.9237953333333335,-0.9728213333333334,2.8966166666666666
285,US,1960,1,-0.23469666666666633,0.0005099999999996404,0.6666666666666666,0.3333333333333333,-0.7025600000000001,-0.704089999999999,0.0015299999999989211
285,US,1980,2,-0.4844266666666668,0.7631369047619048,0.4920634920634921,0.5079365079365079,2.1099749999999995,-4.022600000000001,6.132575
285,US,1990,14,-0.2271427653061225,0.9219202632653062,0.37551020408163266,0.6244897959183673,1.4255929999999999,-0.7011487142857146,2.1267417142857146
285,US,2000,27,-0.10140233333333333,0.7360922592592593,0.24074074074074073,0.7592592592592593,2.084268518518518,-0.34532674074074066,2.429595259259259
285,US,2010,33,-0.15464356904761903,0.3507090515151515,0.36833814333814335,0.6286315536315537,1.6718281818181817,-1.451540303030303,3.1233684848484846
285,US,2020,27,-0.4033144197530864,0.2508393333333333,0.5493827160493827,0.4506172839506173,-0.40081162962962985,-1.1523700000000001,0.7515583703703702
286,US,1940,4,-0.19189700000000007,0.18097500000000014,0.4583333333333333,0.5,-0.02971799999999991,-0.8183880000000003,0.7886700000000004
286,US,1950,4,-0.2705099500000001,0.19507200000000008,0.575,0.375,-0.7543795000000002,-2.705099500000001,1.9507200000000007
286,US,1960,6,-0.1429294619047618,0.45794385714285696,0.45476190476190476,0.5452380952380952,1.4612616666666665,-1.3335003333333324,2.794761999999999
286,US,1970,7,-0.2564103795918367,0.5771967809523809,0.29931972789115646,0.7006802721088435,2.0325814285714285,-1.637211142857143,3.6697925714285717
286,US,1980,27,-0.2931985925044091,0.2099190930629041,0.6112874779541445,0.38459729570840684,-0.5457614074074074,-2.0699868148148144,1.524225407407407
286,US,1990,23,-0.23242568664596272,0.4247397416149068,0.3675465838509317,0.6324534161490682,0.8164006956521738,-1.514524695652174,2.3309253913043477
286,US,2000,2,-0.1997202,0.31516295000000016,0.15,0.85,0.8366750000000008,-1.997202,2.8338770000000006
286,US,2010,2,-0.27655553333333316,0.31023593333333294,0.4666666666666667,0.5333333333333333,-0.03657600000000061,-2.5930869999999997,2.5565109999999986
286,US,2020,2,-0.5759459999999994,0.08000999999999998,0.8333333333333333,0.16666666666666666,-1.3357879999999989,-1.5758179999999988,0.24002999999999997
287,US,1950,4,-0.4260371666666668,0.3071022708333333,0.5833333333333334,0.41666666666666663,-0.07391250000000049,-1.1750040000000004,1.1010915
287,US,1960,2,-0.33299399999999996,0.040004999999999846,0.5,0.5,-0.5859780000000002,-0.6659879999999999,0.08000999999999969
287,US,1990,3,-0.14468293650793637,0.17688031746031743,0.4603174603174603,0.5396825396825397,0.2580633333333342,-0.9128733333333324,1.1709366666666667
287,US,2000,5,-0.00045720000000000206,0.4125468,0.1,0.9,0.8241791999999999,-0.0009144000000000041,0.8250936
287,US,2010,56,-0.24200752678571438,0.24429141071428576,0.44791666666666663,0.5476190476190477,0.1259208214285714,-1.1876040357142859,1.3135248571428575
287,US,2020,56,-0.13678808333333334,0.024338666666666647,0.7619047619047619,0.23809523809523808,-0.33734825000000007,-0.41036425000000004,0.07301599999999994
288,US,1940,8,-0.19938999999999998,0.18351499999999996,0.41666666666666663,0.5833333333333333,-0.04762500000000003,-0.5981699999999999,0.5505449999999998
288,US,1950,8,-0.07677150000000002,0.0916305,0.5125,0.425,0.14858999999999983,-0.7677150000000003,0.9163050000000001
288,US,1960,9,-0.082804,0.2907456666666667,0.3888888888888889,0.5666666666666667,0.5364486666666668,-0.8280400000000001,1.364488666666667
288,US,1970,8,-0.1749948392857143,0.2194425,0.38482142857142854,0.5901785714285714,0.38023749999999984,-1.6891647500000002,2.06940225
288,US,1980,9,-0.19246435555555555,0.3050541111111111,0.4222222222222222,0.5666666666666667,0.5894495555555554,-1.7817262222222223,2.3711757777777773
288,US,1990,24,-0.08156350000000001,1.6306858750000002,0.2222222222222222,0.7777777777777778,3.006216166666667,-0.3844923333333334,3.3907085
288,US,2000,8,-0.10070303124999998,0.13034797499999998,0.4114583333333333,0.5885416666666666,0.22517075000000003,-0.9012552499999998,1.126426
288,US,2010,58,-0.5518495160919541,0.618602823207444,0.4168992884510126,0.5809455391351943,0.06629386206896559,-3.042298103448276,3.1085919655172414
288,US,2020,56,-0.584572005952381,0.3371488392857142,0.6488095238095238,0.35119047619047616,-0.7196816071428572,-1.563107107142857,0.8434254999999998
289,US,1980,1,-0.14173199999999989,0.13258800000000015,0.3333333333333333,0.6666666666666666,-0.05486399999999847,-0.8503919999999994,0.7955280000000009
289,US,1990,1,-0.1031748000000002,0.1620012000000001,0.5,0.5,0.5882639999999988,-1.031748000000002,1.620012000000001
289,US,2000,1,-0.14706600000000006,0.1802892000000001,0.5,0.5,0.3322320000000003,-1.4706600000000005,1.8028920000000008
289,US,2010,1,-0.06553199999999997,0.07132319999999996,0.6,0.4,0.057911999999999964,-0.6553199999999997,0.7132319999999996
289,US,2020,2,-0.6309359999999999,0.686054,0.41666666666666663,0.5833333333333333,0.12801600000000013,-1.3053059999999999,1.433322
29,US,1950,3,-0.4582724444444444,0.04069644444444442,0.7222222222222222,0.27777777777777773,-1.091692,-1.4239239999999997,0.3322319999999998
29,US,1960,8,-0.3305843451388889,0.29929030833333337,0.5024305555555555,0.48506944444444444,0.2935612500000002,-1.8669010000000001,2.16046225
29,US,1970,283,-0.2302026077822649,0.3931541806663301,0.4244180828986483,0.5734617757585955,0.4388206713780918,-0.8708015901060071,1.309622261484099
29,US,1980,379,-0.2713831507768983,0.13057122893789,0.6676121372031663,0.3250586338317209,-0.45103593139841697,-1.0448369973614775,0.5938010659630606
29,US,1990,103,-0.18546969255663415,0.20579117475728145,0.487378640776699,0.5009708737864078,0.012413514563107112,-0.7966673009708728,0.8090808155339799
29,US,2000,18,-0.1798804148148145,0.3665260888888883,0.40555555555555556,0.5944444444444444,0.24976466666666663,-1.4032676666666652,1.6530323333333317
29,US,2010,13,-0.5762745987179486,0.15447375512820513,0.39337606837606837,0.5912393162393162,-1.0944653846153853,-2.0952635384615395,1.0007981538461541
29,US,2020,1,-0.025909999999999656,0.0,1.0,0.0,-0.05181999999999931,-0.05181999999999931,0.0
290,US,1930,7,-0.4969331428571429,0.6198325000000001,0.6071428571428571,0.39285714285714285,1.179792857142857,-1.2083148571428575,2.3881077142857143
290,US,1940,35,-0.33984315632653067,0.3448926088435374,0.42241496598639455,0.5747278911564626,-0.8505661142857144,-2.4816816,1.6311154857142858
290,US,1950,42,-0.390996692063492,0.274567819047619,0.5510582010582011,0.437037037037037,-1.0326916666666666,-3.394092952380952,2.361401285714286
290,US,1960,43,-0.12378066511627904,0.21356202325581394,0.3959302325581395,0.5854651162790698,0.7970877674418606,-1.2359282790697672,2.033016046511628
290,US,1970,54,-0.05125068174603174,0.841079146031746,0.06190476190476191,0.931305114638448,4.846065407407407,-0.4961752222222222,5.34224062962963
290,US,1980,67,-0.21359734086709312,0.21241434562899789,0.5522388059701493,0.4341625207296849,0.030320865671641804,-1.5867336716417912,1.617054537313433
290,US,1990,93,-0.1709940548557774,0.22788798061102572,0.44202082266598397,0.5537549069807134,0.4170023655913978,-0.775470193548387,1.1924725591397847
290,US,2000,11,-0.2008607727272727,0.1659889121212122,0.6742424242424242,0.32575757575757575,-0.012607272727272396,-0.9616427272727273,0.9490354545454548
290,US,2010,8,-0.118723525,0.6285883464285714,0.3744047619047619,0.6255952380952381,1.68001975,-0.58197825,2.261998
290,US,2020,8,-0.40259012499999997,0.15757529166666656,0.6458333333333333,0.35416666666666663,-0.4476750000000001,-0.9149714999999998,0.4672964999999998
291,US,1980,2,-0.1074425000000001,0.08483633333333347,0.6666666666666667,0.3333333333333333,-0.13563699999999967,-0.6446550000000005,0.5090180000000009
291,US,1990,11,-0.024481036363636376,2.4802259454545457,0.09090909090909091,0.9090909090909091,4.841330545454546,-0.24481036363636377,5.0861409090909095
291,US,2000,8,-0.2209290958333333,0.19145884999999999,0.4895833333333333,0.5104166666666666,-0.037337499999999954,-0.9945999999999999,0.9572624999999999
291,US,2010,15,-0.3175897174603175,0.3378097831746032,0.5124603174603174,0.48753968253968255,0.17698720000000007,-1.9115036,2.0884908
291,US,2020,6,-0.24748038888888915,0.10778016666666673,0.5277777777777778,0.47222222222222215,-0.41275066666666715,-0.6586220000000006,0.24587133333333344
292,US,1970,27,-0.25269055061728396,0.3045705580246914,0.5432098765432098,0.4493827160493827,0.220076962962963,-1.0531969629629632,1.273273925925926
292,US,1980,221,-0.13776059853479852,0.7051672798750269,0.19502980679451268,0.8027077497665733,1.151564633484163,-0.4911762624434389,1.642740895927602
292,US,1990,116,-0.24694580032840724,0.5389121641625616,0.41317733990147787,0.5839490968801314,0.8200300862068963,-1.130808103448276,1.9508381896551723
292,US,2000,111,-0.21601350381810383,0.2839315455812956,0.4891999141999142,0.5108000858000857,0.21705356756756758,-0.9057087387387387,1.1227623063063064
292,US,2010,137,-0.23212123054107286,0.2596018687116209,0.47931583825744406,0.518494380720658,0.23846680291970798,-1.4851435766423355,1.7236103795620437
292,US,2020,74,-0.3472283018018018,0.18954575675675675,0.5878378378378378,0.41216216216216217,-0.4252578378378378,-0.9905588108108108,0.565300972972973
293,US,1970,1,-0.26517599999999997,0.19202399999999997,0.5,0.5,-0.146304,-0.5303519999999999,0.38404799999999994
293,US,1980,6,-0.41931166666666675,0.22910250793650797,0.4603174603174603,0.5396825396825397,0.0320056666666666,-1.35382,1.3858256666666666
293,US,1990,7,-0.15901825714285728,0.10580877142857151,0.5,0.5,-0.5320948571428573,-1.5901825714285724,1.058087714285715
293,US,2000,10,-0.16273249999999995,0.17892237999999994,0.4666666666666667,0.5333333333333333,0.04983459999999984,-1.0692374,1.1190719999999996
293,US,2010,29,-0.13627454236453196,0.17060988478379852,0.48568691844553913,0.5100027367268747,0.16711420689655182,-0.8486046206896548,1.0157188275862066
293,US,2020,25,-0.11913610666666662,0.10010646666666663,0.5533333333333332,0.44666666666666666,-0.06211823999999996,-0.3531411999999998,0.2910229599999999
294,US,1970,56,-0.23917091785714284,0.543667099404762,0.3175595238095238,0.6824404761904762,0.795310392857143,-0.7379425,1.5332528928571427
294,US,1980,46,-0.5046950726708075,0.3201114214803313,0.5564958592132505,0.44350414078674943,-1.085949695652174,-2.4106041739130437,1.3246544782608696
294,US,1990,94,-0.29718237597939884,0.4528867897500844,0.454305977710233,0.545694022289767,0.5144474468085106,-1.6285562553191488,2.1430037021276593
294,US,2000,16,-0.5517073607142857,0.34799731964285713,0.5214285714285714,0.47857142857142854,-0.3969067500000001,-2.070925125,1.674018375
294,US,2010,21,-0.1865647770597128,0.4177158469009826,0.37456538170823883,0.6254346182917612,1.2793623809523806,-1.618413523809524,2.8977759047619047
294,US,2020,20,-0.4249420333333333,0.2970275000000001,0.5166666666666666,0.4833333333333333,-0.38374359999999963,-1.2748260999999999,0.8910825000000002
295,US,1990,21,-0.11931687437641722,0.1437290678004535,0.496031746031746,0.503968253968254,0.06778171428571433,-0.9492342857142856,1.017016
295,US,2000,19,-0.2922657421052631,0.17987745263157895,0.5166666666666666,0.48333333333333334,-0.4328158947368419,-1.145245789473684,0.7124298947368422
295,US,2010,23,-0.18635472981366458,0.2503321099378882,0.36682194616977226,0.6331780538302277,0.32421469565217387,-0.8817995652173912,1.2060142608695652
295,US,2020,4,-0.31508699999999995,0.40030399999999994,0.5,0.5,0.25565099999999996,-0.9452609999999999,1.2009119999999998
296,US,2010,5,-0.11375213015873017,0.22432545396825398,0.33214285714285713,0.6678571428571429,0.9787115999999998,-0.9430516000000002,1.9217632000000002
296,US,2020,5,-0.14163039999999988,0.28925560000000006,0.4666666666666666,0.5333333333333333,0.44287560000000037,-0.4248911999999997,0.8677668000000001
297,US,1980,1,0.0,0.7876900000000001,0.0,1.0,5.5138300000000005,0.0,5.5138300000000005
297,US,1990,4,-0.03441700000000007,0.29571956250000003,0.3333333333333333,0.6666666666666666,1.7887954999999998,-0.1032510000000002,1.8920465
297,US,2000,13,-0.09104176153846147,0.09992766153846147,0.6,0.4,0.08499184615384621,-0.28416846153846137,0.3691603076923076
297,US,2010,17,-0.14723175434173663,0.26221552436974777,0.455718954248366,0.544281045751634,0.5303512941176468,-0.7163692941176469,1.2467205882352936
297,US,2020,6,-0.1378375555555556,0.17187377777777776,0.5,0.5,0.1897386666666665,-0.32588266666666676,0.5156213333333333
298,US,1980,3,-0.17682006349206336,0.08704942857142844,0.6428571428571429,0.35714285714285715,-0.2672073333333334,-0.8285473333333325,0.5613399999999992
298,US,1990,8,-0.106508325,0.22446600000000008,0.3625,0.6375,-0.1226812499999996,-0.90353925,0.7808580000000004
298,US,2000,4,-0.16463019999999995,0.38387635,0.5,0.5,1.0077420000000004,-1.5057129999999996,2.513455
298,US,2010,12,-0.1690432500000001,0.2310955166666667,0.47222222222222227,0.5277777777777778,0.19265966666666645,-0.7414250000000003,0.9340846666666667
298,US,2020,11,-0.34186066666666665,0.1680552727272728,0.4242424242424242,0.5757575757575757,-0.5539050909090906,-0.9982192727272726,0.444314181818182
299,US,1970,1,-0.366268,0.983488,0.3333333333333333,0.6666666666666666,1.8516600000000003,-1.098804,2.950464
299,US,1980,4,-0.17948909999999998,0.24648159999999997,0.39999999999999997,0.5583333333333333,0.393954,-0.93726,1.3312140000000001
299,US,1990,12,-0.22503553333333337,0.1805135666666667,0.4861111111111111,0.513888888888889,-0.06769099999999989,-1.043813,0.9761220000000002
299,US,2000,5,-0.17919192,0.19007328,0.45999999999999996,0.54,0.1088136,-1.7919192,1.9007328000000001
299,US,2010,10,-0.14282419999999998,0.20649685333333329,0.32666666666666666,0.64,0.30388539999999997,-1.1522963999999998,1.4561818
299,US,2020,8,-0.240792,0.05648316666666664,0.4583333333333333,0.5416666666666666,-0.4352927500000001,-0.5861685000000001,0.15087574999999992
3,US,1930,2,-0.033528,0.050292,0.5,0.5,0.033528,-0.067056,0.100584
3,US,1940,4,-0.0441959999999999,0.4892035,0.5,0.5,0.8900150000000002,-0.0883919999999998,0.978407
3,US,1950,115,-0.41434297391304326,0.19856142608695657,0.6240579710144928,0.3672463768115942,-0.6489299478260863,-1.2543958434782603,0.6054658956521741
3,US,1960,370,-0.6469432626147578,0.0646121299549549,0.8513459888459888,0.1481134706134706,-4.245589967567568,-4.6652713243243245,0.4196813567567565
3,US,1970,447,-0.4138959526810128,0.29955611494975315,0.63966833564149,0.35169471964773974,-1.4352970514541392,-2.5412718702460855,1.1059748187919463
3,US,1980,628,-0.4598164409134566,0.41114419694545545,0.5383574714386816,0.45313984935800217,-0.1792340286624202,-1.6927385923566878,1.5135045636942674
3,US,1990,699,-0.5983133606092604,0.40496548713014063,0.5732900742557395,0.4187245952267411,-0.6316773047210298,-2.5529314020028613,1.9212540972818315
3,US,2000,940,-0.46355250074299237,0.34726318471884504,0.559758527524485,0.40001561972306654,-0.5975488255319149,-2.247795017021277,1.650246191489362
3,US,2010,825,-0.5923253449062047,0.19142454649831647,0.7008508898508898,0.271981721981722,-1.5187063999999995,-2.290055883636363,0.7713494836363637
3,US,2020,138,-0.31429091787439606,0.11186742753623173,0.6364734299516908,0.3272946859903382,-0.5637705797101452,-0.8669377536231885,0.3031671739130432
30,US,1960,22,-0.6473182835497835,0.7379350484848484,0.4838924963924964,0.4293109668109668,-0.6376558181818184,-4.429298636363637,3.791642818181818
30,US,1970,27,-0.7818195676954732,0.6431676790123456,0.5520576131687243,0.4022633744855967,-0.28053170370370395,-5.143219333333333,4.8626876296296295
30,US,1980,104,-1.0865668388965202,0.5928603698565325,0.6313759157509158,0.359878663003663,-1.9034755,-4.50024,2.5967645
30,US,1990,97,-0.5227908604729178,1.3529317921944035,0.32260268368515793,0.675335460644739,4.606986639175258,-4.019684206185567,8.626670845360826
30,US,2000,41,-1.4160640989159894,0.49545519485094847,0.7260162601626016,0.26991869918699185,-5.9740065853658555,-9.837685707317075,3.8636791219512197
30,US,2010,22,-0.5829029569985571,1.3069368113997115,0.32875180375180374,0.6712481962481962,3.568377454545454,-4.655063090909092,8.223440545454547
30,US,2020,10,-0.7897365,0.1366733000000005,0.7166666666666666,0.2833333333333333,-1.831398399999999,-2.1352757999999996,0.303877400000001
300,US,1970,7,-0.1282337142857142,0.05878285714285717,0.75,0.17857142857142858,-0.05725885714285691,-0.28368171428571415,0.22642285714285723
300,US,1980,5,-0.5459113809523808,0.3221592190476189,0.44761904761904764,0.48571428571428565,-0.7906508000000001,-1.9787619999999997,1.1881111999999996
300,US,1990,2,-0.13007389999999996,0.19103379999999998,0.35,0.6499999999999999,0.6095990000000002,-1.3007389999999996,1.9103379999999999
300,US,2000,18,-0.19122403333333335,0.3257423555555556,0.3861111111111111,0.6138888888888889,0.6169655555555557,-0.9838276666666668,1.6007932222222223
300,US,2010,28,-0.27069693333333333,0.1485247607142857,0.6035714285714285,0.3964285714285714,-0.37691771428571447,-1.139789,0.7628712857142855
300,US,2020,9,-0.3248378518518518,0.14105481481481477,0.6111111111111112,0.3888888888888889,-0.4091091111111111,-0.7792722222222221,0.370163111111111
301,US,1980,2,-0.5181599999999994,16.667479999999998,0.16666666666666666,0.8333333333333333,32.52216,-1.554479999999998,34.07664
301,US,1990,3,-0.3853178888888887,0.140377222222222,0.611111111111111,0.38888888888888884,-0.936244,-1.4503406666666663,0.5140966666666662
301,US,2000,31,-0.2962108870967742,0.2188170741935484,0.43494623655913983,0.5650537634408602,-0.09050574193548368,-0.9903053548387095,0.8997996129032259
301,US,2010,62,-0.4558920939324117,0.35507642588325655,0.52902585765489,0.4638056835637481,-0.3411799032258064,-2.0585059677419353,1.7173260645161292
301,US,2020,4,-0.2879090000000001,0.2946396666666668,0.41666666666666663,0.5833333333333333,0.020192000000000154,-0.8637270000000002,0.8839190000000003
302,US,1970,1,-0.27127199999999996,0.0358139999999999,0.5,0.5,-0.4709160000000001,-0.5425439999999999,0.0716279999999998
302,US,1980,3,-0.2806100333333333,0.34670083333333324,0.3619047619047619,0.638095238095238,0.5151120000000001,-2.2931113333333326,2.808223333333333
302,US,1990,6,-0.20007865555555557,0.2401261370370371,0.5092592592592592,0.4740740740740741,0.43078533333333363,-1.8925543333333332,2.323339666666667
302,US,2000,9,-0.25602361111111116,0.2358136222222222,0.5277777777777778,0.4722222222222222,-0.04995355555555589,-1.6938417777777783,1.6438882222222224
302,US,2010,8,-0.2647281499999997,0.30197114999999985,0.4083333333333333,0.5916666666666667,0.13125525000000043,-1.735645499999999,1.8669007499999994
302,US,2020,6,-0.3367195555555556,0.08619077777777794,0.6388888888888888,0.3611111111111111,-0.6797039999999998,-0.8961123333333335,0.21640833333333376
303,US,1930,3,-0.43498911111111105,0.13245817777777769,0.6555555555555556,0.3444444444444444,-2.7691079999999997,-4.036059999999999,1.2669519999999992
303,US,1940,8,-0.2749455249999999,0.11380479999999996,0.6447916666666667,0.35520833333333335,-1.066609,-1.9044289999999995,0.8378199999999997
303,US,1950,28,-0.22083899098639456,0.1268507680272109,0.5435515873015874,0.4564484126984127,-0.8613321428571429,-1.7651182857142858,0.903786142857143
303,US,1960,54,-0.11229994320987655,0.1704204,0.36604938271604937,0.6320987654320988,0.049501814814814776,-0.9732431111111111,1.0227449259259258
303,US,1970,53,-0.12458264258760104,0.17347241931716084,0.48274932614555255,0.5153638814016173,0.21586169811320774,-0.939560679245283,1.1554223773584906
303,US,1980,25,-0.0928858481904762,0.2981931902857143,0.46285714285714286,0.5371428571428571,1.12800288,-0.83948072,1.9674836
303,US,1990,48,-0.234775681547619,0.1262202663690476,0.5203373015873015,0.4692460317460317,-0.5344158333333333,-1.0928666249999999,0.5584507916666667
303,US,2000,68,-0.1173462862745098,0.1931439382352941,0.4036064425770308,0.5913515406162465,0.4714091176470588,-0.7766798823529413,1.248089
303,US,2010,30,-0.18784893269841269,0.21066165555555555,0.5204761904761904,0.4795238095238095,0.21524033333333337,-0.9043924666666666,1.1196328000000002
303,US,2020,9,-0.31792411111111113,0.12423400000000005,0.6296296296296295,0.37037037037037035,-0.5454253333333332,-0.9181273333333332,0.3727020000000001
304,US,1930,2,-0.028346399999999994,0.05250179999999999,0.2,0.8,0.014477999999999991,-0.14173199999999997,0.15620999999999996
304,US,1940,1,-0.05841999999999999,0.04165599999999999,0.3333333333333333,0.3333333333333333,-0.050292,-0.17525999999999997,0.12496799999999997
304,US,1950,2,-0.06512922857142858,0.15745097142857145,0.27142857142857146,0.6571428571428571,0.7589520000000001,-0.640842,1.399794
304,US,1960,3,-0.11002715555555558,0.1296528888888889,0.5111111111111111,0.48888888888888893,0.18186400000000003,-1.049528,1.231392
304,US,1970,3,-0.12617994285714282,0.1168762857142857,0.5,0.5,-0.13766799999999993,-1.1851639999999997,1.047496
304,US,1980,3,-0.13395960000000004,0.13055600000000003,0.43333333333333335,0.5666666666666667,-0.034035999999999955,-1.3395960000000002,1.3055600000000003
304,US,1990,3,-0.016052799999999992,0.37439599999999995,0.13333333333333333,0.8666666666666667,1.025144,-0.08026399999999996,1.105408
304,US,2000,3,-0.46664880000000003,0.32943799999999995,0.43333333333333335,0.5666666666666667,-0.31546800000000014,-1.7404080000000002,1.42494
304,US,2010,2,-0.0470916,0.11384280000000001,0.4,0.6,0.6675120000000001,-0.470916,1.1384280000000002
304,US,2020,2,-0.12090399999999998,0.012192000000000019,0.6666666666666666,0.3333333333333333,-0.3261359999999999,-0.362712,0.03657600000000005
305,US,1930,5,-0.005029199999999989,0.16276300000000013,0.2,0.8,0.3813044000000003,-0.01889759999999996,0.4002020000000003
305,US,1940,21,-0.15036648775510203,0.07566289523809525,0.6299319727891156,0.37006802721088433,-0.38455647619047617,-0.765628857142857,0.381072380952381
305,US,1950,70,-0.0864902514285714,0.13203073972789112,0.4825850340136054,0.5159863945578231,0.16391711428571426,-0.5774433999999998,0.7413605142857141
305,US,1960,69,-0.08507118316080059,0.15067984161490686,0.4500402576489533,0.5460950080515298,0.44977889855072456,-0.6995821739130437,1.1493610724637682
305,US,1970,79,-0.1139684117540687,1.0131981170584687,0.4762557765722322,0.5224784006429576,3.596485898734177,-1.0758286835443036,4.67231458227848
305,US,1980,119,-0.13211673644124317,0.10833155344137654,0.5068327330932373,0.4889655862344938,-0.18934741176470582,-0.7553279159663865,0.5659805042016807
305,US,1990,51,-0.11393169607843139,0.12639644360410832,0.5159197012138188,0.47362278244631184,0.15643415686274506,-0.8233187843137256,0.9797529411764707
305,US,2000,42,-0.116398258276644,0.0803684137755102,0.5902210884353741,0.40977891156462587,-0.2489199047619048,-0.7642135714285714,0.5152936666666665
305,US,2010,44,-0.07805451807359307,0.17049577575757574,0.43327922077922076,0.5667207792207792,0.6991352272727273,-0.4700497272727272,1.1691849545454545
305,US,2020,23,-0.1911625217391304,0.08082730434782613,0.6739130434782609,0.32608695652173914,-0.33342417391304324,-0.5691806086956521,0.23575643478260883
306,US,2000,2,-0.07277100000000002,0.16268700000000003,0.125,0.875,0.3596640000000001,-0.29108400000000006,0.6507480000000001
306,US,2010,2,-0.176403,0.141732,0.5,0.5,-0.13868400000000003,-0.705612,0.566928
306,US,2020,1,-0.3032759999999999,0.06400799999999984,0.5,0.5,-0.4785360000000001,-0.6065519999999998,0.12801599999999969
307,US,1970,2,-0.21996400000000002,0.2572384999999999,0.16666666666666666,0.8333333333333333,0.24155399999999982,-0.659892,0.9014459999999999
307,US,1980,3,-0.08908626666666668,0.09838266666666669,0.5555555555555555,0.4444444444444444,0.09093200000000017,-0.8742679999999999,0.9652000000000002
307,US,1990,3,-0.11399519999999998,0.10728959999999998,0.5333333333333333,0.4666666666666666,-0.067056,-1.1399519999999999,1.0728959999999998
307,US,2000,5,-0.14799564000000004,0.21776436000000005,0.37,0.63,0.16276320000000002,-0.7946136000000001,0.9573768000000001
307,US,2010,7,-0.18081534285714287,0.1670703142857143,0.4309523809523809,0.569047619047619,-0.06139542857142856,-0.6659879999999999,0.6045925714285715
307,US,2020,7,-0.15240000000000004,0.1195977142857143,0.35714285714285715,0.6428571428571429,-0.08577942857142863,-0.43259828571428577,0.34681885714285715
308,US,1930,1,-1.8897599999999997,0.0,1.0,0.0,-9.448799999999999,-9.448799999999999,0.0
308,US,1940,57,-1.3013755380116958,0.5486265204678363,0.6488304093567252,0.33362573099415205,-2.8747719298245613,-4.327411052631579,1.4526391228070177
308,US,1950,101,-1.0666308549662107,0.9902694202655978,0.5778013515637278,0.40188590287600184,-1.6532680396039603,-6.056164376237623,4.402896336633663
308,US,1960,89,-0.9991779627786697,0.6831941812377385,0.579489923310148,0.3989477438915641,-2.5901328089887645,-5.805070516853934,3.2149377078651686
308,US,1970,92,-1.0288109454192547,0.4864395294254658,0.5662008281573498,0.4179477225672878,-2.766954195652174,-5.040579804347826,2.273625608695652
308,US,1980,147,-0.4925191935752078,0.22432099720332577,0.5785714285714285,0.4053287981859411,-1.5349377006802718,-2.62158031292517,1.086642612244898
308,US,1990,153,-0.2784598984905073,0.17808229368710446,0.5262293806411453,0.47180983504512913,-0.24156918954248374,-1.6183293594771242,1.3767601699346406
308,US,2000,156,-0.20977392426739927,0.3338857639652015,0.4224231786731787,0.5633140008140008,0.34647624358974355,-1.010372051282051,1.3568482948717946
308,US,2010,237,-0.22174989921304672,0.3003532164021165,0.451984126984127,0.5429827205143661,0.5988157721518987,-1.0860141350210972,1.684829907172996
308,US,2020,163,-0.2706005357873211,0.13921243762781182,0.6022494887525562,0.3895705521472393,-0.3381409079754603,-0.7182626012269939,0.3801216932515336
309,US,1930,1,-0.01142999999999983,0.035814000000000235,0.5,0.5,0.04876800000000081,-0.02285999999999966,0.07162800000000047
309,US,1940,6,-0.2249435666666664,0.10637520000000002,0.7333333333333334,0.26666666666666666,-0.17475433333333287,-0.578106333333333,0.4033520000000001
309,US,1950,29,-0.21326039277504094,0.08366676551724136,0.7351806239737273,0.25907224958949093,-0.484999724137931,-1.0054722068965518,0.5204724827586207
309,US,1960,66,-0.2217247484126985,0.43219172727272726,0.4551226551226551,0.5206349206349206,0.6199451515151512,-0.7127240000000002,1.3326691515151516
309,US,1970,188,-0.3389007207826748,0.5447563973530901,0.42820837554880103,0.5691320499831138,0.5715649361702129,-1.2633236382978725,1.8348885744680854
309,US,1980,291,-0.3479211099629084,0.4320122413980254,0.547929962362952,0.43798069055801014,-0.10026958762886605,-1.7795340962199313,1.6792645085910654
309,US,1990,171,-0.16485232177666392,0.2651287826464309,0.4710247841826789,0.5283904204956836,0.4244478713450293,-0.6314524912280702,1.0559003625730994
309,US,2000,72,-0.2275380643518518,0.14931322314814813,0.6041666666666666,0.39305555555555555,-0.2476079722222222,-0.7628891666666664,0.5152811944444442
309,US,2010,97,-0.2751274648502699,0.35858635876288647,0.43776386843397147,0.5567378497790869,0.4588650927835052,-0.9098593195876286,1.3687244123711337
309,US,2020,13,-0.4461996923076922,0.0771380256410256,0.6282051282051282,0.37179487179487175,-0.9496856923076922,-1.1234221538461537,0.1737364615384615
31,US,1930,6,-0.1530773333333333,0.9599506666666667,0.27777777777777773,0.7222222222222222,2.169668,-0.4592319999999999,2.6289
31,US,1940,5,-0.32637984000000003,0.34296096,0.505,0.495,0.21092159999999996,-2.9068776,3.1177992
31,US,1950,5,-0.24803862000000004,0.2813685,0.48,0.52,-0.0694944,-1.8117312,1.7422368000000001
31,US,1960,40,-0.45731160315476194,0.3935011474404762,0.47333333333333333,0.5266666666666666,-0.8079868000000001,-3.0843475500000004,2.2763607500000003
31,US,1970,44,-0.4809719687229437,0.5553476590367965,0.542812049062049,0.4526424963924964,-0.17411718181818153,-4.3855175,4.211400318181818
31,US,1980,29,-0.7392541278325123,0.5430584671592776,0.5096469622331692,0.49035303776683087,-0.6179033103448272,-4.00549275862069,3.387589448275863
31,US,1990,67,-0.2703503822553897,0.6035543000000001,0.36592039800995024,0.6291044776119403,0.7661626865671642,-1.2703790447761192,2.0365417313432834
31,US,2000,34,-0.19168556274509815,0.32737460882352953,0.42892156862745096,0.5710784313725491,0.48611129411764686,-0.6304877058823534,1.1165990000000003
31,US,2010,11,-0.08218516363636365,0.20148203636363637,0.39999999999999997,0.6,0.3491345454545454,-0.2962101818181818,0.6453447272727273
310,US,1930,15,-0.05065270666666663,0.5005476888888888,0.4233333333333333,0.5633333333333334,1.0023853333333335,-0.25095213333333316,1.2533374666666666
310,US,1940,36,-0.31547074259259245,0.14578339259259254,0.5462962962962963,0.43981481481481477,-0.28380233333333305,-0.8148743333333329,0.531072
310,US,1950,65,-0.5552275570329671,0.37404677003663,0.5502930402930403,0.4250915750915751,-0.23994793846153867,-2.341450092307692,2.1015021538461536
310,US,1960,52,-0.31008252628205113,0.35241765544871784,0.48097527472527474,0.5171016483516483,0.4873569615384618,-2.666091807692307,3.153448769230769
310,US,1970,53,-0.30385678228511537,0.3340607429769393,0.489727463312369,0.5064989517819707,0.43097626415094353,-2.198412679245283,2.6293889433962265
310,US,1980,82,-0.2942870411343399,0.29009325543941156,0.5270518776616337,0.460230352303523,-0.25644134146341446,-2.1201991951219514,1.863757853658537
310,US,1990,83,-0.1996119255306942,0.28077325869191055,0.4506884681583477,0.5367613310384395,0.46937359036144605,-1.4314028192771087,1.9007764096385547
310,US,2000,51,-0.2535321748366014,0.26470291563958914,0.5338702147525677,0.4524042950513538,0.44993858823529387,-1.670602392156863,2.120540980392157
310,US,2010,71,-0.22480915288397046,0.3090573345405768,0.4591437513972725,0.5324055443773753,0.5168510985915494,-1.5639887323943662,2.0808398309859157
310,US,2020,37,-0.4725569729729733,0.17195019819819846,0.7567567567567568,0.24324324324324326,-0.8368443783783786,-1.352694972972974,0.5158505945945954
311,US,1940,27,-0.6474347111111113,0.4112488246913583,0.6641975308641975,0.3358024691358025,-0.4868892592592591,-1.5037929629629634,1.0169037037037043
311,US,1950,103,-0.5844671518030513,0.6438509341038681,0.5475959315765141,0.4499768839574665,0.5242703883495144,-3.6327281165048544,4.15699850485437
311,US,1960,63,-0.28576357031997984,0.29002749217687074,0.5030738221214411,0.49375157470395564,0.13435406349206336,-2.1669105396825397,2.3012646031746034
311,US,1970,47,-0.3639856732522796,0.2679670736575481,0.5448497129348193,0.449983113812901,-0.4531149787234042,-2.4570438297872337,2.00392885106383
311,US,1980,72,-0.2823201938271605,0.14005321712962962,0.6260030864197531,0.3708719135802469,-0.9185696944444444,-1.918673222222222,1.0001035277777777
311,US,1990,37,-0.2594120498498499,0.21919530435435433,0.4810810810810811,0.518918918918919,-0.5723243243243242,-2.106539027027027,1.5342147027027027
311,US,2000,52,-0.2180534581196581,0.30358160146520147,0.5688949938949939,0.3993742368742369,0.6580162692307693,-1.3674679615384615,2.025484230769231
311,US,2010,63,-0.11388776254724108,0.39355316700680276,0.37365835222978083,0.6263416477702192,1.6243665079365082,-0.6813243492063492,2.305690857142857
311,US,2020,49,-0.17577314285714288,0.14499248299319725,0.5952380952380952,0.4047619047619047,-0.12863808163265314,-0.5045060816326532,0.37586800000000004
312,US,1970,1,-0.2979425,0.18630749999999985,0.5,0.5,-0.4465400000000006,-1.19177,0.7452299999999994
312,US,1980,7,-0.14904139285714296,0.0856977857142857,0.5392857142857143,0.46071428571428574,-0.5101014285714294,-1.2335662857142864,0.7234648571428571
312,US,1990,8,-0.44576958333333366,0.33524783333333347,0.22916666666666666,0.7083333333333333,0.022669499999999745,-0.9563087500000007,0.9789782500000005
312,US,2000,1,-0.736599999999998,1.7271999999999987,0.5,0.3333333333333333,5.9436000000000035,-4.419599999999988,10.363199999999992
312,US,2010,32,-0.230247825,0.05476160625,0.7734375,0.2265625,-0.35785425000000004,-0.578405625,0.220551375
312,US,2020,1,-0.06959599999999999,0.007112000000000007,0.6666666666666666,0.3333333333333333,-0.18745199999999995,-0.20878799999999997,0.02133600000000002
313,US,1940,19,-0.5954737075605682,0.3418043476608187,0.6218045112781955,0.37819548872180453,-1.2617907368421055,-3.338602315789474,2.076811578947368
313,US,1950,26,-0.40572520225885234,0.2535702664224665,0.5077991452991453,0.49220085470085473,-1.0272356153846154,-3.143307538461539,2.116071923076923
313,US,1960,29,-0.5487498965517241,0.44590731494252867,0.4944444444444444,0.5055555555555555,-0.5382873793103451,-4.48571,3.947422620689655
313,US,1970,58,-0.8442113741379309,0.9269619392857141,0.49720853858784897,0.49503284072249587,0.12076320689655141,-5.865849827586206,5.986613034482757
313,US,1980,106,-0.6510048400643906,0.41732496246630724,0.5996855345911949,0.39795597484276735,-1.6250869433962265,-4.637876509433962,3.0127895660377355
313,US,1990,375,-0.40530187015661373,0.6637395669777777,0.35842857142857143,0.639368253968254,0.6272663253333334,-1.5925719466666663,2.2198382719999996
313,US,2000,132,-0.9064150689574315,0.7649249252344877,0.5510912698412699,0.4362824675324675,-0.5540782424242426,-4.229793378787879,3.6757151363636367
313,US,2010,83,-0.4770647354752342,0.4600822277299675,0.5572623828647926,0.4357095046854083,-0.1365724337349397,-1.706733156626506,1.5701607228915664
313,US,2020,28,-0.43710683333333333,0.16183428571428574,0.6011904761904762,0.3988095238095238,-0.7299961428571429,-1.1476265714285714,0.41763042857142857
314,US,1940,1,-0.5181600000000001,0.9260839999999999,0.3333333333333333,0.6666666666666666,1.2237719999999994,-1.5544800000000003,2.7782519999999997
314,US,1950,4,-0.25545626666666665,0.1079965166666667,0.4861111111111111,0.4583333333333333,-1.4775184999999997,-2.5386029999999997,1.0610845000000002
314,US,1960,17,-0.12514731764705878,0.38731240224089625,0.5081232492997199,0.49187675070028014,0.5951665882352939,-0.9052559999999997,1.5004225882352937
314,US,1970,13,-0.10964592307692309,0.13656206153846154,0.5,0.5,0.2467703076923076,-0.9342118461538461,1.1809821538461538
314,US,1980,11,-0.15959978181818188,0.08024100000000008,0.6171717171717171,0.38282828282828285,-0.4001187272727274,-0.942386545454546,0.5422678181818186
314,US,1990,6,-0.037084499999999916,0.049572333333333336,0.5277777777777778,0.47222222222222215,0.03759100000000019,-0.10795099999999984,0.14554200000000003
314,US,2000,10,-0.11748619857142859,0.1845306657142858,0.4766666666666667,0.5233333333333333,0.35341600000000023,-0.5862826000000002,0.9396986000000004
314,US,2010,4,-0.10029825000000012,0.20116816666666648,0.3125,0.6875,0.27698749999999905,-0.40119300000000047,0.6781804999999995
314,US,2020,2,-0.10287000000000009,0.3764276666666671,0.3333333333333333,0.6666666666666666,0.8206730000000011,-0.3086100000000003,1.1292830000000014
315,US,1950,1,-0.6096000000000004,0.7620000000000005,0.5,0.5,0.3048000000000002,-1.2192000000000007,1.524000000000001
315,US,1960,16,-0.10477499999999995,1.64220525,0.03125,0.9375,3.0748605,-0.2095499999999999,3.2844105
315,US,1970,26,-2.1768957582417583,0.8999515769230769,0.6923076923076923,0.28846153846153844,-2.6585586923076927,-4.458461846153846,1.7999031538461538
315,US,1980,66,-1.3513837586580089,1.4880978914141412,0.5610990860990861,0.4358706108706109,-0.15267848484848617,-4.341972121212122,4.189293636363637
315,US,1990,4,-0.35585624999999843,0.31623000000000023,0.75,0.25,-0.0792524999999964,-0.7117124999999969,0.6324600000000005
315,US,2000,20,-0.6925588261904765,0.7650865333333335,0.45892857142857146,0.5285714285714286,0.3335275,-4.076240900000001,4.409768400000002
315,US,2010,31,-0.7098569499231954,0.6128766658474144,0.4951868919610855,0.5048131080389144,-0.8051630967741938,-6.418937354838712,5.6137742580645185
315,US,2020,20,-0.44678523333333314,0.5679940666666666,0.4666666666666666,0.5333333333333333,0.36362650000000046,-1.3403556999999995,1.7039822
316,US,1930,1,-0.13716000000000003,0.43179999999999996,0.3333333333333333,0.6666666666666666,0.8839199999999998,-0.41148000000000007,1.2953999999999999
316,US,1940,1,-0.14001749999999996,0.43529249999999997,0.375,0.625,2.3621999999999996,-1.1201399999999997,3.4823399999999998
316,US,1950,1,-0.247142,0.02844800000000003,0.6666666666666666,0.16666666666666666,-1.3121639999999999,-1.482852,0.17068800000000017
316,US,1960,2,-0.11452859999999998,0.1025652,0.625,0.375,0.07696200000000009,-0.8001,0.8770620000000001
316,US,1970,2,-0.7183755000000001,0.35966424999999996,0.375,0.625,-1.4348450000000001,-2.8735020000000002,1.4386569999999999
316,US,1980,4,-0.38595233333333334,0.39757308333333335,0.47916666666666663,0.5208333333333333,0.22898049999999992,-1.3186410000000002,1.5476215000000002
316,US,2000,2,-0.17312639999999996,0.8420099999999999,0.2,0.8,3.344418,-0.8656319999999997,4.21005
316,US,2010,2,-0.956056,0.397764,0.6666666666666666,0.3333333333333333,-1.6748760000000003,-2.8681680000000003,1.193292
317,US,1960,1,0.0,0.0990599999999997,0.0,1.0,0.1981199999999994,0.0,0.1981199999999994
317,US,1970,3,-1.2704024166666668,1.1052599722222223,0.4583333333333333,0.5416666666666666,-1.3563606666666663,-10.135109333333334,8.778748666666667
317,US,1980,3,-0.3561078333333334,0.6332220000000001,0.5833333333333334,0.4166666666666667,1.1084566666666669,-1.4244313333333336,2.5328880000000003
317,US,2000,2,-0.07365999999999999,1.0317458333333331,0.16666666666666666,0.8333333333333333,2.6868049999999997,-0.4419599999999999,3.1287649999999996
317,US,2010,3,-0.5934958333333332,0.34310333333333326,0.65,0.35000000000000003,-1.2862499999999997,-3.368543333333333,2.082293333333333
317,US,2020,1,-0.13411666666666613,0.19100999999999976,0.6666666666666666,0.3333333333333333,0.17068000000000083,-0.40234999999999843,0.5730299999999993
318,US,1960,1,-0.06858000000000009,0.18059399999999992,0.25,0.75,0.44805599999999934,-0.27432000000000034,0.7223759999999997
318,US,1990,2,-0.07158459999999997,0.16006397142857143,0.5285714285714286,0.4714285714285714,0.39319400000000027,-0.4084329999999997,0.801627
318,US,2010,2,-0.09758700000000001,0.21734800000000004,0.4666666666666667,0.5333333333333333,0.33528000000000047,-0.790958,1.1262380000000005
318,US,2020,2,-0.04876866666666687,0.08382033333333358,0.5,0.5,0.10515500000000011,-0.1463060000000006,0.2514610000000007
319,US,1950,1,-0.003048000000000014,1.7048473333333334,0.3333333333333333,0.6666666666666666,5.105398,-0.009144000000000041,5.114542
319,US,1960,1,-0.06045199999999973,0.32258000000000003,0.3333333333333333,0.6666666666666666,0.7863840000000009,-0.18135599999999918,0.96774
319,US,1980,96,-0.0959951886904762,0.2779434910218254,0.45877976190476194,0.5209077380952382,0.6866099166666667,-0.37195116666666667,1.0585610833333334
319,US,1990,112,-0.11715734166666668,0.13099599379251703,0.4551516439909297,0.499734268707483,0.1301250892857144,-1.050376142857143,1.1805012321428574
319,US,2000,35,-0.12470456571428572,0.12637445333333333,0.4685714285714285,0.5278571428571429,0.13507005714285722,-0.6723452571428572,0.8074153142857144
319,US,2010,13,-0.15262055512820522,0.24519208461538472,0.3925213675213675,0.6074786324786324,0.8192079999999997,-1.298566000000001,2.1177740000000007
319,US,2020,14,-0.21274290476190474,0.17504214285714287,0.619047619047619,0.38095238095238093,-0.1131022857142857,-0.6382287142857143,0.5251264285714285
32,US,1930,7,-0.10058399999999994,1.4574882857142857,0.21428571428571427,0.7857142857142857,3.1768868571428572,-0.27802114285714274,3.4549079999999996
32,US,1940,4,-0.7244143500000001,0.7577613750000001,0.44375,0.55625,0.34632899999999966,-7.0404990000000005,7.386828
32,US,1950,7,-0.3683290285714285,0.3928654285714284,0.35714285714285715,0.6428571428571429,-0.07424057142857178,-3.6832902857142855,3.6090497142857134
32,US,1960,67,-0.43663537739872066,0.5264947493248046,0.4704513148542999,0.5258173418621179,0.4992351641791044,-2.5726252238805967,3.0718603880597013
32,US,1970,66,-0.8561040723184223,0.6763305347883598,0.5233946608946609,0.4750901875901876,-1.4296280606060605,-6.866336696969697,5.436708636363637
32,US,1980,36,-0.6405711939373899,0.9376083138227513,0.5195767195767196,0.4757936507936508,0.20404655555555495,-5.020733222222223,5.224779777777778
32,US,1990,91,-0.7089601300017443,0.7018973411128554,0.4726582940868655,0.5236787022501308,0.1354350769230772,-3.0046900439560438,3.140125120879121
32,US,2000,102,-0.6056375163398694,0.5599860954248367,0.5321895424836601,0.4678104575163399,-0.01610650980392159,-1.8881162745098043,1.8720097647058827
32,US,2010,9,-0.06612466666666664,0.5558086666666665,0.3333333333333333,0.6666666666666666,1.452711333333333,-0.15731066666666657,1.6100219999999996
320,US,1970,12,-0.08102605555555545,0.7610263888888888,0.2222222222222222,0.7777777777777778,2.040001,-0.24307816666666635,2.2830791666666665
320,US,1980,37,-0.06647147876447874,0.633839693693694,0.22329472329472327,0.7767052767052767,1.2259548108108114,-0.21591367567567565,1.441868486486487
320,US,1990,32,-0.14171480208333337,0.23297662604166672,0.47136656746031746,0.5286334325396825,0.3365183125000001,-0.8701563750000001,1.2066746875
320,US,2000,4,-0.15768637499999988,0.12985783333333323,0.5520833333333333,0.44791666666666663,-0.05905400000000002,-0.6031229999999996,0.5440689999999996
320,US,2010,24,-0.22207259345238095,0.28862619871031747,0.44717261904761907,0.5528273809523809,0.4866003333333333,-1.7371060833333332,2.223706416666667
320,US,2020,24,-0.2648373611111111,0.16592552777777778,0.5972222222222222,0.40277777777777773,-0.29673550000000004,-0.7945120833333333,0.49777658333333336
321,US,1970,4,-0.09639291666666648,0.07025359523809516,0.5699404761904762,0.3943452380952381,-0.2785109999999993,-0.6069324999999987,0.32842149999999937
321,US,1980,7,-0.2093243142857142,0.29087297142857105,0.3619047619047619,0.6380952380952382,0.4003768571428566,-0.5610482857142856,0.9614251428571421
321,US,1990,4,-0.15298419999999996,0.11805919999999998,0.5,0.5,-0.2339340000000001,-1.1468099999999999,0.9128759999999999
321,US,2000,3,-0.140462,0.41097199999999995,0.5555555555555555,0.4444444444444444,0.9946639999999999,-0.5471159999999999,1.54178
321,US,2010,6,-0.11737339999999996,0.15582899999999994,0.5166666666666667,0.48333333333333334,0.23622,-1.1330939999999998,1.369314
321,US,2020,6,-0.09694333333333333,0.12581466666666666,0.5,0.5,0.08661399999999997,-0.29083,0.37744399999999995
322,US,1940,2,-0.27249200000000007,0.32862599999999986,0.26666666666666666,0.7333333333333334,0.451865999999999,-1.0363240000000005,1.4881899999999995
322,US,1950,5,-0.8568025200000001,0.35488865333333336,0.5666666666666667,0.4333333333333333,-5.191656000000001,-7.881209200000001,2.6895531999999998
322,US,1960,6,-0.25974053333333325,0.4477511999999999,0.4666666666666666,0.5333333333333333,1.8801066666666673,-2.5974053333333322,4.477512
322,US,1970,24,-0.5047883997685185,0.31109433518518526,0.29930555555555555,0.6868055555555556,-0.20923366666666646,-1.704213333333333,1.4949796666666668
322,US,1980,98,-0.2704459011661808,0.609141192079689,0.39591836734693875,0.6023809523809524,0.9357051020408164,-0.8630189591836734,1.7987240612244897
322,US,1990,12,-0.2545406685185185,0.28735130555555555,0.4601851851851852,0.5259259259259259,0.1804655000000003,-1.3580109999999996,1.5384765
322,US,2000,13,-1.4309046692307692,0.2005112192307693,0.4730769230769231,0.5269230769230769,-2.1554044615384615,-3.509887384615385,1.3544829230769235
322,US,2010,20,-0.1836215100000001,0.33059964111111123,0.3988888888888889,0.6011111111111112,1.0901942999999998,-1.2044160000000006,2.2946103000000004
322,US,2020,19,-0.1769443859649122,0.10113199999999994,0.46491228070175433,0.5350877192982456,-0.22539189473684207,-0.5260205263157892,0.3006286315789472
323,US,1980,8,-0.09698362499999988,0.32453604999999985,0.3625,0.6375,0.4962522499999999,-0.2788927499999997,0.7751449999999995
323,US,1990,33,-0.39220876262626253,0.1427865232323232,0.6026936026936027,0.3935185185185185,-0.656151515151515,-1.3117488484848483,0.6555973333333333
323,US,2000,43,-0.15811881029900335,0.24894126375046144,0.4661129568106312,0.5309800664451827,0.7582778139534883,-1.278565674418605,2.036843488372093
323,US,2010,49,-0.2020577395043732,0.23533015443796568,0.4874554583738257,0.5125445416261742,0.41978453061224474,-1.6380200408163268,2.0578045714285715
323,US,2020,29,-0.30114737931034485,0.15481737931034484,0.5977011494252873,0.3908045977011494,-0.37716282758620706,-0.835519103448276,0.45835627586206895
324,US,1960,3,-0.12005733333333364,0.8843439999999996,0.4444444444444444,0.5555555555555555,1.950213333333332,-0.2839720000000006,2.2341853333333326
324,US,1970,17,-0.7990859014005602,0.922197806442577,0.46708683473389356,0.5329131652661064,0.5444261176470588,-4.141783647058823,4.6862097647058825
324,US,1980,22,-0.6788645272727272,0.6512536969696969,0.43068181818181817,0.5693181818181818,0.16861018181818188,-2.7408442727272724,2.9094544545454544
324,US,1990,9,-0.5612176391534394,0.4525541132275131,0.6097883597883598,0.39021164021164023,-0.20404755555555615,-2.0130340000000007,1.8089864444444446
324,US,2000,8,-0.449865825,0.4310254250000001,0.475,0.525,-0.28460649999999954,-4.39578825,4.111181750000001
324,US,2010,11,-0.5263063422077923,0.6454323136363637,0.5112554112554112,0.48874458874458876,0.743434909090909,-2.7308687272727274,3.4743036363636364
324,US,2020,10,-0.6112000999999999,0.3417823999999999,0.4,0.55,-0.629564,-1.5651476,0.9355835999999996
325,US,1970,213,-0.043468586854460096,0.2970678599374022,0.24100156494522693,0.7511737089201878,0.7385674741784038,-0.14510914553990611,0.8836766197183098
325,US,1980,211,-0.36550722130444596,0.2529305891220943,0.5959151433085083,0.3998194538478898,-0.3440917725118484,-1.2414677251184834,0.897375952606635
325,US,2020,1,-0.09194999999999946,0.2941333333333323,0.3333333333333333,0.6666666666666666,0.6065499999999986,-0.2758499999999984,0.882399999999997
326,US,1960,3,-0.5176519259259259,0.49546925925925933,0.7555555555555555,0.24444444444444446,-0.060451999999999874,-4.505451333333332,4.4449993333333335
326,US,1970,15,-0.16984643142857136,0.3535119850793648,0.3697883597883598,0.6152116402116402,1.039772933333333,-0.940206533333333,1.9799794666666661
326,US,1980,31,-1.7571246246799797,0.581721755043523,0.5627240143369175,0.43727598566308246,-11.432800064516128,-15.271166387096775,3.8383663225806455
326,US,1990,37,-1.1709065464607467,0.6685663359073359,0.569079794079794,0.4237129987129987,-5.765086486486486,-11.398695297297296,5.633608810810811
326,US,2000,45,-1.1662471096296296,1.572591837037037,0.5618518518518518,0.4381481481481481,-0.28018004444444483,-9.890149066666668,9.609969022222222
326,US,2010,39,-1.4178683792022793,1.7078644682132682,0.42223239723239725,0.5726393976393976,1.1204946666666669,-9.956369333333333,11.076864
326,US,2020,33,-0.30570863636363615,2.9841460505050503,0.35858585858585856,0.6414141414141414,8.033649818181818,-0.9152324242424237,8.948882242424242
327,US,1940,5,-0.1445764000000001,0.2977889333333334,0.3333333333333333,0.6666666666666666,0.4596375999999999,-0.4337292000000003,0.8933668000000002
327,US,1950,6,-0.3030898333333333,0.2130297666666666,0.5611111111111111,0.4388888888888889,-0.6949453333333336,-2.615439,1.920493666666666
327,US,1960,7,-0.18957822857142856,0.2384237523809524,0.5365079365079365,0.4634920634920635,0.4905114285714288,-1.876913714285714,2.367425142857143
327,US,1970,11,-0.18689074285714288,0.3545998883116883,0.3965367965367965,0.6034632034632034,0.8433263636363635,-1.7010625454545454,2.544388909090909
327,US,1980,36,-0.3101283166666666,0.3067432444444445,0.46111111111111114,0.5388888888888889,-0.059604833333333045,-1.0262021666666667,0.9665973333333336
327,US,1990,37,-1.0051448422136424,0.45025820244530246,0.5906048906048905,0.40939510939510937,-2.6592155135135136,-5.07842172972973,2.4192062162162165
327,US,2000,214,-0.7319089446039163,0.8440513182317163,0.5502076843198338,0.4485406467883103,0.534795691588785,-4.870590710280373,5.405386401869159
327,US,2010,55,-0.40243369575757576,0.5479871418181819,0.46808080808080804,0.5264646464646464,1.1792438909090912,-2.975708109090909,4.154952
327,US,2020,41,-0.578643024390244,0.14002206504065046,0.6585365853658537,0.34146341463414637,-1.3111979512195122,-1.7312641463414635,0.42006619512195137
328,US,1940,1,-0.22968857142857146,0.16938171428571433,0.5714285714285714,0.42857142857142855,-0.42214799999999997,-1.6078200000000002,1.1856720000000003
328,US,1950,2,-0.14135099999999995,0.18961099999999997,0.5,0.5,0.28956000000000004,-0.8481059999999998,1.1376659999999998
328,US,1960,2,-0.07376159999999995,0.07955279999999994,0.5,0.5,0.06705599999999978,-0.49072799999999983,0.5577839999999996
328,US,1970,1,-0.06537960000000001,0.06324600000000002,0.5,0.5,-0.0213359999999998,-0.653796,0.6324600000000002
328,US,1980,2,-0.05890260000000006,0.050292000000000045,0.5,0.5,-0.033528,-0.43357800000000035,0.40005000000000035
328,US,1990,2,-0.09677400000000007,0.08585200000000007,0.41666666666666663,0.5833333333333333,-0.03200400000000003,-0.7269480000000004,0.6949440000000003
328,US,2000,50,-0.09705567276190492,0.12704488352380974,0.44745238095238093,0.5298095238095238,0.15998824000000011,-0.6156247200000017,0.7756129600000017
328,US,2010,48,-0.11502104206349195,0.08111113134920639,0.5608134920634921,0.4255952380952381,-0.18268541666666582,-0.6863463333333327,0.5036609166666669
328,US,2020,5,-0.13878573333333338,0.14640573333333334,0.6666666666666666,0.3333333333333333,0.0228599999999999,-0.4163572000000002,0.43921720000000003
33,US,1940,1,-0.17949333333333348,0.16764000000000026,0.2222222222222222,0.7777777777777778,-0.106679999999999,-1.6154400000000013,1.5087600000000023
33,US,1950,8,-0.35437784374999987,0.2748674999999999,0.5541666666666667,0.4458333333333333,-0.43929325000000025,-2.3330545,1.8937612499999994
33,US,1960,47,-0.8006638278959811,0.3698968789598109,0.5872762580209389,0.40081898007429917,-3.392651957446809,-5.882867702127659,2.4902157446808513
33,US,1970,62,-0.7547324743471582,0.7210026471966205,0.5254992319508449,0.46516257040450587,-0.5952441290322578,-5.807644354838709,5.2124002258064515
33,US,1980,128,-0.7325519764570934,0.9369417891059028,0.4689856150793651,0.5205977182539683,1.085909828125,-2.7774296718750002,3.8633395
33,US,1990,99,-0.5650113977873978,0.8547343037999038,0.38418310084976753,0.6158168991502325,1.1079324040404042,-2.905159595959596,4.013092
33,US,2000,53,-0.303297101572327,0.2883465503144653,0.4993186582809224,0.49879454926624733,-0.0628008679245285,-1.4955341509433961,1.4327332830188677
33,US,2010,34,-0.17666474771241833,0.21529571405228753,0.4657679738562091,0.5342320261437908,0.22586552941176444,-1.6478480588235294,1.8737135882352938
33,US,2020,15,-0.17248293333333345,0.3147910000000001,0.26666666666666666,0.7333333333333333,0.4197105333333331,-0.5174488000000004,0.9371593333333335
330,US,1950,3,-0.054549523809523826,0.075692,0.41375661375661377,0.5862433862433862,0.1391919999999999,-0.3520440000000001,0.491236
330,US,1960,22,-0.13693901731601732,0.12511710995671,0.5937229437229438,0.4062770562770563,-0.10550263636363627,-0.9900459090909092,0.8845432727272727
330,US,1970,330,-0.08063618437229436,0.0893942088167388,0.5323304473304473,0.4664574314574315,0.05503949090909091,-0.25127063636363633,0.3063101272727272
330,US,1980,249,-0.2072227470740103,0.12695495417861924,0.6264199655765921,0.37317842799770506,-0.37077886746987954,-1.0436586425702812,0.6728797751004016
330,US,1990,270,-0.15593445117283952,0.1830220092063492,0.44472369194591416,0.5544429747207524,0.08155642222222223,-0.8530789333333334,0.9346353555555557
330,US,2000,153,-0.14245553626413532,0.18319962857661584,0.47356831621537504,0.5251244942421412,0.2922794640522875,-0.8676740915032681,1.1599535555555558
330,US,2010,143,-0.13142175255855254,0.12102678296148296,0.4835886335886336,0.5122155622155622,-0.0077906013986013545,-0.8312194965034965,0.8234288951048951
330,US,2020,65,-0.16935935384615383,0.042429661538461526,0.6076923076923076,0.3923076923076923,-0.3650801538461539,-0.49197055384615385,0.12689039999999996
331,US,1950,1,-0.067056,0.2468879999999999,0.3333333333333333,0.6666666666666666,0.5394959999999998,-0.201168,0.7406639999999998
331,US,1960,7,-0.17406257142857146,0.19706408571428574,0.38571428571428573,0.6142857142857142,0.08294914285714292,-1.0787742857142857,1.1617234285714286
331,US,1970,8,-0.152781,0.1713738,0.525,0.475,0.27965400000000007,-1.34493,1.6245839999999998
331,US,1980,155,-0.23145729075268817,0.11355901096774196,0.6403225806451613,0.3532258064516129,-0.26165609032258064,-0.6049395870967743,0.3432834967741936
331,US,1990,127,-0.08035517086614175,0.12442515039370082,0.40800524934383203,0.5888451443569553,0.21181159055118118,-0.37697938582677176,0.5887909763779529
331,US,2000,13,-0.16407618461538462,0.23374643076923077,0.4153846153846154,0.5769230769230769,0.42754061538461524,-1.0864947692307692,1.5140353846153844
331,US,2010,14,-0.24825960000000005,0.2744507000000001,0.4714285714285714,0.5285714285714286,0.04539357142857162,-1.5342325714285716,1.579626142857143
331,US,2020,8,-0.2637155,0.06330949999999996,0.6666666666666666,0.3333333333333333,-0.601218,-0.7911465,0.1899284999999999
332,US,1970,8,-0.5656262499999999,1.9323369166666664,0.3958333333333333,0.6041666666666666,2.84302275,-1.8766154999999998,4.719638249999999
332,US,1980,46,-1.1366147826086956,0.6917000869565214,0.5285024154589372,0.47149758454106283,-1.5145922608695659,-4.341975869565217,2.8273836086956514
332,US,1990,4,-0.3420971071428572,0.08337096428571432,0.6428571428571428,0.35714285714285715,-1.7545045000000001,-2.1309325,0.3764280000000001
332,US,2000,9,-4.693403670634919,0.6528067407407405,0.6792328042328042,0.32076719576719576,-16.26717422222222,-18.269712888888886,2.0025386666666654
332,US,2010,47,-0.6976047917933131,0.6820547021276597,0.4737588652482269,0.526241134751773,-0.35233914893617024,-1.828187106382979,1.4758479574468086
332,US,2020,1,-0.10668000000000077,0.05943500000000057,0.5,0.5,-0.09449000000000041,-0.21336000000000155,0.11887000000000114
333,US,1950,4,-0.20259712500000002,0.08357222500000008,0.5375,0.4625,-0.5444509999999997,-1.0957575,0.5513065000000004
333,US,1960,23,-0.10699311221532094,0.14391753333333338,0.49906832298136644,0.5009316770186335,0.16631504347826082,-0.5222679130434785,0.6885829565217393
333,US,1970,104,-0.092618525,0.23706015141941392,0.36944826007326004,0.6305517399267399,0.3740247692307692,-0.5997963269230768,0.973821096153846
333,US,1980,308,-0.14380227708204493,0.10559515803957946,0.6040829210472067,0.38525690579262006,-0.16154390909090907,-0.6271159675324675,0.46557205844155836
333,US,1990,221,-0.07186293285929758,0.11584969124111183,0.39580729727788555,0.6022319184083891,0.1763289411764706,-0.20362988235294122,0.3799588235294118
333,US,2000,223,-0.09672055327069544,0.09658919660474057,0.5205370489002776,0.4783418748665385,-0.018308538116591947,-0.5418947174887893,0.5235861793721973
333,US,2010,273,-0.07997635673004243,0.13272032758009186,0.3075891040176754,0.6867710331996046,0.22614934065934064,-0.5943823882783882,0.8205317289377289
333,US,2020,218,-0.10624655045871557,0.10674990519877676,0.5948012232415901,0.4021406727828746,0.002810357798165222,-0.31588040366972475,0.31869076146788994
334,US,1980,1,-0.11635,0.10260000000000002,0.6,0.4,-0.13749999999999973,-1.1635,1.0260000000000002
334,US,1990,1,-0.08224999999999998,0.09499999999999997,0.3,0.7,0.12749999999999995,-0.8224999999999998,0.9499999999999997
334,US,2000,1,-0.0823708,0.11161659999999998,0.5,0.5,0.2924579999999999,-0.8237079999999999,1.1161659999999998
334,US,2010,3,-0.07629354444444437,0.017484370370370355,0.6851851851851851,0.3148148148148148,-0.2499229999999999,-0.41514199999999973,0.16521899999999987
335,US,1930,1,-0.7696200000000006,0.9357360000000003,0.5,0.5,0.3322319999999994,-1.5392400000000013,1.8714720000000007
335,US,1940,6,-0.23964811230158742,0.3967119226190478,0.3841269841269841,0.6158730158730158,1.197356666666667,-2.029969000000001,3.2273256666666676
335,US,1950,6,-0.6180220904761905,0.4972558809523808,0.6857142857142856,0.3142857142857143,-0.9677406666666676,-5.7528473333333325,4.785106666666666
335,US,1960,7,-0.5349518611111111,0.46270094603174616,0.6126984126984126,0.3551587301587302,-0.6561908571428559,-4.81301,4.156819142857144
335,US,1970,9,-0.3499331209876543,0.32176179012345674,0.47777777777777775,0.5111111111111111,-0.631273777777778,-2.9311613333333333,2.2998875555555554
335,US,1980,92,-0.22899817054865432,0.2656919487663907,0.5589717046238786,0.43994133885438236,0.4876796086956521,-1.5897641956521746,2.0774438043478267
335,US,1990,105,-0.2145130859561602,0.23027359891156463,0.4656386999244142,0.5324565381708238,0.06837615238095249,-1.2747306666666665,1.3431068190476187
335,US,2000,90,-0.31349786592592593,0.18762156296296295,0.6375925925925926,0.355,-0.4167114444444443,-1.0077013555555554,0.5909899111111111
335,US,2010,16,-0.28944781666666713,0.15912888333333342,0.6986111111111111,0.3013888888888889,-0.3925252500000011,-1.0450830000000013,0.6525577500000003
335,US,2020,2,-0.4145280000000001,0.11683999999999999,0.8333333333333333,0.16666666666666666,-0.8930640000000003,-1.2435840000000002,0.35051999999999994
336,US,1930,7,-0.11079842857142859,0.10829834285714288,0.4166666666666667,0.5261904761904762,-0.023730857142857165,-0.42976800000000015,0.40603714285714293
336,US,1940,9,-0.17716477777777775,0.19309102222222227,0.48148148148148145,0.5185185185185185,0.048091555555555665,-0.7509928888888889,0.7990844444444445
336,US,1950,81,-0.18608134320987657,0.09684471481481483,0.6361111111111111,0.35771604938271606,-0.3346214814814815,-0.7454053580246914,0.41078387654320997
336,US,1960,224,-0.2888011711451247,0.24983321853032878,0.5325697987528345,0.44501488095238095,-0.20897863392857144,-1.890903669642857,1.6819250357142859
336,US,1970,546,-0.34723876899674405,0.3026497978530729,0.537529071457643,0.4480798302226874,-0.4619537472527473,-1.8818524285714286,1.4198986813186814
336,US,1980,710,-0.404868791228482,0.34946063186563825,0.5467315001117818,0.4366118935837246,-0.35877316338028176,-2.5842487352112675,2.225475571830986
336,US,1990,379,-0.11429146960045233,0.5220366662017841,0.3092285462997864,0.6840924320475771,2.101032949868074,-0.7236265857519789,2.8246595356200523
336,US,2000,108,-0.38871226984861845,0.26750335338036446,0.5673684597295708,0.42121178718400937,-0.9511877962962962,-2.458325129629629,1.507137333333333
336,US,2010,52,-0.1881050714285714,0.2521226782051282,0.40539529914529915,0.5894764957264957,0.4576101923076924,-1.4858993846153843,1.9435095769230768
336,US,2020,29,-0.38787572413793103,0.13419087356321838,0.6839080459770115,0.3160919540229885,-0.760266275862069,-1.1365367586206898,0.37627048275862063
337,US,1930,1,-0.4163568000000003,0.5050536000000003,0.6,0.4,0.44348399999999977,-2.0817840000000016,2.5252680000000014
337,US,1940,32,-0.0773317317708333,0.19290710711805553,0.3771701388888889,0.622829861111111,0.47601168749999995,-0.42929156249999995,0.9053032499999999
337,US,1950,57,-0.28238413592314116,0.23898531111111113,0.5912141464773044,0.40878585352269564,-0.1775593684210526,-2.1148573684210525,1.9372980000000002
337,US,1960,127,-0.18527118091488565,0.18439906516685414,0.5333958255218098,0.45932070991126106,-0.018948047244094535,-1.277520220472441,1.2585721732283464
337,US,1970,102,-0.3202847840180516,0.22894778569094298,0.542755991285403,0.44417211328976036,-0.6135895098039218,-2.1456129607843137,1.5320234509803918
337,US,1980,74,-0.22519390989918495,0.3209091254504505,0.4663181038181038,0.5319927069927071,0.8006974864864865,-1.579522783783784,2.38022027027027
337,US,1990,62,-0.25584019833589344,0.3974423607782898,0.46734511008704555,0.5326548899129544,1.2947117741935488,-1.960183258064516,3.2548950322580645
337,US,2000,30,-0.2816367394708995,0.15570175809523815,0.6016931216931217,0.394973544973545,-1.275181666666667,-2.7431000000000005,1.4679183333333337
337,US,2010,30,-0.3180284011111111,0.15632859444444439,0.5927777777777777,0.39972222222222226,-1.0370308666666668,-2.239518133333333,1.202487266666666
337,US,2020,19,-0.3518837017543859,0.3424188421052633,0.5350877192982456,0.46491228070175433,-0.05317957894736776,-1.0553303157894733,1.0021507368421056
338,US,1960,18,-0.05604927777777777,0.1167553333333333,0.3796296296296296,0.6203703703703703,0.1308947777777777,-0.11396122222222221,0.2448559999999999
338,US,1970,3,-0.35348311111111075,0.47624988888888886,0.5,0.5,0.5562606666666691,-2.090418666666664,2.6466793333333336
338,US,1980,78,-0.1654711666666667,0.12774571794871792,0.5758547008547008,0.38568376068376065,-0.03120266666666696,-0.5858214358974361,0.5546187692307691
338,US,1990,9,-0.11902277777777757,0.22330191358024676,0.4861111111111111,0.5138888888888888,0.9994237777777776,-0.39384066666666556,1.3932644444444433
338,US,2000,67,-0.0833436131840796,0.09731643656716416,0.5151741293532338,0.48333333333333334,0.07344761194029845,-0.44892223880597004,0.5223698507462685
338,US,2010,36,-0.08104566137566138,0.05999697089947108,0.5753968253968255,0.41997354497354494,-0.043055555555554785,-0.28732000000000035,0.24426444444444556
338,US,2020,1,-0.14630500000000524,0.0,1.0,0.0,-0.2926100000000105,-0.2926100000000105,0.0
339,US,1980,3,-0.03353266666666552,0.04470733333333688,0.5,0.3666666666666667,0.010173333333346099,-0.15241333333333293,0.162586666666679
339,US,1990,3,-0.05158948148148315,0.1162681481481485,0.24444444444444446,0.4851851851851852,0.3047866666666626,-0.47751333333334856,0.7823000000000112
339,US,2000,5,-1.3042738055555545,0.05537580555555479,0.5416666666666667,0.4583333333333333,-3.7375040000000013,-4.013345999999996,0.2758419999999944
339,US,2010,4,-0.0658661111111111,1.075601944444447,0.33055555555555555,0.6694444444444445,2.169415000000008,-0.2910549999999965,2.4604700000000044
34,US,1930,18,-0.23089106719576724,0.24421808148148155,0.5308201058201059,0.46917989417989414,0.04775222222222217,-1.0429234444444448,1.0906756666666668
34,US,1940,7,-0.2330494234693876,0.17322509863945582,0.5694444444444444,0.4305555555555555,-0.6814445714285705,-1.6511448571428564,0.9697002857142859
34,US,1950,20,-0.41194183083333336,0.17342415499999986,0.61,0.38375,-1.8162277000000002,-2.8165052000000004,1.0002774999999997
34,US,1960,21,-0.4707214317460317,0.3763452095238095,0.5027777777777778,0.4645502645502645,-0.8269516190476193,-3.0031501904761906,2.1761985714285714
34,US,1970,27,-0.5510981111111108,0.3633405555555554,0.7203703703703703,0.2796296296296296,0.17988874074074068,-1.534611481481481,1.7145002222222216
34,US,1980,28,-0.680112392857143,0.5535385803571429,0.42857142857142855,0.5535714285714286,-0.17917914285714318,-1.360224785714286,1.1810456428571428
34,US,1990,7,-0.2716261785714288,0.08409757142857166,0.6285714285714287,0.37142857142857144,-1.0927085714285723,-1.638082000000002,0.5453734285714297
34,US,2000,6,-0.4035881726190477,0.3095297595238096,0.5547619047619048,0.4452380952380952,-0.4137679999999992,-1.588518333333333,1.1747503333333338
34,US,2010,1,-0.25733828571428574,0.20486914285714283,0.7142857142857143,0.2857142857142857,-0.36728400000000017,-1.801368,1.434084
340,US,1950,4,-0.6658665029761893,0.4346285416666653,0.6979166666666666,0.3020833333333333,-1.4851349999999996,-3.2068824999999945,1.7217474999999949
340,US,1960,6,-1.007553333333333,0.4693891666666672,0.75,0.25,-3.279145,-5.273545,1.9944
340,US,1970,6,-0.37681491666666583,0.44863254166666583,0.48055555555555557,0.5194444444444445,1.0012750000000032,-2.637553333333329,3.638828333333332
340,US,1980,9,-0.33518932980599686,0.5891454303350956,0.5074955908289241,0.3835978835978836,0.8280399999999951,-1.557004444444444,2.385044444444439
340,US,1990,12,-0.4021069444444431,0.19948326388888862,0.662962962962963,0.2814814814814815,-0.9911083333333307,-2.633994999999996,1.6428866666666655
340,US,2000,7,-0.2976191836734673,0.09122500000000112,0.5816326530612245,0.34693877551020413,-0.6979914285714202,-1.2599057142857089,0.5619142857142886
340,US,2010,2,-0.002862499999999102,0.7810500000000005,0.125,0.75,2.350750000000005,-0.011449999999996407,2.3622000000000014
341,US,1940,4,-0.14935199999999998,0.05781675000000014,0.625,0.375,-0.33070799999999956,-0.5356859999999999,0.20497800000000033
341,US,1950,5,-0.27106625999999995,0.20907756000000005,0.5,0.475,-0.22768559999999968,-1.679448,1.4517624000000002
341,US,1960,7,-0.35721267142857105,0.306563257142857,0.6142857142857142,0.38571428571428573,-0.05812085714285591,-1.8564397142857125,1.7983188571428563
341,US,1970,5,-0.6179196857142858,0.26140491428571355,0.5626190476190476,0.4373809523809523,-2.1805552000000032,-3.572268000000001,1.3917127999999974
341,US,1980,5,-0.09908546666666604,0.5354042000000001,0.505,0.49499999999999994,2.4441812000000023,-0.5684523999999974,3.0126335999999996
341,US,1990,4,-0.6165420714285705,0.09089751785714233,0.6026785714285714,0.36160714285714285,-1.0058449999999977,-1.6851279999999935,0.6792829999999959
341,US,2000,4,-0.14078968253968316,0.6411617698412704,0.5246031746031746,0.4396825396825397,2.5976524999999993,-0.9296500000000056,3.5273025000000047
341,US,2010,1,-0.13714999999999833,0.0,1.0,0.0,-0.27429999999999666,-0.27429999999999666,0.0
342,US,1940,3,-0.08546999999999993,0.060705833333333015,0.6666666666666666,0.3333333333333333,-0.1417300000000008,-0.27127000000000007,0.12953999999999924
342,US,1950,13,-0.2231335863858363,0.1110286410256412,0.684035409035409,0.31596459096459095,-0.6691515384615372,-1.169258307692307,0.5001067692307699
342,US,1960,13,-0.7563967794871795,0.18819242948717937,0.6807692307692308,0.31923076923076926,-1.8883510769230785,-2.8102533846153857,0.9219023076923071
342,US,1970,14,-0.4494947517006807,0.5383135850340139,0.5906462585034014,0.40935374149659864,-0.1280149999999998,-2.456033571428573,2.328018571428573
342,US,1980,13,-1.07620954945055,0.263359307692308,0.6622710622710622,0.32673992673992674,-4.052667692307693,-6.3745392307692335,2.3218715384615396
342,US,1990,19,-0.3691164473684211,0.17242609649122828,0.5614035087719298,0.3925438596491228,-1.2484810526315782,-2.5987463157894743,1.3502652631578962
342,US,2000,18,-0.4385400198412697,0.33640930357142834,0.6468253968253967,0.31507936507936507,-0.709761111111112,-2.714585555555555,2.004824444444443
342,US,2010,1,-0.05878285714285728,0.028302857142857057,0.7142857142857143,0.2857142857142857,-0.21336000000000155,-0.41148000000000096,0.1981199999999994
343,US,1940,12,-0.2306215,0.06203954166666675,0.8333333333333334,0.16666666666666666,-0.6303009999999997,-0.8784591666666667,0.248158166666667
343,US,1950,27,-0.6631203791887127,0.41972826455026463,0.5090828924162257,0.4711640211640212,-0.04617229629629653,-1.8969856296296301,1.8508133333333336
343,US,1960,23,-0.6290755789855075,0.43719971521739137,0.5840579710144927,0.39999999999999997,-1.1630099130434786,-2.971536000000001,1.808526086956522
343,US,1970,48,-0.7158227609126985,0.265688976686508,0.6931216931216931,0.30687830687830686,-1.872520125,-3.044094291666667,1.171574166666667
343,US,1980,28,-0.567695005102041,0.9286684018707483,0.4595379818594104,0.5404620181405896,1.6793935714285717,-4.093681571428571,5.773075142857144
343,US,1990,38,-0.28983588984962394,0.25988491804511266,0.5290413533834586,0.4281328320802005,0.06701610526315738,-1.6262261052631577,1.693242210526315
343,US,2000,27,-0.3018050679012344,0.1597254382716052,0.558641975308642,0.4351851851851852,-0.2025785185185171,-0.8072157037037031,0.6046371851851859
343,US,2010,1,-0.07111999999999814,0.7416800000000023,0.3333333333333333,0.6666666666666666,2.0116800000000126,-0.21335999999999444,2.225040000000007
344,US,1940,2,-0.5292095000000003,0.40976674999999996,0.375,0.625,-0.4777710000000015,-2.1168380000000013,1.6390669999999998
344,US,1950,16,-1.9637452083333338,0.5738407166666669,0.7583333333333333,0.24166666666666667,-4.393977250000001,-6.083235375000001,1.6892581250000007
344,US,1960,24,-0.8869781284722223,0.8835066284722219,0.515625,0.484375,-0.37338008333333494,-4.426203166666667,4.052823083333332
344,US,1970,67,-0.6757817085998579,1.7416967036247333,0.40980810234541576,0.5792466240227434,3.1106889552238806,-3.2896568358208955,6.400345791044776
344,US,1980,42,-1.4290624423469387,1.322014129138322,0.5604308390022675,0.4395691609977324,-0.3507761428571423,-9.473838142857144,9.123062000000001
344,US,1990,29,-0.6664561042692941,1.2243145008210183,0.40636288998357967,0.5936371100164204,2.9708015172413798,-5.413775655172416,8.384577172413795
344,US,2000,20,-1.6600766749999996,0.35608290000000015,0.8087500000000001,0.19125,-3.753227,-4.555386499999999,0.8021594999999999
344,US,2010,2,-1.7487866666666654,0.4076700000000007,0.8333333333333333,0.16666666666666666,-4.0233499999999935,-5.246359999999996,1.2230100000000022
345,US,1940,3,-0.6590794666666667,0.7294882666666668,0.5333333333333333,0.4666666666666666,0.3520440000000001,-3.2953973333333333,3.647441333333333
345,US,1950,6,-0.850569600000001,0.10558833333333334,0.9249999999999999,0.075,-3.098033333333335,-3.523740000000002,0.4257066666666667
345,US,1960,3,-0.6609066666666669,0.5965866666666689,0.39999999999999997,0.6,-0.9311999999999898,-3.304533333333334,2.373333333333344
345,US,1970,21,-0.9253309438775515,0.9486454013605448,0.5487717309145881,0.4459372637944066,-1.3938105714285716,-6.939500476190479,5.5456899047619075
345,US,1980,21,-1.0799745467120172,0.5647221009070289,0.5463151927437642,0.4203514739229025,-3.346776571428571,-6.922522761904759,3.575746190476188
345,US,1990,54,-1.3277050301293358,0.9583775270429158,0.45443121693121696,0.5310405643738977,-0.31112259259259206,-4.851733592592592,4.540610999999999
345,US,2000,46,-0.4611585610766042,0.6140191174948242,0.5789596273291925,0.3629658385093168,1.0920454347826103,-2.253900652173912,3.3459460869565225
345,US,2010,17,-0.043800823529411746,0.012881764705882101,0.7647058823529411,0.22941176470588237,-0.30919058823529644,-0.4380082352941174,0.128817647058821
345,US,2020,25,-0.03505074666666698,0.00927546666666681,0.7,0.26,-0.06607872000000053,-0.09314312000000097,0.027064400000000433
346,US,1950,14,-0.17960372380952377,0.4660620047619047,0.3803571428571429,0.6196428571428572,0.5809697142857144,-0.9624067142857137,1.543376428571428
346,US,1960,20,-0.5379346958730159,0.3036659038888887,0.5693650793650794,0.4306349206349206,-1.3676374000000007,-2.8599362000000004,1.4922987999999997
346,US,1970,54,-0.5832214762345677,0.41785971696061114,0.5613903586125808,0.42688124632569074,-0.748536074074074,-2.925202148148147,2.1766660740740735
346,US,1980,46,-0.6316030315389922,0.7690296538992406,0.5172705314009661,0.4660369220151829,0.40806339130434827,-3.56586752173913,3.973930913043478
346,US,1990,57,-0.39430746999443045,0.3243531391673628,0.48249791144527987,0.4993734335839599,-0.6201069473684212,-2.5193071929824553,1.899200245614034
346,US,2000,33,-0.49728922784992774,0.281524603174603,0.6325757575757576,0.3466450216450216,-0.7367854545454543,-2.4886443636363627,1.7518589090909085
346,US,2010,1,0.0,0.028955999999999982,0.0,1.0,0.057911999999999964,0.0,0.057911999999999964
346,US,2020,6,-0.06354266666666668,0.04910700000000012,0.5555555555555556,0.4444444444444444,-0.01955799999999966,-0.12928699999999996,0.1097290000000003
347,US,1990,1,-0.06923314285714291,0.014151428571428657,0.7142857142857143,0.2857142857142857,-0.3855719999999998,-0.4846320000000004,0.09906000000000059
347,US,2000,2,-0.07274560000000001,0.042087799999999995,0.5833333333333333,0.41666666666666663,-0.09677399999999992,-0.393192,0.29641800000000007
347,US,2010,2,-0.05402579999999997,0.058750199999999975,0.45,0.55,0.047244000000000064,-0.5402579999999997,0.5875019999999997
347,US,2020,2,-0.04775200000000002,0.054356,0.5,0.5,0.01981199999999994,-0.14325600000000005,0.163068
348,US,1950,2,-0.2722865000000002,0.34950316666666714,0.5833333333333333,0.41666666666666663,0.15926000000000062,-0.7642820000000006,0.9235420000000012
348,US,1960,3,-0.09662199999999999,0.1590551333333333,0.3333333333333333,0.6666666666666666,0.506983333333333,-0.9662199999999999,1.473203333333333
348,US,1970,3,-0.17571693333333335,0.1714499333333334,0.39999999999999997,0.6,-0.04266999999999962,-1.7571693333333336,1.714499333333334
348,US,1980,4,-0.1796225000000001,0.1344358000000001,0.55,0.45,-0.429388,-1.711833500000001,1.282445500000001
348,US,1990,4,-0.17895621666666672,0.2037083000000001,0.55,0.45,0.06743550000000004,-1.3041675000000004,1.3716030000000003
348,US,2000,4,-0.14302749999999995,0.19169099999999997,0.5375,0.4625,0.4164355000000002,-1.2626349999999997,1.6790705
348,US,2010,5,-0.1344711066666667,0.17549327999999995,0.5311111111111111,0.4688888888888889,0.2014707999999999,-1.3158212,1.5172919999999999
348,US,2020,5,-0.4611636,0.16982586666666682,0.4333333333333333,0.5666666666666667,-0.5882627999999995,-0.9784112,0.39014840000000045
349,US,1970,2,-0.6290309999999999,0.24993599999999994,0.5,0.5,-0.7581899999999999,-1.2580619999999998,0.49987199999999987
349,US,1980,1,-0.11887199999999999,0.13563599999999998,0.5555555555555556,0.4444444444444444,0.15087599999999995,-1.069848,1.220724
349,US,1990,24,-0.09952143333333334,0.19085988888888886,0.2972222222222222,0.6819444444444445,0.19805666666666666,-0.2682875,0.4663441666666667
349,US,2000,1,-0.21749657142857146,0.16655142857142863,0.5714285714285714,0.42857142857142855,-0.3566159999999998,-1.5224760000000002,1.1658600000000003
349,US,2010,1,-0.1260348,0.1126236,0.5,0.5,-0.134112,-1.260348,1.126236
349,US,2020,1,-0.14732,0.0,1.0,0.0,-0.44196,-0.44196,0.0
35,US,1930,1,-0.28574999999999995,0.0,1.0,0.0,-0.5714999999999999,-0.5714999999999999,0.0
35,US,1940,7,-0.6655404761904762,0.11809761904761888,0.7103174603174603,0.2738095238095238,-1.0328371428571432,-1.4652171428571428,0.43237999999999976
35,US,1950,11,-0.2992923755411256,0.2379881506493503,0.43073593073593075,0.5692640692640693,-0.7489756363636375,-1.8357292727272727,1.0867536363636352
35,US,1960,27,-1.0400011037037036,0.5577247407407407,0.5811728395061728,0.40956790123456793,-2.5084473333333333,-5.053978962962963,2.5455316296296293
35,US,1970,99,-0.6866474616161617,0.6629643244348244,0.5364598364598364,0.45764790764790764,-0.43720335353535406,-3.071229535353536,2.6340261818181814
35,US,1980,220,-1.3327523684487734,0.9379170334848485,0.5399224386724387,0.45152958152958156,-2.1136846545454544,-6.025646627272726,3.9119619727272728
35,US,1990,135,-1.3610662083480305,0.9588426058612579,0.5803292181069959,0.3847119341563786,-2.2887761481481483,-7.529370844444444,5.240594696296296
35,US,2000,366,-1.031325992258652,0.7447417668488161,0.5862932604735883,0.4086976320582878,-0.6502443387978141,-2.3129905355191256,1.6627461967213115
350,US,1950,5,-0.32433206666666664,0.23050499999999996,0.5666666666666667,0.4333333333333333,-0.44073920000000016,-1.0975832,0.6568439999999998
350,US,1960,2,-0.06570133333333333,0.1088813333333333,0.3333333333333333,0.6666666666666666,0.38861999999999974,-0.591312,0.9799319999999997
350,US,1970,2,-0.1134618,0.12077700000000001,0.5,0.5,0.0731520000000001,-1.1346180000000001,1.20777
350,US,1980,2,-0.09494519999999998,0.08930639999999998,0.45,0.55,-0.056387999999999994,-0.9494519999999999,0.8930639999999999
350,US,1990,1,-0.12771119999999997,0.11490959999999997,0.6,0.4,-0.12801600000000013,-1.2771119999999998,1.1490959999999997
350,US,2000,1,-0.07924800000000003,0.13441680000000003,0.6,0.4,0.551688,-0.7924800000000003,1.3441680000000003
350,US,2010,5,-0.27947604,0.23963343999999992,0.55,0.45,-0.07772480000000019,-1.417624,1.3398991999999996
350,US,2020,1,-0.07111999999999992,0.04368799999999995,0.6666666666666666,0.3333333333333333,-0.08229599999999992,-0.21335999999999977,0.13106399999999985
351,US,2000,629,-0.17926185928281224,0.23384589367729072,0.4503009311832841,0.5463434022257552,0.2315535516693164,-0.9495440508744037,1.18109760254372
351,US,2010,357,-0.20847747671735362,0.2875822400560224,0.3858765728513628,0.608727935618692,0.37450698599439775,-1.05167968627451,1.4261866722689076
351,US,2020,55,-0.6732661818181817,0.2962839333333333,0.6545454545454545,0.33939393939393936,-1.0695987999999998,-1.899236327272727,0.8296375272727272
352,US,2000,54,-0.20979156944444444,0.17566602865961198,0.48148148148148145,0.5162037037037037,-0.1424375555555555,-1.0761415185185186,0.933703962962963
352,US,2010,33,-0.25508735031265034,0.29822622501202506,0.5514911014911015,0.4485088985088985,0.07273551515151519,-1.1049467272727274,1.1776822424242426
353,US,2000,48,-0.3384122886904762,0.3558403928571428,0.4446924603174603,0.5553075396825397,0.17049749999999997,-1.22812175,1.39861925
353,US,2010,16,-0.6114511,1.3272327,0.4,0.6,3.232690125,-3.064764375,6.2974545
354,US,2000,88,-0.45150564550865796,0.5515453824675325,0.4753787878787879,0.5229978354978355,0.2675136590909093,-2.2619798863636364,2.5294935454545455
354,US,2010,67,-0.4176852333333333,0.5958713889836531,0.4947168917318171,0.5052831082681829,0.9460858507462686,-2.135260119402985,3.0813459701492536
354,US,2020,15,-1.2155422666666666,0.027838399999999985,0.9111111111111111,0.08888888888888888,-3.5631116,-3.6466268,0.08351519999999996
355,US,2000,200,-0.17650863052380952,0.24082167566666665,0.46923809523809523,0.5297619047619048,0.29582364999999994,-0.8928963799999999,1.1887200299999998
355,US,2010,88,-0.11056677727272729,0.43944269015151516,0.3512310606060606,0.6416666666666667,0.9293110681818182,-0.4831599545454546,1.4124710227272728
355,US,2020,8,-0.7134224166666667,0.051244166666666716,0.875,0.125,-1.91604975,-2.0697822500000003,0.15373250000000016
356,US,2000,90,-0.3062496862433863,0.49208023558201053,0.4861904761904761,0.511031746031746,0.39624013333333324,-1.7131282222222224,2.1093683555555556
356,US,2010,36,-0.16605527222222222,0.6074451907407408,0.3013888888888889,0.6708333333333333,1.2328314444444444,-0.8406552222222222,2.0734866666666667
356,US,2020,11,-0.20283057575757588,0.19417127272727275,0.46969696969696967,0.4393939393939394,-0.0550029090909093,-0.5550130909090911,0.5000101818181819
357,US,1990,25,-0.12669874222222222,3.028764022222222,0.16,0.84,6.421953200000001,-0.5775960000000002,6.999549200000001
357,US,2000,194,-0.2394864037309769,0.26297190706921947,0.5192501227295042,0.47903166421207655,0.07351330927835063,-1.293876030927835,1.3673893402061854
357,US,2010,151,-0.25954622581204645,0.4553357338536738,0.43242930726374434,0.5641884789235783,0.9512080794701987,-2.003151602649006,2.954359682119205
357,US,2020,70,-0.44061740476190475,0.09881324285714288,0.7047619047619048,0.29523809523809524,-0.8148392571428571,-1.0638390285714285,0.24899977142857144
358,US,2000,39,-0.3340393333333333,0.5393039316239315,0.42948717948717946,0.5705128205128205,0.4215619487179488,-0.9136185641025641,1.3351805128205128
358,US,2010,33,-0.2646256599326599,0.28578336700336704,0.4385521885521885,0.5513468013468013,0.22896963636363638,-1.2682450303030304,1.4972146666666668
358,US,2020,2,-0.5689616666666669,0.0,1.0,0.0,-1.7068850000000007,-1.7068850000000007,0.0
359,US,1990,4,-1.9858566666666664,3.2939566666666664,0.4722222222222222,0.5277777777777778,11.7729,-17.872709999999998,29.645609999999998
359,US,2000,36,-0.660945338095238,0.5528990357142857,0.5166666666666666,0.4833333333333333,-0.19236288888888897,-3.7292282222222215,3.536865333333333
359,US,2010,37,-0.48840810832260834,0.4787607271986272,0.5301694551694551,0.46983054483054487,0.5095102702702702,-2.927644810810811,3.4371550810810807
359,US,2020,2,-6.293357500000001,0.2015475000000002,0.75,0.25,-12.183620000000001,-12.586715000000002,0.4030950000000004
36,US,1940,9,-0.08225379629629644,0.16915843738977082,0.5585537918871252,0.4167548500881834,0.9953402222222221,-0.4108048888888892,1.4061451111111112
36,US,1950,32,-0.36156374499007937,2.293643276488095,0.3344742063492063,0.6655257936507937,9.7546963125,-1.4791836875,11.23388
36,US,1960,240,-1.3145824939219577,1.1279581159358465,0.5469692460317461,0.44236607142857143,-1.0274172000000006,-4.878406641666667,3.850989441666667
36,US,1970,257,-2.9488308120406397,1.102310542650238,0.6514421592242603,0.3318819097029214,-6.326396856031129,-10.797705478599221,4.471308622568094
36,US,1980,312,-1.1581589851343101,0.8465971619836182,0.5509271978021978,0.4129349816849817,-1.5323046153846156,-4.316340262820513,2.784035647435897
36,US,1990,3,-0.32079899999999906,0.4063933333333332,0.6,0.3333333333333333,0.2245233333333362,-1.3964799999999968,1.6210033333333331
36,US,2000,25,-0.13775436,0.09956292000000001,0.46,0.5266666666666666,-0.09241551999999999,-0.41141903999999996,0.31900351999999993
36,US,2010,25,-0.11027811809523808,0.12378242552380955,0.46199999999999997,0.5379999999999999,0.05236424000000027,-0.6895187199999999,0.7418829600000002
360,US,2000,180,-0.25325415096560844,0.2847643718386243,0.5012566137566137,0.4987433862433862,0.058335244444444476,-1.504374211111111,1.5627094555555556
360,US,2010,207,-0.28551104307568437,0.48964775101219227,0.4236714975845411,0.5745571658615137,0.6495626666666665,-1.3307905507246376,1.9803532173913043
360,US,2020,19,-0.3381275789473684,0.19808005263157902,0.6754385964912281,0.3245614035087719,-0.4601675789473682,-0.9765632631578947,0.5163956842105264
361,US,1990,29,-0.11918724137931037,0.9963018965517242,0.25862068965517243,0.7413793103448276,1.7542293103448274,-0.23837448275862075,1.9926037931034484
361,US,2000,5,-0.16997680000000007,0.7714488000000002,0.3333333333333333,0.6666666666666666,1.8044160000000002,-0.5099304000000002,2.3143464000000002
361,US,2010,7,-0.06487885714285714,0.2312851428571429,0.47619047619047616,0.5238095238095237,0.49921885714285724,-0.1946365714285714,0.6938554285714288
362,US,2000,95,-0.34180109142857146,0.4094364885714286,0.47969924812030074,0.5132832080200501,0.4483606105263158,-1.672421557894737,2.120782168421053
362,US,2010,47,-0.4153559007092199,0.586011390070922,0.4143026004728132,0.5856973995271868,0.5648525957446808,-1.7171591914893618,2.2820117872340426
362,US,2020,12,-0.7287049166666666,0.00859366666666671,0.8611111111111112,0.1111111111111111,-2.0544791666666664,-2.0802601666666667,0.025781000000000127
363,US,2000,40,-0.5185378875,0.4356524075,0.5370238095238096,0.4538095238095238,-0.46657280000000007,-2.58859065,2.1220178499999998
363,US,2010,56,-0.5715995609126984,0.7191562097222223,0.46438492063492065,0.5336309523809524,0.5507898214285715,-2.821250357142857,3.3720401785714285
363,US,2020,7,-0.8556169523809524,0.16350323809523806,0.6666666666666666,0.3333333333333333,-2.0763411428571428,-2.566850857142857,0.49050971428571416
365,US,2010,3,-0.29142266666666666,0.5767493333333332,0.3333333333333333,0.6666666666666666,0.8559799999999999,-0.8742679999999999,1.7302479999999998
366,US,2010,11,-0.041355818181818195,0.031588363636363644,0.36363636363636365,0.5909090909090909,-0.0195349090909091,-0.08271163636363639,0.06317672727272729
366,US,2020,9,-0.02774244444444444,0.09039577777777777,0.537037037037037,0.4629629629629629,0.200152,-0.06570133333333332,0.26585333333333333
367,US,2000,21,-0.15141432539682542,0.08925692857142849,0.6904761904761905,0.30952380952380953,-0.24957304761904808,-0.5412380952380954,0.2916650476190473
367,US,2010,18,-0.060672522222222414,0.14762513333333352,0.43333333333333335,0.5611111111111111,0.26297455555555566,-0.5291674444444447,0.7921420000000005
367,US,2020,5,-0.2236217333333333,0.03820199999999983,0.6,0.4,-0.5562592000000004,-0.6708651999999999,0.1146059999999995
368,US,1960,1,0.0,0.15596666666666673,0.0,1.0,0.4679000000000002,0.0,0.4679000000000002
368,US,1970,4,-0.15392249999999996,0.11373500000000002,0.5375,0.4625,-0.2088749999999997,-0.7822249999999996,0.5733499999999999
368,US,1980,6,-0.31655555555555553,0.21380277777777779,0.4777777777777778,0.5222222222222223,-0.9069166666666666,-2.9475833333333337,2.0406666666666666
368,US,1990,7,-0.34267222222222227,0.43618015873015875,0.40317460317460313,0.5968253968253968,0.8837857142857141,-3.243357142857143,4.127142857142857
368,US,2000,6,-0.5082386666666666,0.4060546833333332,0.48333333333333334,0.5166666666666667,-1.0218398333333336,-5.0823866666666655,4.0605468333333326
368,US,2010,6,-0.3126622333333334,0.4579577166666668,0.4166666666666667,0.5833333333333334,1.452954833333334,-3.1266223333333336,4.579577166666668
369,US,1950,1,-0.12200000000000007,0.2808,0.6,0.4,0.7939999999999996,-0.6100000000000003,1.404
369,US,1960,1,-0.21555,0.1971,0.5,0.5,-0.1844999999999999,-2.1555,1.971
369,US,1970,1,-0.2694500000000001,0.24430000000000004,0.6,0.4,-0.25150000000000006,-2.6945000000000006,2.4430000000000005
369,US,1980,1,-0.13740000000000005,0.16565000000000013,0.3,0.7,0.28250000000000064,-1.3740000000000006,1.6565000000000012
369,US,1990,2,-0.07450625,0.16194999999999998,0.5625,0.4375,0.7509999999999999,-0.69825,1.44925
369,US,2000,3,-0.7148517000000001,0.26137538148148143,0.5185185185185185,0.48148148148148145,-4.081514666666667,-6.501,2.419485333333333
369,US,2010,8,-0.38895325520833346,0.49999922187500007,0.503125,0.49687499999999996,1.4229687499999994,-2.6528965000000007,4.0758652500000006
37,US,1940,4,-0.2442106428571426,0.13447185714285712,0.6785714285714286,0.3214285714285714,-0.571499999999999,-1.5167649999999986,0.9452649999999996
37,US,1950,25,-0.06945261587301572,1.6103078304761902,0.2361904761904762,0.7638095238095238,12.03131072,-0.6391047999999988,12.670415519999999
37,US,1960,30,-1.8332910311904762,1.1077435623015872,0.25281746031746033,0.7438492063492064,5.245399866666667,-4.241493533333333,9.486893400000001
37,US,1970,34,-0.48814819327731085,0.7920915509803921,0.42503501400560223,0.5690826330532213,0.8123385882352939,-2.4729582352941177,3.2852968235294115
37,US,1980,137,-0.4985700170316301,0.8114001192214112,0.4726277372262774,0.5181265206812652,0.5334019416058396,-1.3750029197080293,1.9084048613138689
37,US,1990,4,-1.6322802499999998,2.0453814404761905,0.15,0.85,3.9463750000000024,-16.322802499999998,20.2691775
37,US,2000,26,-0.4728869871794872,0.35140866025641027,0.6205128205128205,0.3794871794871795,-0.05533353846153805,-1.88929,1.8339564615384616
37,US,2010,23,-0.10562521407867499,0.12171990807453437,0.450103519668737,0.5426501035196687,0.099458434782609,-0.6400806086956525,0.7395390434782615
370,Other world,1970,10,-0.065425,0.3348499999999997,0.45,0.55,0.5369499999999995,-0.14105000000000004,0.6779999999999996
370,Other world,1980,11,-0.07756249999999988,0.15990934343434351,0.39040404040404036,0.6095959595959596,0.7263636363636377,-0.6860909090909083,1.412454545454546
370,Other world,1990,8,-0.2539291666666663,0.22824999999999954,0.55625,0.44375,-0.07931250000000026,-1.0443124999999984,0.9649999999999982
370,Other world,2000,10,-0.39748500000000025,0.19349250000000046,0.575,0.4125,-1.0326499999999983,-2.741950000000002,1.7093000000000038
370,Other world,2010,16,-0.46291222668650783,0.14637375694444432,0.5905257936507936,0.3969742063492063,-2.916264875,-3.8567253124999996,0.9404604374999992
371,US,1980,12,-0.33374702380952354,0.019066964285714284,0.7708333333333334,0.22916666666666666,-1.5704166666666663,-1.675416666666666,0.10499999999999983
371,US,1990,15,-0.601845238095238,0.5899880952380953,0.5,0.5,-0.14695000000000005,-5.991916666666667,5.844966666666667
371,US,2000,20,-0.28535000000000005,0.2762112499999999,0.485,0.515,0.00131249999999965,-2.7319000000000004,2.7332124999999996
371,US,2010,22,-0.06648870225468967,0.22334341446608946,0.2713924963924964,0.7286075036075036,1.3080129090909096,-0.5893806363636357,1.8973935454545454
372,US,1960,1,0.0,0.31650000000000017,0.0,1.0,0.9495000000000005,0.0,0.9495000000000005
372,US,1970,1,-0.25015,0.18680000000000002,0.6,0.4,-0.6334999999999997,-2.5015,1.8680000000000003
372,US,1980,1,-0.2604499999999999,0.16859999999999992,0.6,0.4,-0.9184999999999999,-2.604499999999999,1.685999999999999
372,US,1990,1,-0.16610000000000014,0.2693500000000001,0.4,0.6,1.0324999999999998,-1.6610000000000014,2.693500000000001
372,US,2000,1,-0.40250620000000004,0.5165562,0.5,0.5,1.1405000000000003,-4.025062,5.165562
372,US,2010,1,-0.2413412,0.222858,0.7,0.3,-0.1848320000000001,-2.413412,2.22858
373,US,1960,2,-0.047499999999999876,0.10924999999999985,0.3333333333333333,0.6666666666666666,0.18524999999999991,-0.14249999999999963,0.32774999999999954
373,US,1970,2,-0.04902500000000004,0.07715000000000005,0.4,0.55,0.2812500000000002,-0.4902500000000004,0.7715000000000006
373,US,1980,3,-0.1505238095238105,0.17592380952381068,0.4619047619047619,0.5380952380952381,0.2020000000000013,-1.1806666666666736,1.382666666666675
373,US,1990,3,-0.14257083333333384,0.07352750000000043,0.5666666666666668,0.43333333333333335,-0.690433333333334,-1.4257083333333382,0.7352750000000042
373,US,2000,3,-0.08730416666666568,0.13543916666666614,0.3666666666666667,0.6333333333333333,0.48135000000000455,-0.8730416666666567,1.3543916666666613
373,US,2010,3,-0.16045799999999966,0.19171336666666658,0.4666666666666666,0.5333333333333333,0.312553666666669,-1.6045799999999968,1.9171336666666656
374,US,1960,3,-0.13861626666666663,0.2162725333333333,0.6555555555555556,0.3444444444444444,0.14325599999999997,-0.4653279999999998,0.6085839999999998
374,US,1970,13,-0.353592576923077,0.3036809230769232,0.4230769230769231,0.5769230769230769,-0.1608420000000001,-1.4118109230769234,1.2509689230769234
374,US,1980,41,-0.2917768064459931,0.12061743385598143,0.5935830429732869,0.4064169570267131,-0.3788438536585367,-0.7598810731707317,0.38103721951219505
374,US,1990,51,-0.25718739869281043,0.223393045751634,0.5179738562091504,0.4820261437908496,-0.10835309803921571,-0.5917600784313726,0.4834069803921568
374,US,2000,5,-0.012039599999999994,0.17891759999999998,0.2,0.8,0.333756,-0.024079199999999988,0.35783519999999996
374,US,2010,5,-0.03657600000000001,0.08717280000000002,0.7,0.3,0.10119360000000002,-0.07315200000000002,0.17434560000000004
375,US,1960,1,-0.018599999999999995,0.09860000000000006,0.2,0.8,0.40000000000000036,-0.09299999999999997,0.4930000000000003
375,US,1970,1,-0.10829999999999992,0.012149999999999928,0.8,0.2,-0.9615,-1.0829999999999993,0.12149999999999928
375,US,1980,1,-0.10025000000000003,0.0,1.0,0.0,-1.0025000000000004,-1.0025000000000004,0.0
375,US,1990,1,-0.07620250000000003,0.02497500000000006,0.8,0.2,-0.5122749999999998,-0.7620250000000004,0.24975000000000058
375,US,2000,1,-0.06475999999999997,0.010987499999999973,0.9,0.1,-0.537725,-0.6475999999999997,0.10987499999999972
375,US,2010,1,-0.04872300000000003,0.037240800000000004,0.7,0.3,-0.1148220000000002,-0.4872300000000003,0.3724080000000001
376,US,1960,1,0.0,0.03874999999999984,0.0,1.0,0.15499999999999936,0.0,0.15499999999999936
376,US,1970,1,-0.013850000000000052,0.02350000000000012,0.3,0.7,0.0965000000000007,-0.1385000000000005,0.2350000000000012
376,US,1980,1,-0.003250000000000064,0.02845000000000013,0.2,0.8,0.25200000000000067,-0.03250000000000064,0.2845000000000013
376,US,1990,1,-0.004475000000000051,0.019299999999999963,0.2,0.8,0.1482499999999991,-0.04475000000000051,0.19299999999999962
376,US,2000,1,-0.022932500000000113,0.019907500000000057,0.5,0.5,-0.030250000000000554,-0.2293250000000011,0.19907500000000056
376,US,2010,1,-0.052132499999999915,0.006700000000000017,0.9,0.1,-0.454324999999999,-0.5213249999999992,0.06700000000000017
377,US,1960,3,-0.001583333333333492,0.08933333333333349,0.16666666666666666,0.8333333333333334,0.21633333333333335,-0.003166666666666984,0.21950000000000033
377,US,1970,4,-0.051012500000000106,0.04402499999999996,0.55,0.45,0.04187499999999922,-0.3911250000000004,0.4329999999999996
377,US,1980,10,-0.041712500000000124,0.01765166666666681,0.6433333333333333,0.3466666666666667,-0.18934999999999985,-0.2833000000000002,0.09395000000000034
377,US,1990,17,-0.044913660130718965,0.04839551764705873,0.550326797385621,0.4437908496732026,-0.018403647058823996,-0.44735882352941186,0.4289551764705879
377,US,2000,17,-0.06393581176470593,0.04618500000000004,0.6235294117647059,0.37058823529411766,-0.17750811764705898,-0.6393581176470594,0.4618500000000004
377,US,2010,17,-0.03322464248366027,0.07091518366013089,0.40392156862745093,0.596078431372549,0.36144476470588255,-0.32629870588235427,0.6877434705882368
378,US,1970,6,-0.05169494047619056,0.07651488095238089,0.4523809523809524,0.5476190476190476,0.20033333333333228,-0.3843333333333339,0.5846666666666662
378,US,1980,6,-0.10322499999999996,0.04349166666666668,0.7166666666666667,0.2833333333333333,-0.5973333333333327,-1.0322499999999994,0.4349166666666668
378,US,1990,6,-0.03474549999999986,0.10639133333333317,0.31666666666666665,0.6833333333333332,0.7164583333333331,-0.34745499999999857,1.0639133333333317
378,US,2000,6,-0.11261416666666658,0.08093499999999991,0.5333333333333333,0.4666666666666666,-0.31679166666666686,-1.126141666666666,0.809349999999999
378,US,2010,6,-0.07906427407407403,0.17211488888888885,0.35555555555555557,0.6444444444444445,0.9124715,-0.7800064999999995,1.6924779999999995
379,US,1960,1,-0.037166666666666646,0.17049999999999996,0.3333333333333333,0.6666666666666666,0.3999999999999999,-0.11149999999999993,0.5114999999999998
379,US,1970,2,-0.046561111111111095,0.03957777777777777,0.5277777777777778,0.4722222222222222,-0.06149999999999989,-0.4442499999999998,0.3827499999999999
379,US,1980,2,-0.053099999999999994,0.03559999999999999,0.6,0.4,-0.17500000000000004,-0.5309999999999999,0.35599999999999987
379,US,1990,2,-0.07492499999999999,0.05742500000000002,0.5,0.5,-0.17499999999999982,-0.74925,0.5742500000000001
379,US,2000,2,-0.06642999999999999,0.07734249999999994,0.5,0.5,0.10912499999999947,-0.6642999999999999,0.7734249999999994
379,US,2010,2,-0.0461154,0.08039940000000004,0.30000000000000004,0.7,0.34284000000000026,-0.46115400000000006,0.8039940000000003
38,US,1930,1,-0.29972000000000065,0.37388777777777843,0.3333333333333333,0.6666666666666666,0.66751,-2.697480000000006,3.364990000000006
38,US,1940,4,-0.20284443750000017,0.4071746875000004,0.35,0.65,0.7997180000000016,-1.0523235000000004,1.8520415000000021
38,US,1950,4,-0.12108800000000008,0.3860613333333336,0.30833333333333335,0.6916666666666667,1.2108215000000007,-0.8862055000000004,2.0970270000000015
38,US,1960,125,-0.9511967320000001,1.1872957026666666,0.43439999999999995,0.5536,0.7467724319999999,-2.7099516159999997,3.456724048
38,US,1970,103,-1.6083998419170902,1.171894626521806,0.5494066882416397,0.43394205578671596,-2.8479416699029123,-7.648008407766989,4.800066737864078
38,US,1980,167,-0.9288092707727401,1.1748381786712288,0.4471628172226974,0.5278870829769033,0.6978630898203592,-2.363787604790419,3.061650694610778
38,US,1990,8,-0.5008056000000001,0.7659433499999999,0.55,0.45,2.6513774999999997,-5.008056,7.6594335
38,US,2000,12,-0.2858901666666666,0.31290283333333324,0.5166666666666667,0.4666666666666666,-1.0013966666666667,-2.8131789999999994,1.8117823333333327
38,US,2010,8,-0.322687375,0.46674375000000007,0.5625,0.4375,1.4405637500000004,-3.22687375,4.6674375
38,US,2020,8,-1.0993120833333332,0.07315166666666666,0.9166666666666666,0.08333333333333333,-3.0784812499999994,-3.2979362499999993,0.21945499999999996
380,US,1960,2,-0.00495000000000001,0.06395000000000003,0.1,0.9,0.2087500000000001,-0.02475000000000005,0.23350000000000015
380,US,1970,3,-0.04665000000000002,0.03266666666666668,0.6333333333333333,0.3666666666666667,-0.1398333333333334,-0.46650000000000014,0.3266666666666667
380,US,1980,4,-0.06606527777777792,0.01851805555555561,0.7194444444444444,0.25555555555555554,-0.4571250000000007,-0.6397500000000012,0.18262500000000048
380,US,1990,4,-0.010168750000000015,0.08670312500000008,0.2,0.8,0.7653437500000007,-0.10168750000000015,0.8670312500000008
380,US,2000,4,-0.06102062499999998,0.06594124999999997,0.525,0.475,0.04920624999999984,-0.6102062499999998,0.6594124999999997
380,US,2010,4,-0.08676324999999996,0.10342537499999999,0.5,0.5,0.16662125000000022,-0.8676324999999996,1.03425375
381,US,1960,12,-0.0696875000000016,0.06835416666666663,0.65,0.3125,0.03374999999999299,-0.2537500000000061,0.28749999999999903
381,US,1970,33,-0.06746897546897443,0.11114610389610344,0.4772126022126022,0.4804593554593554,0.4172727272727302,-0.45166666666666067,0.8689393939393908
381,US,1980,123,-0.11528823073945058,0.07279645760743357,0.61755710414247,0.3639276035617499,-0.32162601626016146,-0.7702845528455305,0.4486585365853691
381,US,1990,147,-0.07675915127955969,0.11267295648418123,0.41778965554475755,0.5624824532987798,0.4002721088435365,-0.480680272108846,0.8809523809523825
381,US,2000,162,-0.11476929012345656,0.08923952821869492,0.5350676072898295,0.44944150499706054,-0.30030864197530605,-1.0009876543209868,0.7006790123456808
381,US,2010,123,-0.12615940766550526,0.12064387340301931,0.5215479416698929,0.46228222996515683,-0.0661788617886217,-1.168780487804879,1.1026016260162574
382,US,1960,4,-0.06456250000000559,0.07500000000000817,0.4625,0.50625,0.021250000000009095,-0.421250000000029,0.4425000000000381
382,US,1970,5,-0.10236825396825326,0.09461785714285817,0.46682539682539675,0.4431746031746032,-0.08899999999998727,-0.9509999999999991,0.8620000000000119
382,US,1980,6,-0.21555026455026818,0.10863756613756935,0.6396825396825397,0.326984126984127,-1.017500000000003,-1.8350000000000268,0.8175000000000239
382,US,1990,5,-0.10997142857143201,0.16742857142857245,0.5614285714285714,0.36857142857142855,0.9139999999999986,-0.7500000000000113,1.66400000000001
382,US,2000,10,-0.1900874999999999,0.13474999999999854,0.5650000000000001,0.43499999999999994,-0.23400000000000318,-1.2204999999999928,0.9864999999999895
382,US,2010,8,-0.10533432539682452,0.13862301587301537,0.36507936507936506,0.604563492063492,0.21750000000000114,-0.9124999999999943,1.1299999999999955
383,US,1960,23,-0.15209886128364342,0.16033954451345786,0.5467908902691512,0.4532091097308489,0.1300000000000004,-0.6515217391304304,0.7815217391304309
383,US,1970,65,-0.14369059829059858,0.13928824786324734,0.5766666666666667,0.4200854700854701,-0.1908461538461583,-1.0673846153846185,0.8765384615384602
383,US,1980,71,-0.12546473284149462,0.06874429912810269,0.6023306505700872,0.380868544600939,-0.4201408450704231,-0.9930281690140924,0.5728873239436694
383,US,1990,72,-0.04624470899470898,0.21544527116402104,0.3981812169312169,0.5819113756613756,1.2293750000000014,-0.44624999999999915,1.6756250000000006
383,US,2000,93,-0.16096119218296634,0.12042040023894884,0.5716077828981055,0.4100102406554019,-0.34553763440860147,-1.3103225806451617,0.9647849462365602
383,US,2010,70,-0.13613256802721183,0.21239237528344737,0.43480725623582767,0.5563662131519275,0.22464285714285423,-1.1021428571428593,1.3267857142857136
384,US,1960,6,-0.3265476190476139,0.33938492063491266,0.5158730158730158,0.48412698412698413,-0.03500000000000606,-1.1874999999999811,1.152499999999975
384,US,1970,18,-0.1957829587301578,0.18249574497354332,0.5266534391534391,0.4622354497354497,-0.33606711111111226,-1.5555595555555524,1.2194924444444402
384,US,1980,40,-0.15705079361111035,0.18512185611111048,0.48701388888888886,0.5048611111111111,-0.0464691999999985,-1.2522524499999936,1.2057832499999952
384,US,1990,31,-0.09626968172043045,0.23969021720430134,0.3075268817204301,0.689247311827957,1.0758498709677413,-0.7211122580645194,1.7969621290322604
384,US,2000,43,-0.15613454056847503,0.19134947028423754,0.523578811369509,0.4453488372093023,0.3144393488372115,-1.1272013488372048,1.4416406976744165
384,US,2010,39,-0.15976948498168508,0.13809669971509955,0.5347476597476598,0.4481583231583231,-0.1589337948717965,-1.2914036410256422,1.1324698461538456
384,US,2020,7,-0.34812499999999996,0.09731828571428565,0.6428571428571429,0.35714285714285715,-0.5016134285714287,-0.6962499999999999,0.1946365714285713
385,US,1970,1,-0.1088888888888846,0.14944444444444116,0.4444444444444444,0.5555555555555556,0.3650000000000091,-0.9799999999999613,1.3449999999999704
385,US,1980,3,-0.34124999999999517,0.018749999999997158,0.75,0.25,-0.9499999999999886,-1.0749999999999886,0.125
385,US,1990,3,-0.05833333333333333,0.12166666666666781,0.4666666666666666,0.5,0.47999999999999926,-0.5200000000000008,1.0
385,US,2000,3,-0.13799999999999765,0.2069999999999993,0.3666666666666667,0.6333333333333333,0.6900000000000167,-1.3799999999999766,2.069999999999993
385,US,2010,3,-0.2320000000000012,0.17700000000000007,0.5,0.5,-0.5500000000000114,-2.3200000000000123,1.7700000000000007
386,US,1960,4,-0.09375,0.2183333333333349,0.25,0.75,0.33875000000000455,-0.28125,0.6200000000000045
386,US,1970,5,-0.13870000000000063,0.14889999999999987,0.62,0.38,0.1019999999999925,-1.3870000000000062,1.4889999999999985
386,US,1980,6,-0.21886904761904824,0.08959523809523966,0.6523809523809524,0.34761904761904755,-1.2691666666666588,-2.145833333333338,0.8766666666666794
386,US,1990,7,-0.08650000000000091,0.17107142857142849,0.32857142857142857,0.6285714285714287,0.8457142857142758,-0.8650000000000091,1.710714285714285
386,US,2000,10,-0.11713095238095259,0.21047460317460417,0.4592063492063492,0.5307936507936508,0.7715000000000077,-0.9889999999999999,1.7605000000000075
386,US,2010,7,-0.2773392857142867,0.14462499999999998,0.525,0.46071428571428574,-1.2464285714285797,-2.5571428571428654,1.3107142857142857
387,US,1960,3,-0.3294444444444385,0.8658333333333291,0.38888888888888884,0.611111111111111,1.0350000000000061,-0.97666666666665,2.011666666666656
387,US,1970,7,-0.36266666666666453,0.37182539682539534,0.46984126984126984,0.5301587301587302,0.08785714285714821,-3.455714285714265,3.5435714285714135
387,US,1980,7,-0.4762857142857159,0.26657142857142974,0.6428571428571429,0.34285714285714286,-2.0971428571428623,-4.762857142857159,2.6657142857142975
387,US,1990,7,-0.17548214285714211,0.42657142857142855,0.39285714285714285,0.6071428571428571,2.5235714285714357,-1.704285714285707,4.227857142857142
387,US,2000,20,-0.4297160714285706,0.47095892857142685,0.55375,0.4391071428571428,0.5539999999999958,-2.924499999999993,3.478499999999989
387,US,2010,24,-0.37856365740740694,0.21253298611111102,0.5958333333333333,0.3958333333333333,-1.1991666666666636,-3.063541666666664,1.8643750000000001
388,US,1960,27,-0.3714960317460317,0.13673500881834297,0.62336860670194,0.37663139329806,-1.3874074074074034,-2.0801851851851847,0.6927777777777814
388,US,1970,41,-0.13859930313588845,0.1429226674409596,0.5208478513356563,0.4669570267131243,-0.14207317073171064,-1.1764634146341466,1.0343902439024357
388,US,1980,62,-0.18595170890937002,0.15251894521249335,0.5529505888376856,0.4278545826932924,-0.2912096774193558,-1.7698387096774173,1.4786290322580617
388,US,1990,81,-0.11646149323927016,0.17377057613168687,0.37044385655496764,0.6072163433274544,0.5247530864197548,-0.8640123456790071,1.388765432098762
388,US,2000,135,-0.12697793944738422,0.23482852733686066,0.39221928277483836,0.602092886537331,0.6207037037037028,-1.0824444444444459,1.7031481481481487
388,US,2010,119,-0.19783581766039712,0.1507509837268237,0.45187408296651993,0.5406462585034013,-0.46487394957983186,-1.7626050420168036,1.2977310924369718
389,US,1960,37,-0.20854279279279214,0.32690540540540486,0.44459459459459455,0.5454954954954955,0.5116216216216226,-0.8264864864864845,1.338108108108107
389,US,1970,77,-0.3173421717171715,0.44780885384456776,0.5700731807874665,0.41679550608122035,0.7695454545454539,-2.066493506493505,2.836038961038959
389,US,1980,88,-0.4073216540404043,0.23778756313131327,0.6367694805194805,0.3580717893217893,-1.475568181818182,-3.6457954545454556,2.1702272727272733
389,US,1990,109,-0.16658142201834852,0.31975027304499787,0.40224989078200085,0.5894932284840542,1.1338532110091757,-1.349678899082568,2.4835321100917436
389,US,2000,107,-0.396468606289868,0.46907610146862483,0.437041981901795,0.5554813825841863,0.6484112149532707,-3.400093457943925,4.048504672897196
389,US,2010,89,-0.3184896780809703,0.324635255038345,0.5353754235776708,0.46112894596040666,0.038483146067416256,-2.7528089887640452,2.7912921348314614
39,US,1910,1,-0.9296400000000009,0.4343400000000006,0.5,0.5,-0.9906000000000006,-1.8592800000000018,0.8686800000000012
39,US,1920,2,-0.6149333333333337,0.392683333333333,0.5,0.5,-0.6667500000000022,-1.844800000000001,1.178049999999999
39,US,1930,15,-0.4071907888888889,0.3639609055555556,0.5594444444444444,0.44055555555555553,0.29575266666666616,-2.9497606666666667,3.2455133333333333
39,US,1940,20,-0.20466458333333323,0.2855641186111111,0.45486111111111105,0.5326388888888889,0.9412245000000006,-1.386302099999999,2.3275265999999997
39,US,1950,27,-0.532155396942975,0.4191717480599648,0.5367577895355673,0.4632422104644327,-0.3535133333333344,-3.505032000000001,3.1515186666666666
39,US,1960,24,-0.2662863194444446,0.4201894027777779,0.45555555555555555,0.5444444444444444,-0.09372583333333358,-1.9117338333333347,1.818008000000001
39,US,1970,17,-0.671377475490196,0.3409746323529412,0.6598039215686274,0.34019607843137256,-1.2433971764705873,-3.234103999999999,1.9907068235294119
39,US,1980,19,-0.3000996315789468,0.3942911578947365,0.38947368421052636,0.6105263157894737,0.24985421052631632,-1.2751874736842093,1.5250416842105254
39,US,1990,6,-0.4194849166666655,0.7047503333333319,0.48333333333333334,0.5166666666666667,2.351013333333332,-2.7904466666666607,5.141459999999992
39,US,2000,57,-0.3519012046783627,0.7742170233918129,0.49912280701754386,0.5008771929824561,0.7443276491228067,-1.0825716140350878,1.8268992631578944
39,US,2010,2,-0.4821934999999996,0.5157994999999994,0.7,0.3,0.336059999999998,-4.821934999999996,5.157994999999994
39,US,2020,2,-0.4892083333333327,0.17652999999999963,0.6666666666666666,0.3333333333333333,-0.9380349999999993,-1.4676249999999982,0.5295899999999989
390,US,1960,1,-0.12000000000000455,0.0,1.0,0.0,-0.36000000000001364,-0.36000000000001364,0.0
390,US,1970,3,-0.233314814814814,0.0702777777777787,0.762962962962963,0.23703703703703705,-1.4699999999999893,-1.9150000000000016,0.4450000000000121
390,US,1980,3,-0.23500000000000512,0.07066666666666682,0.6833333333333332,0.31666666666666665,-1.0733333333333615,-1.7100000000000364,0.636666666666675
390,US,1990,9,-0.07428703703703395,0.2135370370370367,0.43148148148148147,0.5685185185185184,0.7238888888889,-0.37888888888887906,1.102777777777779
390,US,2000,24,-0.10173784722222122,0.20480092592592444,0.42743055555555554,0.5559027777777777,0.8224999999999948,-0.671458333333324,1.493958333333319
390,US,2010,78,-0.14041508954008913,0.1221401607651605,0.5160205535205535,0.46760276760276764,-0.17801282051281822,-1.1824358974358933,1.004423076923075
391,US,1960,5,-0.05750000000000075,0.10400000000000205,0.4666666666666666,0.5333333333333333,0.26400000000001,-0.24800000000000183,0.5120000000000118
391,US,1970,9,-0.23605555555555435,0.05349999999999871,0.7,0.3,-1.8255555555555563,-2.3605555555555435,0.5349999999999872
391,US,1980,17,-0.21346743697479,0.0420388655462185,0.8478991596638655,0.15210084033613447,-1.5547058823529416,-1.918823529411765,0.3641176470588234
391,US,1990,38,-0.03756390977443637,0.3622385129490398,0.2181077694235589,0.7818922305764411,2.1500000000000026,-0.30092105263157604,2.450921052631579
391,US,2000,32,-0.1682652529761896,0.18227938988095138,0.5013392857142858,0.48928571428571427,0.16328124999999893,-1.1212499999999928,1.2845312499999917
391,US,2010,52,-0.20587648809523948,0.14699736721611667,0.586195054945055,0.3996489621489622,-0.6691346153846223,-1.5773076923076974,0.9081730769230751
392,US,2000,73,-0.09001190476190496,0.18941593281148114,0.3487932159165036,0.629631441617743,0.5810273972602743,-0.6079452054794527,1.188972602739727
392,US,2010,64,-0.13044010416666646,0.08289360119047673,0.5514136904761905,0.42797619047619045,-0.29531249999999654,-0.7894531249999996,0.4941406250000031
393,US,2000,10,-0.11175238095238135,0.1470238095238091,0.38380952380952377,0.5795238095238096,0.22299999999999615,-0.652000000000001,0.8749999999999971
393,US,2010,3,-0.08469841269841426,0.1679206349206375,0.3761904761904762,0.6238095238095238,0.4000000000000057,-0.5833333333333428,0.9833333333333485
394,US,2000,18,-0.09278240740740756,0.1870079365079372,0.3117063492063492,0.6697751322751322,0.5833333333333365,-0.5650000000000017,1.148333333333338
394,US,2010,16,-0.0918869047619058,0.080169642857143,0.49241071428571426,0.5075892857142857,-0.09875000000000433,-0.4940625000000036,0.3953124999999993
395,US,2000,90,-0.14171388888888922,0.26398346560846614,0.33706349206349207,0.6507936507936508,0.5672222222222221,-0.8056111111111142,1.3728333333333362
395,US,2010,78,-0.14490338827838814,0.19231929181929242,0.4372710622710622,0.5363247863247863,0.15352564102564314,-0.6670512820512828,0.820576923076926
398,US,2000,19,-0.1443809523809523,0.24454887218045182,0.42468671679198,0.57531328320802,0.5689473684210558,-0.7426315789473684,1.311578947368424
398,US,2010,17,-0.1064145658263304,0.13694677871148425,0.43277310924369744,0.45938375350140054,0.023529411764705382,-0.38235294117646973,0.40588235294117514
4,US,1930,2,-0.052578000000000125,0.2735580000000001,0.5,0.5,0.4419599999999999,-0.10515600000000025,0.5471160000000002
4,US,1940,119,-0.2752359993464052,0.1676702815459517,0.5594104308390023,0.43938908896892087,-1.0775320336134455,-2.369781579831933,1.2922495462184873
4,US,1950,188,-0.3215518989994934,0.2243651315222898,0.5924413204998311,0.40347433299560964,-0.9918080957446809,-2.8018176914893616,1.810009595744681
4,US,1960,262,-0.19238658695019994,0.19211435937840785,0.503023143099479,0.4904034896401309,-0.0033852748091602576,-1.863747458015267,1.8603621832061068
4,US,1970,355,-0.2641281968522245,0.2071375299619942,0.6004370668455176,0.3929510395707579,-0.5243333295774648,-2.4641321183098595,1.9397987887323942
4,US,1980,450,-0.3708745791499118,0.25313772363315695,0.5680961199294532,0.4305458553791887,-1.00735712,-2.8270199822222226,1.8196628622222222
4,US,1990,604,-0.24375023636865342,0.365668471648008,0.4115624671502155,0.5866163407968044,1.0956802781456954,-1.9373874602649006,3.0330677384105957
4,US,2000,707,-0.22258895482701332,0.28763775730787366,0.4333080757055297,0.5652421364585438,0.24182239886845824,-1.9180068514851483,2.159829250353607
4,US,2010,768,-0.3360424793475116,0.32741462860036374,0.5202902819113756,0.47833322999338623,0.043330864583333344,-1.9844642135416668,2.027795078125
4,US,2020,2,-0.4417059999999998,0.027431999999999974,0.8333333333333333,0.16666666666666666,-1.2428219999999994,-1.3251179999999994,0.08229599999999992
40,US,1930,2,-0.25406354166666656,0.15795583333333302,0.6458333333333333,0.35416666666666663,-0.713235000000001,-1.832609999999999,1.119374999999998
40,US,1940,4,-0.125031071428571,0.13078267857142872,0.40476190476190477,0.5952380952380952,0.0525800000000034,-0.7658074999999975,0.8183875000000009
40,US,1950,4,-0.1938809375000002,0.1427523958333335,0.6215277777777777,0.3784722222222222,-0.21488749999999968,-1.4329375000000009,1.2180500000000012
40,US,1960,15,-0.3626544107936509,0.6672027657142858,0.5881746031746032,0.4023015873015873,0.8160517333333328,-1.1365969333333341,1.9526486666666665
40,US,1970,4,-0.22389424999999985,0.16958299999999982,0.5,0.4375,-0.17906849999999974,-1.1536654999999998,0.9745969999999999
40,US,1980,1,-0.014480000000002491,0.23698500000000067,0.5,0.5,0.44500999999999635,-0.028960000000004982,0.47397000000000133
40,US,2000,3,-0.006094999999999591,0.34061333333333305,0.16666666666666666,0.8333333333333334,0.669036666666667,-0.012189999999999182,0.6812266666666661
407,US,1960,1,-0.040000000000000036,0.1549999999999998,0.5,0.5,0.22999999999999954,-0.08000000000000007,0.3099999999999996
407,US,1970,1,-0.08699999999999992,0.13399999999999998,0.5,0.5,0.47000000000000064,-0.8699999999999992,1.3399999999999999
407,US,1980,1,-0.13599999999999995,0.10399999999999991,0.5,0.5,-0.3200000000000003,-1.3599999999999994,1.0399999999999991
407,US,1990,2,-0.18844444444444444,0.18266666666666664,0.5222222222222221,0.4777777777777778,-0.04500000000000037,-1.7725,1.7274999999999996
407,US,2000,3,-0.1436666666666667,0.2105000000000001,0.43333333333333335,0.5666666666666667,0.6683333333333342,-1.4366666666666668,2.105000000000001
407,US,2010,3,-0.2763333333333334,0.2536666666666667,0.4666666666666666,0.5333333333333333,-0.22666666666666688,-2.763333333333334,2.536666666666667
408,US,1970,1,-0.176,0.7180000000000002,0.4,0.6,2.710000000000001,-0.8799999999999999,3.5900000000000007
408,US,1980,1,-0.489,0.38149999999999995,0.7,0.3,-1.0750000000000002,-4.89,3.8149999999999995
408,US,1990,3,-0.2520925925925926,0.35881481481481475,0.35185185185185186,0.48148148148148145,0.17166666666666655,-2.4183333333333334,2.5900000000000003
408,US,2000,5,-0.1112166666666666,0.20283333333333334,0.44000000000000006,0.5599999999999999,0.7350000000000005,-1.0479999999999996,1.783
408,US,2010,5,-0.2508999999999999,0.29049999999999987,0.48,0.52,0.39599999999999974,-2.508999999999999,2.904999999999999
409,US,1970,2,-0.4067499999999996,0.4154999999999997,0.45,0.55,0.0875000000000008,-4.067499999999996,4.154999999999998
409,US,1980,2,-0.269,0.29825,0.45,0.55,0.2925,-2.6900000000000004,2.9825000000000004
409,US,1990,5,-0.23055238095238106,0.28795238095238107,0.46984126984126984,0.5301587301587302,-0.22999999999999998,-1.9650000000000005,1.7350000000000005
409,US,2000,5,-0.17075000000000012,0.30220000000000014,0.42833333333333334,0.5466666666666666,1.181,-1.6030000000000009,2.784000000000001
409,US,2010,6,-0.218388888888889,0.22697222222222227,0.611111111111111,0.38888888888888884,0.027499999999999414,-2.121666666666668,2.1491666666666673
41,US,1940,3,-0.08670995555555557,0.2008236888888889,0.4444444444444444,0.5555555555555555,1.046988,-0.8336280000000001,1.880616
41,US,1950,6,-0.22491692592592563,0.1450960518518518,0.47222222222222215,0.5277777777777778,0.22809233333333379,-1.1148053333333323,1.3428976666666663
41,US,1960,17,-0.4190222823529411,0.5424603176470587,0.5294117647058824,0.46078431372549017,-0.22994458823529462,-2.517468470588235,2.2875238823529402
41,US,1970,15,-0.6546184888888891,0.5895018296296297,0.5614814814814815,0.4385185185185185,-0.2514604,-5.0568356,4.8053752
41,US,1980,18,-0.9552939629629633,0.43842383888888903,0.5166666666666667,0.4833333333333333,-0.9345501111111116,-2.5780995555555566,1.6435494444444447
41,US,1990,7,-1.4746841931972787,0.7411807346938778,0.5340136054421769,0.46598639455782315,-3.391989142857142,-9.683717714285715,6.291728571428572
41,US,2000,8,-0.7446962812499998,0.4705828749999996,0.571875,0.428125,-2.686619500000001,-5.048249499999999,2.361629999999998
411,US,1970,4,-0.25146000000000013,0.007620000000000182,0.75,0.125,-0.4876799999999999,-0.5029200000000003,0.015240000000000364
411,US,1980,3,-0.016974457142857197,0.058354685714285724,0.24285714285714285,0.6761904761904761,0.43992799999999965,-0.13055600000000034,0.570484
411,US,1990,3,-0.12685888888888888,0.04882444444444447,0.6851851851851851,0.27777777777777773,-0.35813999999999996,-0.65278,0.29464000000000007
411,US,2000,76,-0.21984091604010025,0.25558049022556395,0.4151942355889724,0.5776629072681704,0.26531607894736847,-0.6441516052631581,0.9094676842105264
411,US,2010,110,-0.10422846215728716,0.07387328256132757,0.5655050505050505,0.42343434343434344,-0.14734312727272725,-0.6933912909090909,0.5460481636363637
411,US,2020,106,-0.07244270125786165,0.08787667295597483,0.49056603773584906,0.5094339622641509,0.0550074339622641,-0.2026201320754717,0.2576275660377358
42,US,1930,1,-0.33893799999999974,0.3817619999999998,0.6,0.4,0.4282400000000006,-3.3893799999999974,3.817619999999998
42,US,1940,5,-0.2706732857142857,0.4298585809523809,0.49523809523809526,0.5047619047619047,0.6486135999999998,-1.7480280000000001,2.3966415999999997
42,US,1950,13,-0.17055468205128183,0.29898533333333316,0.35128205128205126,0.6410256410256411,0.31042846153846154,-0.7187404615384612,1.0291689230769228
42,US,1960,54,-0.3698601635802469,0.5835574762345679,0.4478395061728395,0.5475308641975308,0.47565755555555556,-1.253715851851852,1.7293734074074076
42,US,1970,38,-0.3641859667502089,0.6994739308688388,0.4216583124477861,0.5783416875522139,0.43959373684210495,-2.4882507368421054,2.9278444736842104
42,US,1980,155,-0.8759423327956989,0.5463112762672812,0.467273425499232,0.5011827956989248,-0.924802851612903,-2.2923814838709675,1.3675786322580645
42,US,1990,12,-0.21977333333333307,0.2171691666666664,0.4166666666666667,0.4166666666666667,-0.005208333333333333,-0.43954666666666614,0.4343383333333328
42,US,2000,2,-0.099289,0.39890749999999964,0.25,0.75,0.5882649999999989,-0.99289,1.581154999999999
42,US,2010,1,-0.08321100000000001,0.10058400000000009,0.5,0.5,0.17373000000000083,-0.8321100000000001,1.005840000000001
42,US,2020,1,-0.24282333333333325,0.16154333333333307,0.6666666666666666,0.3333333333333333,-0.2438400000000005,-0.7284699999999997,0.48462999999999923
43,US,1930,2,-0.524256,0.4077970000000001,0.5,0.5,-0.7406639999999995,-3.0838140000000003,2.3431500000000005
43,US,1940,9,-0.17795226666666664,0.6640063333333335,0.31666666666666665,0.6833333333333333,1.6066340000000006,-1.2058222222222221,2.8124562222222225
43,US,1950,50,-1.2271713477142858,1.0929246795238095,0.5286507936507937,0.4606825396825397,-0.8077200800000002,-4.54273904,3.7350189599999997
43,US,1960,46,-1.6294695415458937,1.0115636312284335,0.5835489993098689,0.3967046238785369,-5.434252913043477,-13.765032652173913,8.330779739130437
43,US,1970,254,-1.0554318689726283,0.9355850342144731,0.4927477815273091,0.49719722534683164,-0.9515221102362205,-4.691399795275591,3.73987768503937
43,US,1980,46,-1.848460658695652,1.3348333855072465,0.5420289855072464,0.45362318840579713,-1.327006695652174,-5.675972130434783,4.348965434782609
43,US,1990,9,-0.3190380555555554,0.2808604722222224,0.4074074074074074,0.5416666666666666,-0.027431777777776785,-1.5529555555555552,1.5255237777777784
43,US,2020,30,-0.9983047111111112,0.8955279,0.5555555555555556,0.4444444444444445,-0.30271700000000007,-2.1314157333333337,1.8286987333333333
44,US,1950,12,-0.9066148444444445,0.5148791944444445,0.4930555555555556,0.4305555555555555,-2.3009855000000003,-5.112384666666667,2.8113991666666664
44,US,1960,74,-1.330775311872587,0.7119594954633205,0.6578078078078078,0.32473723723723724,-3.2162165135135137,-8.254127945945946,5.037911432432432
44,US,1970,191,-2.0160818761239923,1.023868730329095,0.6279003573506191,0.3567668079448184,-5.517222188481676,-9.837275256544503,4.320053068062827
44,US,1980,370,-1.5821481445945944,1.5783927234749033,0.5445559845559845,0.4445870870870871,-1.1685358594594597,-7.906621929729729,6.73808607027027
44,US,1990,239,-1.178826200757123,0.6163086479378364,0.6165637245135154,0.3619396294082487,-3.975746677824268,-8.421050753138076,4.445304075313808
44,US,2000,219,-1.2010859124809743,0.56412373872581,0.6835833876929768,0.2956403565992607,-3.7369055068493156,-6.739005853881279,3.002100347031964
44,US,2010,14,-0.07088767619047616,0.7168821523809523,0.3380952380952381,0.5904761904761904,1.7622881428571426,-0.22315685714285702,1.985445
45,US,1940,1,-0.17068666666666607,0.0,1.0,0.0,-0.5120599999999982,-0.5120599999999982,0.0
45,US,1950,55,-0.09006075151515151,0.14961730303030296,0.5018181818181818,0.4860606060606061,0.1800252727272726,-0.2514614545454546,0.43148672727272713
45,US,1960,43,-0.20181145620155033,0.09727034302325577,0.5970930232558139,0.402906976744186,-0.753529209302325,-1.5322947441860462,0.778765534883721
45,US,1970,38,-0.2808396934837092,0.19719839661654148,0.5677527151211362,0.4258563074352548,-0.45595510526315736,-1.5273687368421054,1.0714136315789482
45,US,1980,76,-0.4686342219298243,0.3125573786654137,0.6055451127819549,0.37471804511278195,-0.8610606052631566,-2.0117433157894737,1.1506827105263169
45,US,1990,229,-0.26696578837249585,0.1282172450578775,0.6641037637762529,0.3235443959243086,-0.5628924628820964,-1.1268263755458514,0.5639339126637551
45,US,2000,400,-0.3323336374523811,0.22951857792063493,0.5102946428571429,0.4812093253968254,-0.28690342000000024,-1.0772756250000004,0.7903722050000002
45,US,2010,420,-0.14049301465419498,0.150506140340136,0.5049612622826909,0.48692838246409675,0.40900865714285695,-0.3985951285714285,0.8076037857142855
45,US,2020,94,-0.2424009822695032,0.11167107801418429,0.5709219858156028,0.4290780141843971,-0.3513980638297865,-0.6569605531914883,0.3055624893617018
46,US,1950,19,-1.144210186090225,0.579536174185463,0.6484962406015038,0.33834586466165417,-2.2478197894736844,-4.329443157894735,2.08162336842105
46,US,1960,34,-0.6379760032679738,0.21589188888888897,0.6631535947712418,0.33194444444444443,-2.221185705882352,-3.494129411764706,1.2729437058823534
46,US,1970,51,-0.391767761904762,0.2701705585901028,0.6644257703081232,0.3355742296918767,-0.8034452549019611,-2.1195534509803924,1.3161081960784313
46,US,1980,38,-0.3319682792606518,0.3363689805137846,0.6072681704260652,0.3861528822055138,-0.07359273684210507,-2.1398554210526317,2.066262684210527
46,US,1990,21,-0.36554295600907044,0.18698929365079384,0.6621315192743764,0.3378684807256236,-1.1361790476190468,-1.8903417142857153,0.7541626666666684
46,US,2000,38,-0.5257520499999998,0.4453833754385968,0.5864035087719298,0.4135964912280702,0.7873460000000011,-2.0406749999999994,2.828021000000001
46,US,2010,52,-0.34016505064102603,0.32914680897435933,0.6434829059829059,0.3517094017094017,0.7624920769230765,-1.5320061923076937,2.2944982692307705
46,US,2020,17,-0.3288258039215685,0.12205456862745097,0.6862745098039216,0.3137254901960784,-0.46231082352941144,-0.7375275294117644,0.27521670588235286
47,US,1940,17,-0.05486400000000001,0.18054917647058824,0.28431372549019607,0.7156862745098039,0.3679115294117648,-0.13590494117647062,0.5038164705882353
47,US,1950,76,-0.2620021333333333,0.1875560188596491,0.5845029239766082,0.4128654970760234,-0.4017939473684209,-1.529754736842105,1.1279607894736843
47,US,1960,152,-0.1446564828320802,0.11595822443609023,0.44801065162907266,0.5503446115288221,-0.30028801315789466,-0.7283316052631579,0.4280435921052632
47,US,1970,223,-0.3065261594205993,0.24530065451633568,0.5605096448145775,0.433361805110684,-0.4281416950672645,-1.384926591928251,0.9567848968609866
47,US,1980,311,-0.14557358872811718,0.2515836563058235,0.4189634052978104,0.5703950390445567,0.5685352990353698,-0.9129886816720257,1.4815239807073954
47,US,1990,389,-0.17848131347166116,0.1316745838760354,0.5418166238217652,0.45039784551352674,-0.2449017172236505,-1.1920893778920307,0.9471876606683803
47,US,2000,475,-0.2075490250075188,0.23891248064661655,0.555484544695071,0.44007685881370096,-0.37031594105263155,-1.595980867368421,1.2256649263157895
47,US,2010,351,-0.39753631922850813,0.15123668514674624,0.6490005878894768,0.3488830099941211,-1.2469360854700855,-2.340026250712251,1.0930901652421652
47,US,2020,87,-0.23417344444444446,0.20331700766283523,0.5593869731800766,0.43486590038314177,-0.07141742528735637,-0.4801476781609196,0.4087302528735632
48,US,1900,480,-2.313202075,0.27094481909722223,0.7611805555555555,0.1957638888888889,-5.8255979333333325,-6.6000502875,0.7744523541666667
48,US,1910,614,-1.056264794651259,0.9891571851843235,0.4940321079571894,0.46206568946796955,-0.24153397719869713,-4.080502381107491,3.838968403908795
48,US,1920,19,-0.4817577894736842,0.436037947368421,0.4298245614035087,0.543859649122807,-0.16443126315789475,-1.0590997894736842,0.8946685263157895
48,US,1930,55,-0.5093091,0.3870127696969696,0.6651515151515152,0.3348484848484849,-0.34918981818181816,-1.2990017818181818,0.9498119636363637
48,US,1940,532,-0.6219610273958707,0.29840927345894497,0.718233082706767,0.2778016469745793,-2.098347469924812,-4.134591928571429,2.0362444586466166
48,US,1950,683,-0.7259339038567013,0.3332328143263845,0.6523763043528783,0.34531420669780843,-2.4667738301610544,-4.159683276720352,1.692909446559297
48,US,1960,706,-0.8950346131098521,0.4739567814155313,0.6433006205314987,0.354771460047664,-2.033902923512748,-4.13855978470255,2.104656861189802
48,US,1970,268,-0.38735747857142855,0.45496683057036247,0.5075589315328121,0.49020226249703863,0.14775401492537302,-2.0509109925373132,2.1986650074626866
48,US,1980,49,-0.528655814723032,0.9603429960155494,0.33129251700680273,0.6687074829931973,2.9364085714285726,-4.594268163265307,7.530676734693878
48,US,1990,101,-0.8711090821310702,0.5390367956388495,0.5933521923620934,0.4000471475719001,-1.0648385544554457,-4.502892415841584,3.4380538613861384
48,US,2000,198,-0.646513725689434,0.48397645583613913,0.6394861311527978,0.35276976110309444,-0.5868705555555555,-3.3467425959595953,2.75987204040404
48,US,2010,128,-0.41379391406250005,0.3237259778645834,0.6243489583333334,0.3756510416666667,-0.2790946874999999,-1.109567578125,0.8304728906250002
49,US,1930,13,-0.3066789461538455,0.681194541025641,0.4115384615384615,0.5884615384615385,0.744183230769232,-1.0658610769230754,1.8100443076923074
49,US,1940,24,-0.4041184642857143,0.30993473611111116,0.5974867724867725,0.39656084656084656,-0.5466132500000006,-2.6736129166666665,2.126999666666666
49,US,1950,125,-0.34941007702222227,0.4694419839301589,0.5326063492063493,0.46406031746031745,-0.11839551999999956,-2.1592394400000003,2.040843920000001
49,US,1960,198,-0.4881423286996954,0.16440302480759977,0.6636223344556678,0.3279601571268238,-1.6309567171717179,-2.4861757979797985,0.8552190808080806
49,US,1970,292,-0.5970750499891281,0.11241059320776253,0.72463171341596,0.2658037073276799,-2.3678008424657535,-2.9997117465753425,0.631910904109589
49,US,1980,380,-0.5668141580597327,0.17196844525689223,0.7103696741854637,0.2860703842940685,-2.0129360842105264,-2.9815748368421056,0.968638752631579
49,US,1990,347,-0.4591009902566215,0.2407902517428297,0.6626938383422534,0.3324516261836146,-1.0256272968299718,-2.1217523054755048,1.096125008645533
49,US,2000,216,-0.5210218736882716,0.13796067993827169,0.7430941358024691,0.2470679012345679,-1.327196898148148,-1.8535266296296298,0.5263297314814817
49,US,2010,41,-0.1973982304297327,0.24132736027874552,0.5375822686798296,0.4575396825396825,0.011488878048780727,-1.1215504878048776,1.1330393658536584
49,US,2020,1,-0.3556000000000002,0.03149666666666443,0.6666666666666666,0.3333333333333333,-0.9723100000000073,-1.0668000000000006,0.0944899999999933
493,Other world,2010,36,-0.4125620039682537,0.05546015211640201,0.7154431216931216,0.2706679894179894,-2.001527777777777,-2.31236111111111,0.3108333333333329
494,Other world,2010,15,-0.21422314814814816,0.2689305555555555,0.3862962962962963,0.6003703703703703,0.5456666666666662,-1.4596666666666671,2.0053333333333336
495,Other world,2010,28,-0.3120338718820861,0.6854457199546484,0.4457624716553288,0.5348497732426304,2.569285714285715,-2.0432142857142854,4.6125
496,Other world,2010,49,-0.4028233317136378,0.38666294136702295,0.5754940071266602,0.42195497246517655,-0.129183673469388,-2.7280612244897955,2.598877551020408
497,Other world,2010,18,-0.5021392195767196,0.4674884259259259,0.5337301587301587,0.4662698412698412,0.06833333333333351,-2.730555555555555,2.7988888888888885
498,Other world,2010,13,-0.36762362637362644,0.16038232600732608,0.6140109890109889,0.385989010989011,-1.6507692307692305,-2.893076923076923,1.2423076923076928
499,Other world,2010,15,-0.5169433862433863,0.46458478835978845,0.48187830687830685,0.5181216931216931,-0.27633333333333354,-3.3803333333333336,3.104
5,US,1940,24,-0.09888204755291001,0.2608548037698412,0.37367724867724866,0.6124338624338624,0.7021825,-0.36525266666666645,1.0674351666666666
5,US,1950,15,-0.17190716666666664,0.2716097233333334,0.4166666666666667,0.5833333333333334,0.12720360000000014,-1.4699483999999996,1.597152
5,US,1960,165,-0.4915589093121692,0.24047646940355935,0.6822607022607022,0.3177392977392977,-1.020433503030303,-2.128732618181818,1.1082991151515151
5,US,1970,136,-0.32066473128501405,0.2683940867822129,0.5855859010270775,0.41000233426704014,-0.2380913088235295,-1.7084263676470588,1.4703350588235293
5,US,1980,465,-0.24526154639016898,0.20342647814132106,0.5584664618535586,0.43693975081071856,-0.37148577634408597,-1.861338176344086,1.4898524000000002
5,US,1990,431,-0.18031549797259971,0.2534039853294295,0.4678157109711634,0.5279987478363348,0.497262283062645,-1.5909745986078887,2.0882368816705337
5,US,2000,375,-0.19948551513015875,0.17076992113862435,0.5757470899470899,0.42151957671957674,-0.273458304,-1.8748167999999998,1.6013584959999998
5,US,2010,342,-0.32179565685045947,0.11585796024784183,0.693922305764411,0.30485937064884433,-1.145343918128655,-1.7605453976608187,0.6152014795321636
50,US,1950,57,-0.34772918086883886,0.5196636854636593,0.5612364243943191,0.43291562238930664,-0.008074631578947212,-1.5222621052631584,1.5141874736842111
50,US,1960,51,-0.40981341031746027,0.24223612766884528,0.6612900715841892,0.33674914410208523,-1.3096246274509802,-3.0520055686274508,1.7423809411764701
50,US,1970,107,-0.22741356360332282,0.1875329501928496,0.544392523364486,0.45,-0.21481299065420553,-0.9369756448598127,0.7221626542056071
50,US,1980,9,-0.6313881481481487,0.6357340123456788,0.38271604938271603,0.6172839506172839,0.3017511111111087,-2.412155555555558,2.7139066666666665
50,US,1990,70,-0.3304084248299319,0.16034196632653103,0.7308843537414966,0.2691156462585034,-0.3894255428571414,-0.8479755714285712,0.45855002857142974
50,US,2000,8,-0.15809843750000088,0.14286245833333383,0.5958333333333333,0.4041666666666667,-0.21602500000000147,-0.5217775000000024,0.305752500000001
500,Other world,2010,2,-0.4590625,0.6742410714285714,0.26785714285714285,0.6696428571428572,1.4874999999999994,-3.4225,4.909999999999999
501,Other world,1980,5,-0.2562932800000012,0.47698372571428704,0.4,0.6,1.6148488000000014,-1.1603624000000035,2.775211200000005
501,Other world,1990,7,-0.9656581142857148,0.7333279428571434,0.5,0.5,0.14455828571428547,-4.491241142857147,4.635799428571433
501,Other world,2000,9,-0.9231367962962964,0.6093757296296293,0.6685185185185185,0.3314814814814815,-2.4505984444444464,-7.162126666666666,4.711528222222221
501,Other world,2010,6,-0.45674866666666714,0.8674673333333335,0.36944444444444446,0.6305555555555555,2.066291999999999,-2.163325000000001,4.229617
501,Other world,2020,3,-0.8541077777777796,0.006264444444444924,0.7777777777777777,0.2222222222222222,-2.543530000000004,-2.562323333333339,0.018793333333334772
502,Other world,1960,1,-0.2490216000000002,0.06187440000000013,0.4,0.6,-0.9357360000000003,-1.245108000000001,0.30937200000000065
502,Other world,1970,2,-0.3753270833333338,0.10507058333333447,0.5277777777777778,0.4722222222222222,-1.1711959999999975,-1.789175000000002,0.6179790000000045
502,Other world,1980,31,-0.5911668247311828,1.3012679279569894,0.5387096774193548,0.4612903225806452,1.2648722580645166,-1.4173688387096772,2.682241096774194
502,Other world,1990,28,-0.2488636202380954,0.2710840358843537,0.5219387755102041,0.4744897959183673,-0.45540314285714345,-2.012877285714286,1.5574741428571424
502,Other world,2000,30,-0.30354202222222226,0.2966074648148147,0.5668518518518518,0.4256481481481481,0.22976753333333338,-2.059027133333333,2.288794666666667
502,Other world,2010,20,-0.2585546226190476,0.5672879747619046,0.4014285714285714,0.5985714285714285,0.791640799999999,-1.2035025000000006,1.9951432999999998
502,Other world,2020,18,-0.4693635925925926,0.2001236666666667,0.5555555555555556,0.4259259259259259,-0.8077197777777779,-1.408090777777778,0.6003710000000001
503,Other world,1960,20,-1.4661946449999999,0.5030114499999999,0.805,0.195,-2.1262089,-3.2639509999999996,1.1377420999999999
503,Other world,1970,3,-0.5496488063492065,0.731083901587302,0.373015873015873,0.626984126984127,0.7833333333333338,-4.102609333333334,4.885942666666668
503,Other world,1980,16,-1.2208351375,0.8995553089285713,0.5319940476190477,0.4680059523809524,-0.50711025,-2.7861575,2.27904725
503,Other world,1990,21,-0.353053993197279,0.5483052051020408,0.5040249433106576,0.49597505668934244,0.5638072380952379,-2.3402109523809527,2.9040181904761906
503,Other world,2000,28,-0.5100184455782314,0.41096337244897957,0.5207482993197279,0.4578231292517007,-0.31960471428571463,-2.7621954285714287,2.442590714285714
503,Other world,2010,20,-0.37936543333333334,0.651009615,0.38666666666666666,0.6133333333333333,1.2118851999999998,-1.7302731000000002,2.9421583
503,Other world,2020,18,-0.5856112222222222,0.07800633333333334,0.8333333333333334,0.16666666666666666,-1.5228146666666662,-1.7568336666666664,0.23401900000000003
504,Other world,1980,1,-0.1688579999999998,0.11612799999999979,0.6,0.4,-0.26365000000000016,-0.8442899999999991,0.5806399999999989
504,Other world,1990,1,-0.037033000000000094,0.026517000000000124,0.4,0.6,-0.1051599999999997,-0.37033000000000094,0.26517000000000124
504,Other world,2000,3,-0.09654533333333325,0.10805166666666659,0.5611111111111111,0.4388888888888889,0.09296533333333341,-0.4993633333333323,0.5923286666666657
504,Other world,2010,6,-0.18517030000000012,0.18011976666666674,0.5638888888888889,0.4361111111111111,-0.16738733333333347,-0.6565903333333337,0.4892030000000001
504,Other world,2020,4,-0.034798166666666644,0.09271016666666665,0.25,0.75,0.173736,-0.10439449999999995,0.27813049999999995
506,US,1940,27,-0.2421164382716049,0.05797950246913603,0.6839506172839506,0.2851851851851852,-0.6195343703703697,-0.7851981481481483,0.16566377777777852
506,US,1950,49,-0.325501753239391,0.20437917355037255,0.6146420472951085,0.37904114026563007,-0.9181355102040819,-2.126884857142857,1.2087493469387753
506,US,1960,48,-0.4153802645998678,0.0979231837797619,0.6819361772486773,0.3024388227513228,-1.5560956250000004,-2.1135349583333336,0.5574393333333331
506,US,1970,30,-0.2755214288888889,0.3332739644444445,0.6316666666666666,0.3572222222222222,0.23017666666666686,-0.8754344666666666,1.1056111333333334
506,US,1980,35,-0.7939256650793655,0.12195801063492101,0.5392857142857143,0.4607142857142857,-2.5743407428571428,-3.131909885714287,0.5575691428571444
506,US,1990,64,-0.5151537322668649,2.1888843533606153,0.4176215277777778,0.5766741071428572,9.50880778125,-3.811736562499999,13.32054434375
506,US,2000,167,-0.4510620451905712,0.7088340589725312,0.6137439406900485,0.36928286284573714,1.146376874251497,-2.4115873892215567,3.5579642634730537
506,US,2010,152,-0.2559999774122807,0.2713987969559315,0.6677709899749373,0.3191807644110276,0.0698941973684208,-1.7941598815789475,1.8640540789473683
506,US,2020,86,-0.0995198023255811,0.12266379069767441,0.627906976744186,0.3682170542635659,0.08453016279069843,-0.28346120930232477,0.3679913720930232
507,Europe,1960,1,-0.04125000000000001,0.8124999999999999,0.25,0.75,3.0849999999999995,-0.16500000000000004,3.2499999999999996
507,Europe,1970,6,-0.25734722222222234,0.18582638888888917,0.6291666666666667,0.37083333333333335,-0.6033333333333318,-1.7450000000000017,1.1416666666666697
507,Europe,1980,14,-1.5093085317460317,0.44652678571428556,0.7255952380952381,0.27440476190476193,-4.847857142857144,-7.065714285714285,2.217857142857141
507,Europe,1990,69,-0.6853666321601104,0.31201046698872786,0.6013400046008742,0.379698642742121,-2.7114492753623187,-5.225289855072464,2.513840579710145
507,Europe,2000,144,-0.6150107060185186,0.23008347111992947,0.549142967372134,0.43394235008818344,-1.5463194444444446,-3.263402777777778,1.7170833333333335
507,Europe,2010,96,-0.3571115451388889,0.27767013888888886,0.634548611111111,0.36163194444444446,-0.8211979166666671,-3.395,2.5738020833333333
508,Europe,1960,5,-2.0810000000000004,0.008333333333333333,0.9333333333333332,0.06666666666666667,-4.742000000000002,-4.767000000000001,0.025
508,Europe,1970,46,-1.030756038647343,0.3045948067632851,0.6376811594202898,0.3536231884057971,-2.370108695652174,-3.753478260869566,1.3833695652173916
508,Europe,1980,144,-1.1346639247134038,0.4503345320767196,0.6198991402116403,0.3737075617283951,-3.607916666666666,-6.116006944444445,2.5080902777777774
508,Europe,1990,297,-0.6398858559136337,0.4883602760408316,0.5465942493720272,0.44154508043396934,-0.7753872053872054,-4.176296296296296,3.400909090909091
508,Europe,2000,398,-0.492831289383425,0.449516710536811,0.48319972880274387,0.5071558187764218,-0.5759924623115578,-3.9882788944723617,3.412286432160804
508,Europe,2010,401,-0.49874085619285125,0.5305507609943395,0.5175246407790048,0.4738718679491747,-0.16982543640897765,-3.040635910224439,2.870810473815461
509,Europe,1960,4,-0.5345833333333337,0.0025000000000000946,0.8333333333333333,0.08333333333333333,-1.5962500000000008,-1.6037500000000011,0.007500000000000284
509,Europe,1970,20,-0.622960119047619,0.2883083333333334,0.7521428571428571,0.24785714285714286,-1.5807499999999997,-3.123,1.5422500000000003
509,Europe,1980,64,-1.0985322730654763,0.22443452380952367,0.7344494047619048,0.25171130952380955,-3.4754687500000006,-4.395859375000001,0.9203906249999996
509,Europe,1990,179,-0.7159822204487009,0.4449490001773521,0.6062139753480535,0.3743748337323756,-1.599860335195531,-4.359525139664805,2.7596648044692733
509,Europe,2000,242,-0.6016428866587957,0.49880509805850715,0.5341630591630592,0.46229010888101796,-0.825084297520661,-4.023101652892562,3.198017355371901
509,Europe,2010,288,-0.6287035039131393,0.5419136135912699,0.5598076499118165,0.42829585537918874,-0.7100881944444445,-5.1786111111111115,4.468522916666667
51,US,1940,38,-0.04695657894736843,0.04368131578947371,0.4846491228070175,0.45394736842105265,-0.00681789473684207,-0.14397789473684214,0.13716000000000006
51,US,1950,153,-0.39554115113600996,0.4740122432306256,0.5043261749144102,0.4789293495175848,0.08546347712418298,-1.8892918954248368,1.97475537254902
51,US,1960,143,-0.47511536153846157,0.3224421552447552,0.5782634032634032,0.4119463869463869,-0.9192806713286714,-2.647240643356643,1.727959972027972
51,US,1970,209,-0.35397170054302424,0.2759429359193438,0.5634540897698792,0.4286511733880155,-0.5603654258373206,-2.2953996363636366,1.735034210526316
51,US,1980,214,-0.2582659687138407,0.2926807205162439,0.38805073431241655,0.5998386737872718,0.3021081308411215,-1.3272401028037384,1.6293482336448597
51,US,1990,193,-0.2826226875071963,0.26429500832305286,0.5101632535570358,0.47974956822107084,-0.014790000000000041,-1.8985328704663211,1.883742870466321
51,US,2000,169,-0.3291663916784071,0.2333070962289847,0.5669836573682727,0.41964637926176385,-0.5956586153846154,-2.267585976331361,1.671927360946746
51,US,2010,192,-0.5277819012070105,0.34474254622189154,0.6012214781746031,0.3947854662698413,-1.17905215625,-3.2349039375,2.05585178125
51,US,2020,113,-0.5555541150442478,0.1851884631268437,0.6519174041297936,0.34808259587020646,-0.9865942654867257,-1.4842948672566372,0.49770060176991154
510,Europe,1960,1,0.0,0.10666666666666676,0.0,1.0,0.3200000000000003,0.0,0.3200000000000003
510,Europe,1970,1,-0.022499999999999964,0.027999999999999935,0.5,0.5,0.054999999999999716,-0.22499999999999964,0.27999999999999936
510,Europe,1980,2,-0.15846428571428575,0.08060714285714284,0.7571428571428571,0.24285714285714285,-0.6650000000000005,-1.2375000000000003,0.5724999999999998
510,Europe,1990,13,-0.2864615384615385,0.10502564102564099,0.6429487179487179,0.34935897435897434,-0.8980769230769231,-1.3930769230769227,0.4949999999999998
510,Europe,2000,70,-0.11542721088435375,0.15937542517006803,0.3960204081632653,0.5939795918367347,0.0015000000000000315,-0.5892142857142857,0.5907142857142857
510,Europe,2010,27,-0.16374279835390942,0.14571810699588475,0.6432098765432099,0.3358024691358025,-0.18796296296296278,-1.492407407407407,1.304444444444444
511,Europe,1940,1,-0.6044444444444445,0.060000000000000005,0.7777777777777778,0.2222222222222222,-4.9,-5.44,0.54
511,Europe,1950,1,-0.3266666666666667,0.03777777777777786,0.5555555555555556,0.4444444444444444,-2.5999999999999996,-2.9400000000000004,0.34000000000000075
511,Europe,1960,3,-0.4155555555555554,0.33972222222222226,0.5,0.5,-0.30999999999999933,-1.1749999999999996,0.8650000000000002
511,Europe,1970,97,-0.18063555473735887,0.4559230895107183,0.3629438717067583,0.6300850924562265,1.1463917525773193,-1.2604123711340207,2.40680412371134
511,Europe,1980,89,-0.2914870474406991,0.25327351970750844,0.47493757802746567,0.5171972534332084,-0.41938202247191,-2.692471910112359,2.2730898876404493
511,Europe,1990,148,-0.39181599903474906,0.3813800139425139,0.47410178035178036,0.5156129343629343,-0.5152364864864866,-3.297364864864865,2.7821283783783786
511,Europe,2000,170,-0.3564576680672269,0.34325552054154995,0.5378524743230625,0.4523225957049486,-0.2844411764705882,-2.9280882352941173,2.6436470588235297
511,Europe,2010,140,-0.19859590419501139,0.26517334183673474,0.4759155328798186,0.5078656462585034,0.6068214285714283,-1.8304285714285717,2.43725
512,Europe,1950,1,-0.625,0.74,0.5,0.5,1.1500000000000004,-6.25,7.4
512,Europe,1960,4,-0.4376041666666668,0.5421874999999999,0.5729166666666666,0.4270833333333333,0.39749999999999924,-2.1187500000000004,2.51625
512,Europe,1970,69,-0.4392158097538532,0.6331974925235795,0.38775592362548883,0.6039107430411779,0.9323913043478262,-3.7124637681159425,4.644855072463768
512,Europe,1980,66,-0.5921247294372294,0.5088917748917748,0.5041125541125542,0.4852813852813852,-0.7432575757575755,-5.637954545454545,4.8946969696969695
512,Europe,1990,80,-0.5324723958333334,0.6178590773809524,0.4381547619047619,0.5413988095238096,0.3921874999999997,-4.2458125,4.638
512,Europe,2000,128,-0.4589868551587301,0.420452876984127,0.44836309523809526,0.5455543154761905,-0.7609765625,-3.7667578125,3.0057812499999996
512,Europe,2010,132,-0.5299397396584897,0.4683068031505532,0.5370821308321307,0.44551467051467053,-0.04818181818181838,-4.424242424242424,4.376060606060606
513,Europe,1960,4,-1.614583333333334,0.22208333333333385,0.7916666666666666,0.20833333333333331,-3.5850000000000004,-4.191250000000002,0.6062500000000011
513,Europe,1970,44,-0.3064017857142857,0.4374387175324676,0.3619318181818182,0.6335227272727273,0.6352272727272726,-2.0612500000000007,2.696477272727273
513,Europe,1980,52,-0.3124591346153846,0.2937980769230769,0.4942307692307692,0.49278846153846156,-0.4349999999999999,-2.753461538461538,2.3184615384615386
513,Europe,1990,116,-0.34404823481116587,0.401968271072797,0.4691912972085386,0.5256362889983579,0.21702586206896546,-2.600646551724138,2.8176724137931037
513,Europe,2000,147,-0.38803235341755754,0.3142901144584818,0.5787927869560522,0.4031611057121261,-0.623605442176871,-3.250340136054422,2.626734693877551
513,Europe,2010,181,-0.31445696307989124,0.3563199158116285,0.49741515390686664,0.4902635271419801,0.3319337016574586,-2.581049723756906,2.9129834254143647
514,Europe,1900,2,-0.5234722222222221,0.4583333333333332,0.5277777777777778,0.4722222222222222,-0.6025,-3.612499999999999,3.009999999999999
514,Europe,1910,2,-0.33300000000000013,0.7410000000000001,0.4,0.6000000000000001,2.895,-3.2525000000000004,6.147500000000001
514,Europe,1920,6,-0.732888888888889,0.564888888888889,0.6277777777777778,0.37222222222222223,-1.0366666666666668,-5.718333333333334,4.6816666666666675
514,Europe,1930,12,-0.7013359788359788,0.7171646825396826,0.48108465608465606,0.49867724867724866,0.46583333333333377,-6.20625,6.672083333333333
514,Europe,1940,12,-1.0361041666666664,0.6251145833333331,0.6,0.37916666666666665,-3.9895833333333335,-10.049583333333333,6.059999999999998
514,Europe,1950,15,-0.69415,1.0048861111111111,0.41000000000000003,0.5833333333333334,2.4356666666666666,-6.435333333333333,8.871
514,Europe,1960,42,-0.4362320956160242,0.6060041099773242,0.44889455782312926,0.5278250188964475,1.366428571428571,-3.0097619047619046,4.376190476190476
514,Europe,1970,175,-0.6996633106575963,0.6536912585034014,0.5360113378684807,0.4518798185941043,-0.35077142857142846,-5.371971428571428,5.0212
514,Europe,1980,182,-0.4910170177045178,0.5937847767312054,0.4282269317983604,0.5613335077620791,0.5495329670329672,-4.167197802197802,4.71673076923077
514,Europe,1990,165,-0.6809252645502646,0.9118572029822031,0.4193746993746994,0.5775949975949976,0.8689393939393939,-5.750121212121213,6.619060606060606
514,Europe,2000,178,-0.742266229712859,0.7453530742821474,0.49168227215980026,0.5051342072409488,-0.52311797752809,-5.90997191011236,5.38685393258427
514,Europe,2010,112,-0.7072716836734694,0.6170081845238096,0.5586628401360544,0.4364264455782313,-0.8417410714285714,-6.531428571428571,5.6896875
515,Europe,1970,1,-1.0342857142857138,0.7514285714285711,0.5714285714285714,0.42857142857142855,-1.9799999999999986,-7.239999999999997,5.259999999999998
515,Europe,1980,5,-0.6810761904761904,0.5759507936507935,0.5565079365079365,0.4434920634920635,-0.8810000000000002,-3.2290000000000005,2.348
515,Europe,1990,92,-0.27453234989648034,0.438975349378882,0.40073757763975154,0.5931806418219462,0.8144565217391305,-1.572336956521739,2.3867934782608695
515,Europe,2000,113,-0.47353392330383487,0.4155532202556539,0.5073254670599803,0.4837266470009833,-0.7511504424778763,-4.412212389380532,3.6610619469026546
515,Europe,2010,129,-0.4710888704318937,0.43882588901193553,0.5196013289036544,0.47264673311184935,-0.3744573643410851,-4.323604651162791,3.949147286821706
516,Europe,2000,41,-0.22230081300813007,0.2523313008130081,0.47276422764227644,0.49878048780487805,0.1071951219512196,-1.0878048780487803,1.1949999999999998
516,Europe,2010,43,-0.25831782945736437,0.27309856035437435,0.5091915836101882,0.48615725359911405,0.11441860465116277,-2.538488372093023,2.652906976744186
517,Europe,1980,1,-13.482,0.0,1.0,0.0,-67.41,-67.41,0.0
517,Europe,1990,25,-0.40591746031746045,0.3924677777777781,0.5042698412698412,0.47573015873015867,0.3238000000000003,-1.767800000000001,2.0916000000000015
517,Europe,2000,62,-0.3357444956477215,0.3749596134152587,0.5188940092165899,0.4641705069124424,0.1029032258064519,-2.3442741935483875,2.4471774193548397
517,Europe,2010,114,-0.3421236946532999,0.396812030075188,0.49849972152603733,0.49280144806460596,0.3821929824561404,-2.8703070175438596,3.2525000000000004
518,Europe,1950,54,-0.2045839947089947,0.2718928571428571,0.5720017636684304,0.4187389770723104,0.34398148148148155,-1.2354629629629628,1.5794444444444442
518,Europe,1960,114,-0.17776801378446117,0.2078846073517126,0.47283834586466167,0.5146616541353384,0.007017543859649035,-1.462324561403509,1.469342105263158
518,Europe,1970,275,-0.2301523088023088,0.2344171572871573,0.44791774891774894,0.5422943722943723,-0.09109090909090906,-1.4468181818181818,1.3557272727272727
518,Europe,1980,255,-0.19429667755991284,0.16621261282290692,0.5249470899470899,0.46422502334267035,-0.22825490196078438,-1.5919803921568627,1.3637254901960782
518,Europe,1990,256,-0.1773520275297619,0.18742516896081352,0.48308221726190476,0.4984607514880952,0.21302734375000007,-1.29513671875,1.5081640625000001
518,Europe,2000,188,-0.14115388593380612,0.10310439885173926,0.5112757514353259,0.4727668017561634,-0.36486702127659576,-1.3266223404255317,0.9617553191489361
518,Europe,2010,199,-0.14855459838876922,0.15066154183616493,0.4668301826593284,0.5258076094759512,-0.06555276381909547,-1.2376381909547738,1.1720854271356782
519,Europe,1990,16,-0.38713988095238655,0.1739166666666705,0.6011904761904762,0.39880952380952384,-1.041562500000009,-1.9084375000000278,0.8668750000000186
519,Europe,2000,36,-0.13054563492063478,0.18485714285714208,0.3517526455026455,0.6454695767195767,0.3486111111111056,-0.9813888888888879,1.3299999999999936
519,Europe,2010,25,-0.21768190476190497,0.15319142857142878,0.5220952380952381,0.4699047619047619,-0.809,-2.118000000000002,1.309000000000002
52,US,1940,5,-2.3900892,0.052425000000000034,0.9,0.1,-4.6753284,-4.7801784,0.10485000000000007
52,US,1950,18,-0.08454571428571428,0.6768252222222223,0.4007936507936508,0.5912698412698413,1.406567111111111,-0.37126333333333333,1.7778304444444446
52,US,1960,19,-0.17253217368421053,0.11681259473684209,0.5149122807017544,0.46929824561403505,-0.4637772631578947,-1.5719658947368422,1.1081886315789473
52,US,1970,44,-0.1461485487012987,0.1979985803030303,0.45965007215007214,0.5314213564213565,0.1423554545454545,-1.1169188181818182,1.2592742727272728
52,US,1980,18,-0.07286695555555553,0.20598976666666668,0.33935185185185185,0.6481481481481481,0.6433820000000001,-0.5056293333333333,1.1490113333333332
52,US,1990,9,-0.15075746666666667,0.13902266666666663,0.5555555555555556,0.4222222222222223,-0.23384933333333344,-0.9284546666666667,0.6946053333333332
52,US,2000,33,-0.13246638787878787,0.23889854545454547,0.3929292929292929,0.6070707070707071,0.5498407272727274,-0.5898803636363635,1.139721090909091
52,US,2010,27,-0.3868207661375661,0.1112543742504409,0.686654908877131,0.29791299235743685,-1.0722186666666667,-1.7997311111111112,0.7275124444444444
52,US,2020,6,-0.46156033333333335,0.040724666666666666,0.7777777777777777,0.2222222222222222,-0.8681719999999999,-0.9664699999999998,0.098298
520,Europe,2000,1,-0.04499999999999993,0.03624999999999989,0.5,0.5,-0.03500000000000014,-0.17999999999999972,0.14499999999999957
520,Europe,2010,1,-0.06099999999999985,0.059499999999999886,0.7,0.3,-0.01499999999999968,-0.6099999999999985,0.5949999999999989
521,Europe,1980,1,-0.24,0.16899999999999998,0.3,0.7,-0.71,-2.4,1.69
521,Europe,1990,1,-0.14349999999999996,0.16349999999999992,0.4,0.6,0.19999999999999973,-1.4349999999999996,1.6349999999999993
521,Europe,2000,10,-0.44770833333333326,0.18777380952380954,0.613095238095238,0.3869047619047619,-1.0325,-1.996,0.9635000000000001
521,Europe,2010,41,-0.17227816492450637,0.1865917537746806,0.47793263646922185,0.5098722415795587,0.10024390243902431,-1.2625609756097562,1.3628048780487805
522,Europe,1970,2,-0.1785000000000001,0.06600000000000002,0.7,0.3,-0.2475000000000005,-0.5775000000000006,0.33000000000000007
522,Europe,1990,3,-0.20851190476190476,0.13261904761904764,0.4761904761904762,0.5238095238095238,-0.3799999999999999,-1.0083333333333333,0.6283333333333334
522,Europe,2000,11,-0.4431197691197691,0.6576911976911977,0.5014430014430015,0.4985569985569986,1.405,-3.274999999999999,4.679999999999999
522,Europe,2010,11,-0.5483737373737374,0.5452525252525254,0.5050505050505051,0.4858585858585858,-0.06590909090909021,-4.839090909090909,4.773181818181818
523,Europe,1970,3,-2.1026190476190476,4.535357142857143,0.4523809523809524,0.5476190476190476,17.029999999999998,-14.688333333333334,31.718333333333334
523,Europe,1980,6,-2.5536666666666665,0.977,0.7666666666666666,0.2333333333333333,-9.709999999999999,-19.393333333333334,9.683333333333334
523,Europe,1990,7,-2.0676527777777776,2.5406488095238093,0.5809523809523809,0.419047619047619,4.062142857142857,-20.18,24.242142857142856
523,Europe,2000,10,-2.932331547619048,1.1095166666666667,0.5261904761904762,0.4738095238095238,-6.876,-16.276,9.4
523,Europe,2010,8,-1.5313072916666666,1.0196145833333332,0.5114583333333333,0.48854166666666665,-2.006249999999999,-11.970624999999998,9.964374999999999
53,US,1940,102,-0.19749719857609713,0.14431489059290387,0.5929505135387488,0.4003384687208216,-0.14667747058823535,-0.7011593333333334,0.554481862745098
53,US,1950,151,-0.3831224024755598,0.1160382838326501,0.7001918427415116,0.2946573110480395,-2.0379009006622515,-2.717514172185431,0.679613271523179
53,US,1960,99,-0.36596854509379506,0.13361688608305272,0.7558922558922558,0.24107744107744108,-1.7954104444444443,-2.7192162828282824,0.9238058383838382
53,US,1970,67,-0.5998104394811656,0.41111591047145224,0.6391198768064439,0.360880123193556,-1.3309297611940298,-3.80663423880597,2.47570447761194
53,US,1980,40,-0.4153344030952383,0.4372072633928573,0.5891071428571428,0.41089285714285717,0.07604729999999993,-1.8967336000000006,1.9727809000000007
53,US,1990,30,-0.9424065327777779,0.3045651094444445,0.6863888888888888,0.3136111111111111,-2.4333708,-3.7835842000000004,1.3502134000000001
53,US,2000,21,-0.8741583539682538,0.2509442730158729,0.7626984126984127,0.2373015873015873,-2.689715809523809,-3.952894761904762,1.2631789523809525
54,US,1940,35,-0.4715982857142859,0.37131912380952387,0.6238095238095238,0.3761904761904762,-0.4088673714285718,-1.3322810857142864,0.9234137142857145
54,US,1950,55,-0.6346883137373738,0.20320261637806647,0.733037518037518,0.26696248196248196,-3.4236517818181817,-4.5739109454545455,1.1502591636363637
54,US,1960,39,-0.29586590586080586,0.4276712702889704,0.477024827024827,0.4973341473341473,0.6380872820512823,-1.8124664615384616,2.4505537435897438
54,US,1970,25,-1.2947473305714285,0.6001546922857144,0.5890793650793651,0.4109206349206349,-1.7506504799999993,-4.66551272,2.9148622400000006
54,US,1980,81,-0.4844977833921221,1.171707744797178,0.3160297864001568,0.6839702135998432,3.572484,-2.563573753086419,6.136057753086419
54,US,1990,22,-0.7169906684343432,0.4819081616161617,0.502020202020202,0.49292929292929294,-0.2679469999999993,-2.2900866363636356,2.022139636363636
54,US,2000,28,-2.1924389493480727,3.0391572589285714,0.5278344671201814,0.47216553287981855,3.292327714285713,-8.700082071428572,11.992409785714283
54,US,2010,47,-0.834853002786221,0.7426684751773052,0.5476697061803445,0.4523302938196555,-0.24747102127659548,-3.0598356595744685,2.812364638297873
54,US,2020,10,-0.6804174999999993,0.3208548000000008,0.55,0.45,-0.9460995999999963,-1.8355119999999983,0.8894124000000019
55,US,1940,4,-0.5404485,0.3488055000000001,0.5875,0.4125,-0.03733799999999954,-1.4782800000000003,1.4409420000000006
55,US,1950,4,-0.4391406,0.5247131999999999,0.475,0.5,0.8557259999999995,-4.391406,5.247131999999999
55,US,1960,16,-0.4782775321428569,0.9865560964285713,0.47827380952380955,0.45089285714285715,3.791426750000001,-2.7392904999999987,6.5307172499999995
55,US,1970,23,-0.47888793074534164,0.6106423977915804,0.46009316770186337,0.4674430641821946,0.784198347826086,-3.396272086956522,4.180470434782609
55,US,1980,19,-0.4481593994152048,0.5383996064327486,0.4595029239766082,0.5404970760233918,1.1419617894736849,-2.5682644210526315,3.7102262105263164
55,US,1990,102,-0.3748953315359476,0.3625625181372546,0.5165849673202614,0.47998366013071897,0.06988180392156818,-1.4393729411764702,1.5092547450980385
55,US,2000,60,-0.29389884301587316,0.16056139087301588,0.7012301587301587,0.29638888888888887,-0.8535415,-1.677972666666667,0.8244311666666673
55,US,2010,7,-0.09295187755102029,0.07482212244897977,0.6163265306122448,0.38367346938775515,-0.08360857142857078,-0.5643222857142852,0.48071371428571447
55,US,2020,1,-0.8229600000000019,0.0,1.0,0.0,-1.6459200000000038,-1.6459200000000038,0.0
56,US,1970,43,-0.07271198837209304,0.13076569767441865,0.6705426356589147,0.312015503875969,0.12291227906976743,-0.16997916279069772,0.2928914418604652
56,US,1980,15,-0.13170413333333333,0.049252466666666654,0.7688888888888888,0.19777777777777777,-0.26111133333333325,-0.42377359999999986,0.1626622666666666
56,US,1990,123,-0.08788098540456835,0.15663309152148666,0.3998451413085559,0.5854626403406891,0.35112734959349595,-0.4023110731707317,0.7534384227642277
56,US,2000,100,-0.14071590433333334,0.06912305080952381,0.614734126984127,0.378265873015873,-0.38679093999999997,-0.82078074,0.43398980000000004
56,US,2010,78,-0.11298815625763133,0.16969819862637364,0.4880545380545381,0.5106634106634106,0.3647637692307691,-0.7094606153846156,1.0742243846153845
56,US,2020,55,-0.12966009696969696,0.05902032727272725,0.6545454545454545,0.33939393939393936,-0.18886534545454545,-0.34697334545454545,0.15810799999999997
57,US,1950,24,-0.4497545,0.18610779861111112,0.5694444444444444,0.4305555555555556,-0.9452610833333334,-1.5044416666666667,0.5591805833333333
57,US,1960,9,-0.5237814611111111,0.4643581722222223,0.5388888888888889,0.46111111111111114,-0.04724377777777796,-2.776386888888889,2.7291431111111115
57,US,1970,9,-0.4528989333333333,0.1351710052910053,0.6513227513227513,0.3486772486772487,-1.3653346666666668,-2.5860586666666667,1.220724
57,US,1980,6,-0.4082541333333333,0.6649889999999999,0.3444444444444445,0.6555555555555556,1.0619746666666667,-1.4241776666666663,2.4861523333333335
57,US,1990,102,-0.22370001993464056,0.5381037941176471,0.33864379084967317,0.6613562091503268,0.758129862745098,-0.6590402549019607,1.4171701176470586
57,US,2000,2,-0.18592799999999995,0.14638019999999996,0.6499999999999999,0.35,-0.395478,-1.8592799999999996,1.4638019999999996
58,US,1960,1,0.0,2.9611300000000007,0.0,1.0,5.922260000000001,0.0,5.922260000000001
58,US,1970,6,-0.2871086666666667,0.21346183333333346,0.6416666666666667,0.35833333333333334,-0.4892013333333323,-1.980689666666667,1.4914883333333346
58,US,1980,35,-0.62240703,0.4451891385714285,0.5813492063492063,0.41865079365079366,-1.2122770285714288,-3.4791613714285714,2.2668843428571424
58,US,1990,26,-0.4344786794871795,0.2556040692307692,0.6243589743589744,0.36025641025641025,-1.044995076923077,-2.5269676923076925,1.4819726153846153
58,US,2010,9,-0.24425768888888888,0.39770755555555554,0.4555555555555555,0.5444444444444445,0.51816,-0.7677573333333333,1.2859173333333331
58,US,2020,8,-0.5995035,0.15208249999999995,0.7708333333333333,0.22916666666666666,-1.011555,-1.4666595,0.4551044999999999
586,Other world,2000,7,-1.0939880952380954,0.2744642857142857,0.7976190476190476,0.20238095238095236,-2.5435714285714286,-3.5442857142857145,1.000714285714286
586,Other world,2010,4,-1.1367708333333333,0.1513541666666668,0.7083333333333333,0.29166666666666663,-3.9449999999999994,-4.543749999999999,0.5987500000000003
587,Other world,1970,5,-0.14096666666666668,0.10953333333333337,0.4666666666666666,0.5333333333333333,-0.13599999999999995,-0.6289999999999999,0.493
587,Other world,1980,4,-0.05437499999999998,0.18593750000000003,0.3125,0.6875,0.5287500000000002,-0.18374999999999997,0.7125000000000001
587,Other world,2000,11,-0.6360227272727275,0.15988636363636363,0.5454545454545454,0.45454545454545453,-1.9045454545454554,-2.54409090909091,0.6395454545454545
587,Other world,2010,11,-0.5395833333333332,0.2509469696969694,0.6439393939393939,0.3333333333333333,-1.166363636363637,-2.126818181818181,0.9604545454545442
588,Other world,2000,10,-0.32537499999999997,0.15699999999999995,0.65,0.35,-0.46499999999999997,-1.0929999999999997,0.6279999999999998
588,Other world,2010,10,-0.25312499999999977,0.40874999999999984,0.4,0.6,0.44700000000000006,-0.9219999999999997,1.3689999999999998
589,Other world,1970,3,-0.34791666666666665,0.7810833333333331,0.45,0.5499999999999999,1.674999999999999,-1.6016666666666666,3.2766666666666655
589,Other world,1980,3,0.0,0.9072222222222223,0.0,1.0,2.7216666666666662,0.0,2.7216666666666662
589,Other world,2000,25,-0.6924999999999999,0.26789999999999997,0.58,0.42,-1.724,-2.7014,0.9773999999999998
589,Other world,2010,25,-0.7089833333333333,0.42956666666666665,0.6133333333333334,0.37666666666666665,-1.0808000000000002,-2.7883999999999998,1.7076
59,US,1960,1,-0.508254,0.13715999999999973,0.5,0.5,-0.7421880000000005,-1.016508,0.27431999999999945
59,US,1970,4,-0.25798741111111123,0.23740505555555563,0.5319444444444444,0.46805555555555556,-0.11582300000000026,-2.051681500000001,1.9358585000000006
59,US,1980,10,-0.33536878000000003,0.5337849000000003,0.4083333333333333,0.5916666666666667,0.8753868000000014,-1.9988776000000001,2.8742644000000013
59,US,1990,9,-0.5050592148148149,0.09374873333333318,0.5407407407407407,0.4592592592592592,-2.4812404444444462,-3.1604373333333333,0.6791968888888877
59,US,2000,1,-0.2709670000000003,0.08747700000000051,0.7,0.3,-1.8348999999999975,-2.7096700000000027,0.8747700000000052
590,Other world,1970,6,-0.2671527777777778,0.7723611111111109,0.27777777777777773,0.6944444444444445,2.7233333333333323,-1.485,4.208333333333332
590,Other world,1980,6,-0.011180555555555452,0.8420833333333335,0.15277777777777776,0.8472222222222222,2.555833333333334,-0.037499999999999645,2.5933333333333337
590,Other world,2000,18,-1.0785416666666667,0.19326388888888904,0.8055555555555556,0.19444444444444445,-3.695833333333333,-4.314166666666667,0.6183333333333337
590,Other world,2010,11,-0.9227272727272734,0.5792045454545458,0.6818181818181818,0.3181818181818182,-0.7918181818181825,-2.481363636363638,1.6895454545454556
591,Other world,2000,8,-0.7613281249999999,0.21671874999999996,0.71875,0.28125,-2.1784375,-3.0453124999999996,0.8668749999999998
591,Other world,2010,8,-0.7469531250000001,0.5421875,0.6875,0.3125,-0.8190625000000001,-2.9878125000000004,2.16875
592,Other world,2000,5,-0.33899999999999986,0.5125,0.45,0.55,0.6940000000000002,-1.3559999999999994,2.05
592,Other world,2010,4,-0.8312500000000003,0.5625000000000001,0.4375,0.5625,-0.43250000000000033,-2.4800000000000004,2.0475000000000003
593,Other world,1970,2,-0.13249999999999995,0.4315000000000005,0.30000000000000004,0.7,1.4950000000000028,-0.6624999999999996,2.1575000000000024
593,Other world,2000,8,-0.53984375,0.62734375,0.5625,0.4375,0.3500000000000002,-2.159375,2.509375
593,Other world,2010,7,-0.5255357142857144,0.45375000000000004,0.42857142857142855,0.5714285714285714,-0.6900000000000001,-1.8050000000000002,1.1150000000000002
594,Other world,1970,20,-0.17043988095238094,0.40153214285714284,0.30833333333333335,0.6845238095238095,1.1382499999999998,-1.0105,2.1487499999999997
594,Other world,1980,16,-0.10023437499999995,0.6323697916666666,0.296875,0.703125,1.9815625000000001,-0.3728124999999998,2.354375
594,Other world,2000,27,-0.9609722222222222,0.8667438271604938,0.4938271604938272,0.5061728395061729,-0.3203703703703702,-3.72962962962963,3.40925925925926
594,Other world,2010,21,-0.9345238095238093,0.7613690476190476,0.5158730158730159,0.4841269841269841,-0.8928571428571429,-3.60547619047619,2.7126190476190475
6,US,1930,447,-0.09390839288377544,0.0813319408969852,0.5572325201519832,0.4371497816128689,-0.09857246532438477,-0.4340808590604027,0.33550839373601793
6,US,1940,1266,-0.08381329168672737,0.18720571141578274,0.38539895684445447,0.6081509064921388,0.45123639178515007,-0.4164023491311217,0.8676387409162717
6,US,1950,2606,-0.13532583677928833,0.16819580304242956,0.4674542265102511,0.5243417205715748,0.05503649270913278,-0.8125499255564084,0.8675864182655411
6,US,1960,2548,-0.17166234816974407,0.17502550013113302,0.49923017741895287,0.4918988749345892,0.13245401491365782,-1.1059473045525903,1.238401319466248
6,US,1970,4860,-0.2755296784375204,0.1648338469286041,0.5932923443725913,0.4007805865830557,-0.80384727654321,-1.7352715423868315,0.9314242658436213
6,US,1980,5188,-0.18541271074641114,0.2017641136581978,0.49782954559361653,0.4968821517298772,0.20675636661526603,-1.356117901696222,1.562874268311488
6,US,1990,5222,-0.17539531147662818,0.22393494132440286,0.48725416887040784,0.5069325898366496,0.523487582152432,-1.3509734599770205,1.8744610421294525
6,US,2000,5579,-0.296737544804781,0.14670526201885187,0.6292913903327956,0.3631581867376813,-1.2714809478401148,-2.4726248148413696,1.2011438670012549
6,US,2010,5252,-0.21920752198557766,0.24692675424751265,0.44877302977550504,0.5433912553343246,0.18631134767707538,-1.6874689364051791,1.8737802840822544
6,US,2020,3604,-0.2572018002219756,0.19022808518312986,0.5923048464668886,0.40186829448760636,-0.19288925860155381,-0.73924152663707,0.5463522680355161
60,US,1920,1,-1.2714514285714285,0.32004000000000027,0.5714285714285714,0.42857142857142855,-6.659879999999998,-8.90016,2.240280000000002
60,US,1930,21,-0.9070986468253969,1.0865078531746033,0.4865079365079365,0.5134920634920634,0.873904857142857,-4.3527616190476195,5.226666476190476
60,US,1940,37,-1.6737416482625482,0.9462287745173744,0.6819176319176319,0.31808236808236806,-4.967127621621622,-9.497607837837839,4.530480216216216
60,US,1950,47,-1.2137554027524484,1.037993225886525,0.6534701114488348,0.3465298885511651,-1.9918030638297866,-8.323375234042553,6.331572170212766
60,US,1960,124,-0.8143938321172555,1.9721844675627243,0.4221486175115207,0.5724750384024578,3.3688368225806458,-5.085711532258065,8.45454835483871
60,US,1970,175,-1.1649829976507937,1.1724471710476192,0.5524807256235827,0.44285260770975055,-0.09763241142857153,-7.956420754285714,7.858788342857143
60,US,1980,92,-1.140792253968254,1.2640817413216012,0.46093857832988266,0.5361628709454797,-0.22391076086956505,-8.296058282608696,8.072147521739131
60,US,1990,85,-0.6304684161064426,1.6603513721195147,0.4112978524743231,0.5822315592903828,8.798051647058823,-4.579029105882354,13.377080752941177
60,US,2000,583,-0.5850041298265676,0.19160184380462303,0.794256581992431,0.1980676032562825,-2.074132869639794,-3.1876097615780448,1.1134768919382503
60,US,2010,619,-0.5178652067466728,0.38616819521758083,0.6295163730543375,0.365003718234736,-0.9251839579967689,-3.900061185783522,2.9748772277867523
60,US,2020,128,-0.18206648177083332,0.05414968750000003,0.69921875,0.29557291666666663,-0.3151942343749998,-0.4641772968749999,0.1489830625000001
61,US,1930,72,-0.19218138756613756,0.25987007275132273,0.5319940476190477,0.4320160934744268,0.3729779444444444,-0.8624569444444444,1.2354348888888889
61,US,1940,58,-0.41412822319376025,0.4402830023399015,0.5532430213464695,0.44675697865353037,-0.068501,-1.6220350689655172,1.5535340689655173
61,US,1950,267,-0.2768798194013436,0.39245222269484575,0.4498855597170204,0.5476175613816062,0.5643880374531834,-1.709026059925094,2.2734140973782773
61,US,1960,136,-0.32829053199696545,0.39240786492180213,0.4928046218487395,0.5024363912231559,0.36564814705882354,-2.5396900588235294,2.905338205882353
61,US,1970,141,-0.3781003518912531,0.3533581162782844,0.5457587526736463,0.4461443206124057,-0.24849937588652504,-2.676576113475178,2.4280767375886527
61,US,1980,158,-0.3509234842174,0.2524500589310829,0.557579867389994,0.4343505123568414,-0.7030455822784809,-2.3282370506329113,1.6251914683544302
61,US,1990,124,-0.4186593568740399,0.6673881644841269,0.43522465437788016,0.5647753456221198,2.0107200161290324,-3.360103854838709,5.370823870967741
61,US,2000,429,-0.3775250513042513,0.2518338941761942,0.668061568061568,0.3315499315499315,-0.8107955664335663,-2.2878182843822845,1.477022717948718
61,US,2010,372,-0.2965293630162997,0.3231774679104796,0.5618258235193719,0.43518731865506055,-0.18032815591397855,-1.7709701505376343,1.5906419946236556
61,US,2020,151,-0.19791312362030905,0.12815903090507721,0.5607064017660044,0.4326710816777042,-0.17541129801324526,-0.52875740397351,0.3533461059602647
618,Other world,2000,3,-0.41013888888888866,2.6629166666666673,0.3055555555555555,0.6944444444444443,9.19666666666667,-1.2583333333333329,10.455000000000004
618,Other world,2010,3,-0.3158333333333334,2.262083333333333,0.16666666666666666,0.8333333333333334,7.7849999999999975,-1.2633333333333336,9.048333333333332
619,Other world,2000,2,-2.4091666666666667,0.4949999999999998,0.6666666666666666,0.3333333333333333,-5.7425,-7.227499999999999,1.4849999999999994
619,Other world,2010,3,-0.6470833333333338,2.1551388888888887,0.5833333333333334,0.4166666666666667,4.509999999999998,-1.956666666666668,6.466666666666666
62,US,1930,3,-0.06248400000000003,0.20231100000000002,0.5333333333333333,0.4666666666666666,1.05156,-0.42672000000000027,1.4782800000000005
62,US,1940,18,-0.605249580026455,0.27370422619047624,0.5873015873015873,0.39186507936507936,-2.1298735555555557,-3.1634845555555557,1.033611
62,US,1950,141,-0.5383820490881459,0.569305428149274,0.5042187324102217,0.4896346954857593,-0.1965748936170211,-2.860990921985816,2.6644160283687945
62,US,1960,65,-0.4659448261904762,0.9408928749450548,0.44688034188034187,0.5429487179487179,0.9821357538461537,-3.0771423692307693,4.059278123076923
62,US,1970,62,-0.6768188296210957,0.6051021234767024,0.5684715821812596,0.4283026113671275,-0.21808058064516106,-4.61290270967742,4.394822129032258
62,US,1980,53,-0.5722653199760408,0.5467249583707696,0.5362982929020665,0.45945642407906556,-0.16522366037735903,-4.928444754716982,4.763221094339623
62,US,1990,47,-0.7121052530395137,1.2060011381458966,0.4444782168186423,0.5555217831813576,3.4971586382978725,-5.15501059574468,8.652169234042553
62,US,2000,110,-0.7292167030303031,0.3518034560533911,0.6732864357864358,0.32580447330447326,-1.6514765272727276,-4.079333145454545,2.4278566181818184
62,US,2010,95,-0.7550660002255639,0.2939586053968255,0.6044820384294068,0.3934126984126984,-3.029293978947368,-4.710394210526316,1.6811002315789476
62,US,2020,12,-0.44989916666666624,0.0033441666666666793,0.9305555555555555,0.06944444444444443,-1.2830866666666654,-1.291468333333332,0.008381666666666732
63,US,1940,16,-1.2498390260416667,0.5843188906250001,0.7135416666666666,0.2864583333333333,-2.398777625,-4.533424875000001,2.1346472500000004
63,US,1950,29,-1.4712437495347566,0.6788409874110563,0.73544061302682,0.2645593869731801,-3.9500507586206903,-7.43444048275862,3.484389724137931
63,US,1960,28,-0.938130229506803,0.6693132668083902,0.6201105442176871,0.37274659863945575,-1.7832977142857147,-6.245515142857144,4.46221742857143
63,US,1970,17,-1.145263740429505,1.1603469257236236,0.6227591036414566,0.3772408963585434,-3.3314632941176447,-8.709031176470589,5.377567882352943
63,US,1980,19,-1.1644579520467835,0.7412749939849625,0.7647243107769424,0.23527568922305764,-3.8055045263157887,-9.502142210526316,5.696637684210526
63,US,1990,20,-1.559244248412698,0.829576022222222,0.6887896825396825,0.31121031746031746,-2.3967929,-8.5590879,6.162294999999999
63,US,2000,28,-1.0575307360827666,0.41794742783446726,0.7462018140589569,0.23792517006802721,-4.338610357142858,-7.744043357142858,3.405433000000001
63,US,2010,62,-1.2628449787378389,0.30783355052483363,0.6865719406041987,0.3134280593958014,-5.967317838709676,-7.6538209354838695,1.686503096774193
63,US,2020,5,-0.08128026666666663,0.06014706666666676,0.6,0.3333333333333333,-0.06339959999999963,-0.2438407999999999,0.18044120000000027
64,US,1930,2,-0.01295399999999991,0.38709600000000005,0.25,0.75,0.7482840000000003,-0.02590799999999982,0.7741920000000001
64,US,1940,4,-0.37299899999999997,0.08039099999999999,0.7083333333333334,0.29166666666666663,-1.7556479999999997,-2.237994,0.48234599999999994
64,US,1950,11,-0.6693580696969698,0.6101090757575759,0.6136363636363636,0.38636363636363635,-0.9573492727272724,-3.24709,2.2897407272727275
64,US,1960,12,-0.5330000833333334,0.4980769833333334,0.5541666666666667,0.4458333333333333,0.2884163333333331,-2.738628166666667,3.0270445
64,US,1970,18,-0.7722511780423279,0.5092992145502646,0.5942460317460317,0.40575396825396826,-0.7503163333333333,-3.105828,2.3555116666666667
64,US,1980,33,-0.7392699038720538,0.21610009018759022,0.7879148629148629,0.2120851370851371,-3.8171117575757574,-5.644711090909091,1.8275993333333334
64,US,1990,29,-0.6051725942802408,0.48371513604269295,0.5639573070607553,0.4248357963875205,-0.3545142758620691,-3.4513346206896554,3.0968203448275866
64,US,2000,29,-0.9798477879310346,0.63049877454844,0.5116584564860427,0.48144499178981937,-1.8367877931034486,-4.657659448275862,2.8208716551724136
64,US,2010,47,-0.6897540269503543,0.40209920177304953,0.6758865248226951,0.32411347517730493,-2.032140893617021,-4.252933106382978,2.2207922127659567
65,US,1930,4,-0.28432125,0.17383125,0.4583333333333333,0.5416666666666666,-0.44196000000000013,-1.118235,0.676275
65,US,1940,4,-0.2749296,0.3884676,0.475,0.525,1.1353800000000003,-2.7492959999999997,3.884676
65,US,1950,11,-0.5894591952380952,0.4046546047619048,0.5476911976911977,0.440945165945166,-1.3987561818181815,-4.223835272727272,2.8250790909090906
65,US,1960,14,-0.32268845600907026,0.4556186403628117,0.4973922902494331,0.5026077097505669,1.6106505714285715,-2.683763428571428,4.294413999999999
65,US,1970,39,-0.9431053457264955,0.6776843623931624,0.631980056980057,0.36545584045584045,-2.0925306666666663,-6.063644205128205,3.9711135384615384
65,US,1980,33,-0.3438585761664262,0.47229270548340546,0.4465127465127465,0.5383357383357383,0.8662787272727271,-2.6127370303030304,3.4790157575757577
65,US,1990,24,-0.5723695931216931,0.6679231779761904,0.4678571428571428,0.5269345238095238,0.5875664166666666,-4.999353999999999,5.586920416666666
65,US,2000,26,-0.5455679341880342,0.2174324051282051,0.7126068376068376,0.28739316239316237,-2.739449769230769,-4.582433461538462,1.842983692307692
65,US,2010,23,-0.36134876473429955,0.3484545987922706,0.4710144927536232,0.5289855072463768,-0.20712965217391294,-2.8672393913043486,2.6601097391304354
65,US,2020,17,-0.6130962352941177,0.48035845098039226,0.6176470588235294,0.3627450980392157,-0.4130948235294116,-1.730546941176471,1.3174521176470593
66,US,1930,5,-0.03183620000000004,0.6371846000000001,0.13,0.8699999999999999,2.1939515999999997,-0.1435600000000002,2.3375116
66,US,1940,5,-0.26267648,0.37024024,0.5,0.5,1.0756376,-2.6267647999999997,3.7024023999999995
66,US,1950,18,-0.7580939134920636,0.3249541288359789,0.6736111111111112,0.3194444444444444,-3.2285094444444447,-5.231385777777778,2.002876333333334
66,US,1960,20,-0.4645346186904762,0.38086185726190486,0.576845238095238,0.4231547619047619,-0.8321794999999994,-3.8773592,3.045179700000001
66,US,1970,33,-0.924558007912458,0.766104363924964,0.6577681577681578,0.3384439634439635,-3.32716896969697,-7.627389393939395,4.300220424242425
66,US,1980,33,-0.3878424335016835,0.7781737741702742,0.42693602693602695,0.573063973063973,3.226815636363636,-3.2545248484848486,6.481340484848484
66,US,1990,37,-0.943965275053625,0.4737993768339769,0.6476190476190476,0.35238095238095235,-3.9263185945945938,-6.986181135135135,3.0598625405405406
66,US,2000,41,-0.8682036808749517,0.11891810352303521,0.8530681378242353,0.14693186217576462,-5.79833687804878,-6.703815658536586,0.9054787804878048
66,US,2010,29,-0.5233788994800219,0.1357191161193214,0.7867405582922824,0.2098111658456486,-3.2230497241379306,-4.4512360689655175,1.228186344827587
66,US,2020,19,-0.7482307368421053,0.2768333333333331,0.7719298245614035,0.22807017543859648,-1.4141922105263163,-2.2446922105263156,0.8304999999999993
67,US,1930,10,-0.2418070833333333,0.3612769,0.28583333333333333,0.6808333333333334,-0.07147519999999985,-1.5976087999999997,1.5261336
67,US,1940,11,-0.24211205757575757,0.23598627878787878,0.5393939393939394,0.4606060606060606,-0.10917527272727243,-2.39365,2.2844747272727273
67,US,1950,25,-0.6419142333333333,0.24183168209523814,0.674952380952381,0.3250476190476191,-3.2133839999999996,-4.93178504,1.7184010400000003
67,US,1960,29,-0.46733288571428566,0.5232828288998358,0.5032019704433498,0.4967980295566502,-0.10431475862068969,-3.95856324137931,3.8542484827586203
67,US,1970,37,-0.510481833976834,0.9537288225868726,0.5379343629343629,0.4620656370656371,0.05832313513513524,-4.47742945945946,4.535752594594595
67,US,1980,32,-0.13468360044642863,0.5614875529017858,0.30908978174603174,0.6877852182539682,3.557778625,-1.0880406250000003,4.645819250000001
67,US,1990,49,-0.8875829632653061,0.5003103319727891,0.6623015873015873,0.33769841269841266,-2.673780367346939,-5.032527877551021,2.358747510204082
67,US,2000,37,-0.8694977719433717,0.3411252641784641,0.7187044187044187,0.2812955812955813,-4.680904432432432,-7.35791335135135,2.6770089189189186
67,US,2010,30,-0.7182129967724867,0.3581125667460317,0.7042328042328042,0.2882671957671957,-2.9847536,-6.319723666666666,3.3349700666666657
67,US,2020,27,-0.8919449259259259,0.34623035802469143,0.7530864197530863,0.24691358024691357,-1.6089496296296293,-2.5849871851851853,0.9760375555555559
68,US,1930,24,-1.2643368444444445,1.4671485888888889,0.40208333333333335,0.5590277777777778,0.6312539166666667,-2.774949916666667,3.406203833333333
68,US,1940,71,-0.1988498426559356,0.7358212088531187,0.1642186452045607,0.8357813547954392,1.4718834647887324,-0.6769993802816902,2.1488828450704225
68,US,1950,48,-0.6272875730654761,0.13381780545634916,0.7096726190476191,0.28407738095238094,-2.2729825416666665,-3.041777083333333,0.7687945416666664
68,US,1960,161,-0.6826422399832397,0.3278335279207335,0.688068125801045,0.3103790791678991,-2.8326992670807454,-5.119920186335404,2.287220919254658
68,US,1970,134,-0.5410967458362947,0.5119474847311063,0.5069148306088604,0.4901000947642739,-0.4241272089552241,-4.914275029850747,4.490147820895523
68,US,1980,119,-0.32349123740162733,1.0576211276443912,0.36193810857676406,0.638061891423236,6.069733613445378,-2.3930258151260504,8.462759428571427
68,US,1990,86,-0.7422216279069768,0.29478682881136953,0.7012919896640827,0.29496124031007753,-4.056692976744187,-6.794806325581395,2.738113348837209
68,US,2000,83,-0.8771537662937463,0.09695469364123158,0.8495888315165423,0.14890514438707209,-5.801941638554217,-6.646421518072288,0.8444798795180721
68,US,2010,52,-0.60578825503663,0.25378372301587304,0.7922084859584859,0.20504426129426132,-3.515106576923077,-5.546481192307693,2.0313746153846153
68,US,2020,44,-0.7776785833333332,0.3493423787878787,0.7992424242424242,0.20075757575757572,-1.2852164545454543,-2.3281519999999998,1.0429355454545453
69,US,1930,8,-0.06324587499999994,0.41849647916666666,0.22916666666666666,0.7708333333333334,1.2506320000000002,-0.20497749999999976,1.4556095
69,US,1940,7,-0.07687488571428566,0.15734211428571424,0.4571428571428572,0.5285714285714286,0.8046722857142855,-0.7687488571428567,1.5734211428571423
69,US,1950,51,-0.16977141601307189,0.44988423986928106,0.4367647058823529,0.5547385620915032,0.7466400392156862,-0.6386459607843137,1.385286
69,US,1960,18,-0.31824840555555556,0.13467429444444445,0.6365740740740741,0.3467592592592592,-0.1475737777777778,-1.2561987777777779,1.108625
69,US,1970,10,-0.2141922933333334,0.13696825000000004,0.5844444444444444,0.40555555555555556,-0.7545324,-2.1009866000000006,1.3464542000000006
69,US,1980,43,-0.29430202790697674,0.05918018139534885,0.7996124031007752,0.2003875968992248,-0.4787485581395347,-0.6979209302325581,0.21917237209302332
69,US,1990,23,-0.2571549049689441,0.22512994679089024,0.55879917184265,0.43250517598343685,-0.2832644347826089,-2.241739043478261,1.958474608695652
69,US,2000,22,-0.27966841637806633,0.09434326161616159,0.740981240981241,0.21565656565656566,-1.3539353636363638,-2.1472480909090907,0.793312727272727
69,US,2010,21,-0.20461489489795928,0.12079447891156478,0.5893990929705215,0.3927437641723356,-0.6535779047619046,-1.5763972380952385,0.922819333333334
69,US,2020,14,-0.3245392857142857,0.2712718571428571,0.6428571428571429,0.35714285714285715,-0.1598022857142857,-0.973617857142857,0.8138155714285713
7,US,1930,73,-0.03157600456620973,0.19673171689497737,0.3675799086757991,0.6232876712328768,0.4123986575342477,-0.06634610958904048,0.4787447671232882
7,US,1940,74,-0.05807706981981982,0.2805995385135132,0.345468682968683,0.6500268125268125,0.6147283243243238,-0.22693094594594598,0.8416592702702698
7,US,1950,467,-0.2834965375021242,0.10932913570748781,0.6692031202202509,0.3226071513544747,-0.6628360256959315,-1.0662777516059956,0.4034417259100641
7,US,1960,2039,-0.7599541505924161,0.1835226990627214,0.7725773994410581,0.22146554878286118,-3.12897914664051,-3.954792557135851,0.8258134104953408
7,US,1970,2521,-0.887085248659829,0.1972344115496496,0.7897118175579103,0.20865759367346037,-4.603430515668386,-5.820413646172153,1.2169831305037684
7,US,1980,2391,-0.5493127371771126,0.2819686465422584,0.6653246632543998,0.33180777120551275,-1.6918291518193225,-3.1555757005437055,1.463746548724383
7,US,1990,1937,-0.6047219193397579,0.21582474274446664,0.7247922658996484,0.2647382632281961,-2.3739695157459986,-3.762860901393908,1.3888913856479095
7,US,2000,1408,-0.8715299662946429,0.4234401182325487,0.6701312793109668,0.32189191017316016,-2.6600152855113635,-4.696582890625,2.036567605113636
7,US,2010,1066,-1.1807223702224605,0.4316491775551684,0.7386737246493345,0.2528708418952321,-3.44139251782364,-5.42736425140713,1.9859717335834899
7,US,2020,124,-0.839990510752688,0.31947868279569896,0.7231182795698925,0.2728494623655914,-1.5346569354838706,-2.3769243548387093,0.8422674193548388
70,US,1930,15,-0.2748027666666667,0.4813858133333334,0.4233333333333333,0.5766666666666667,0.8118849333333333,-1.1478772000000002,1.9597621333333337
70,US,1940,17,-0.22906604705882352,0.3329222823529412,0.39999999999999997,0.5764705882352942,1.011399294117647,-2.244761176470588,3.2561604705882354
70,US,1950,19,-0.5180710526315789,0.3747515657894737,0.6491228070175439,0.3442982456140351,-1.2352425263157893,-4.049348421052631,2.814105894736842
70,US,1960,70,-0.5558313925283447,0.5582356399659864,0.45879818594104305,0.5343990929705215,0.3019911428571428,-2.0100256,2.3120167428571428
70,US,1970,52,-0.41001807377899885,0.3136532429639805,0.5595314407814408,0.43229548229548226,-0.8104747692307692,-3.5396363461538463,2.729161576923077
70,US,1980,63,-0.417682808994709,0.30656715918367344,0.5852796674225246,0.4099584278155707,-0.34553704761904774,-2.5826238730158733,2.2370868253968252
70,US,1990,54,-0.2861787082892416,0.32443645423280426,0.5113021751910641,0.47923280423280423,0.28244796296296304,-2.531165851851852,2.813613814814815
70,US,2000,43,-0.4423227264119601,0.23563580116279065,0.6150516795865634,0.3826227390180879,-1.9011012093023254,-4.135001627906976,2.2339004186046507
70,US,2010,41,-0.3865084113821138,0.2754591811653116,0.6070460704607046,0.38746612466124664,-1.094232,-3.134088341463414,2.0398563414634143
70,US,2020,15,-0.8426025333333331,0.7608820888888889,0.6333333333333333,0.36666666666666664,-0.2698498666666666,-2.2979882666666662,2.0281384
71,US,1930,8,-0.09456716666666648,0.48620389583333323,0.3125,0.65625,1.5798182500000002,-0.35509124999999936,1.9349094999999996
71,US,1940,10,-0.18164290000000005,0.3771822,0.41916666666666663,0.5808333333333333,1.7341589999999996,-1.6878288000000006,3.4219878
71,US,1950,20,-0.7752425508333334,0.4405771725,0.5404166666666667,0.45958333333333334,-0.8433817999999998,-3.9470081,3.1036263
71,US,1960,27,-0.3333125788359788,0.3294262848324515,0.4779541446208113,0.5220458553791887,-0.04086540740740722,-2.5250427407407408,2.4841773333333332
71,US,1970,28,-0.6701546949546486,0.45915844668367345,0.5776643990929705,0.4223356009070295,-0.8575763571428576,-4.808928000000001,3.951351642857143
71,US,1980,31,-0.6369729433691756,0.8440080050179212,0.46272401433691757,0.5372759856630824,1.597937935483871,-5.879099806451613,7.477037741935483
71,US,1990,48,-0.5037205625661376,0.6044218780092593,0.5049272486772487,0.49160052910052915,0.9903780416666667,-3.231419666666667,4.221797708333334
71,US,2000,29,-1.0039210587027916,0.26408233472906406,0.7699644225506295,0.22620415982484948,-5.810644068965518,-7.840717103448276,2.030073034482759
71,US,2010,28,-0.8007358361111111,0.3188017930839003,0.7171343537414966,0.27840136054421766,-3.3962887857142863,-5.7498885,2.353599714285714
71,US,2020,20,-0.8983227333333337,0.45186663333333366,0.7083333333333333,0.29166666666666663,-1.0319007999999998,-2.333779700000001,1.301878900000001
72,US,1940,9,-0.03289898333333342,0.04955828703703709,0.43148148148148147,0.5685185185185185,0.1737359999999999,-0.21234444444444497,0.38608044444444484
72,US,1950,36,-0.39666825233686065,0.11087169576719576,0.7979056437389771,0.20209435626102293,-1.9038146111111114,-2.581317722222222,0.677503111111111
72,US,1960,36,-0.4854340833333333,0.20370298055555558,0.7407407407407408,0.2592592592592593,-2.6861343888888887,-4.251450888888888,1.5653165000000002
72,US,1970,59,-0.281356908528383,0.22560906467581388,0.665832660747915,0.334167339252085,-0.4945501355932202,-2.342568033898305,1.8480178983050848
72,US,1980,48,-0.2452689970899471,0.3759195613756614,0.5423611111111111,0.4546626984126984,1.323024875,-2.044255333333333,3.3672802083333333
72,US,1990,36,-0.4363453761022928,0.07862838227513227,0.694620811287478,0.2958553791887125,-2.5496535,-3.3205395555555555,0.7708860555555556
72,US,2000,37,-0.41086158045903054,0.0890155872157872,0.802080652080652,0.1895109395109395,-2.4053671351351356,-3.1616821621621627,0.756315027027027
72,US,2010,33,-0.30479707424242425,0.10517348427128426,0.8231842231842231,0.1724867724867725,-1.794348303030303,-2.6785929696969695,0.8842446666666663
72,US,2020,24,-0.3151292499999996,0.16232655555555545,0.7708333333333334,0.22916666666666666,-0.44932774999999925,-0.8896347499999989,0.4403069999999996
73,US,1930,47,-0.04627122340425534,0.05403442553191479,0.6099290780141844,0.37943262411347517,0.03155004255319124,-0.14079148936170213,0.17234153191489338
73,US,1940,113,-0.20707484289928363,0.09385804180362411,0.5676991150442479,0.4269911504424779,-0.3926391150442478,-0.8312813982300885,0.4386422831858407
73,US,1950,148,-0.8380695700879451,0.2671817406799657,0.8067031317031317,0.19194551694551695,-2.532950013513514,-3.8187627972972975,1.2858127837837836
73,US,1960,73,-0.4857468422374429,0.15545560837138508,0.7414003044140031,0.25859969558599694,-2.262869123287671,-3.1273939726027393,0.8645248493150686
73,US,1970,84,-0.4111840220238095,0.2853877728174603,0.7117063492063492,0.2871031746031746,-1.3196743809523812,-2.616943071428571,1.29726869047619
73,US,1980,60,-0.5129087857804233,0.17683852673280429,0.8140806878306878,0.18591931216931218,-2.9676346333333328,-4.522469733333334,1.5548351000000007
73,US,1990,49,-0.5825124984936833,0.19340066240686757,0.8082280531260123,0.1917719468739877,-3.5135672244897957,-5.407152571428572,1.8935853469387758
73,US,2000,46,-0.7060985727743272,0.15029495450310562,0.8928830227743272,0.10711697722567287,-4.841482608695651,-6.142912347826086,1.3014297391304346
73,US,2010,41,-0.6141006409988388,0.10195814593495937,0.8929636082075105,0.10703639179248935,-4.581143756097562,-5.566131024390245,0.9849872682926831
73,US,2020,26,-0.6166530769230766,0.1516964102564102,0.8910256410256411,0.10897435897435896,-1.373651153846153,-1.7511338461538453,0.37748269230769227
74,US,1930,5,-0.04516146666666661,0.027736400000000043,0.6833333333333333,0.31666666666666665,-0.016461199999999666,-0.12283519999999981,0.10637400000000015
74,US,1940,23,-0.07382991304347807,0.08830260434782619,0.49420289855072463,0.4605072463768116,0.042339391304348564,-0.34051599999999954,0.38285539130434815
74,US,1950,5,-0.11756429999999995,0.07377456666666654,0.6833333333333333,0.31666666666666665,-0.3486916000000001,-0.6943355999999997,0.3456439999999996
74,US,1960,10,-0.07665700000000063,0.06400068000000039,0.48250000000000004,0.4175,0.08625939999999957,-0.18775640000000132,0.2740158000000009
74,US,1970,32,-0.08667355729166674,0.07071899999999998,0.5,0.4635416666666667,-0.009382500000000037,-0.2131220625000002,0.20373956250000017
74,US,1980,10,-0.03830231714285727,0.02500901714285713,0.5814285714285714,0.4185714285714286,-0.18729900000000074,-0.37185460000000126,0.18455560000000049
74,US,1990,9,-0.06244531975308634,0.03021935802469142,0.6521604938271605,0.3228395061728395,-0.32257955555555434,-0.6106151111111103,0.28803555555555604
74,US,2000,9,-0.08490908289241636,0.026158458906525628,0.7931216931216931,0.20687830687830688,-0.5547362222222225,-0.792141111111112,0.23740488888888944
74,US,2010,8,-0.054987716071428605,0.02863890982142858,0.7946428571428571,0.19285714285714287,-0.2019295000000002,-0.4530080000000002,0.2510785
74,US,2020,4,-0.14465366666666707,0.024384,0.8333333333333333,0.16666666666666666,-0.35433150000000085,-0.42748350000000085,0.073152
75,US,1930,5,-0.06004560000000009,0.20728940000000012,0.26666666666666666,0.7333333333333333,0.5843016000000001,-0.23622000000000032,0.8205216000000004
75,US,1940,10,-0.7390764999999998,0.7540044799999996,0.4533333333333333,0.5341666666666667,0.16550719999999966,-1.7841467999999996,1.9496539999999993
75,US,1950,13,-0.09185411282051281,0.21378745641025615,0.45064102564102565,0.5397435897435897,0.46165399999999934,-0.49436153846153846,0.9560155384615379
75,US,1960,14,-0.20448506190476187,0.14513853809523808,0.5527777777777778,0.44722222222222224,-0.4651468571428571,-1.517685714285714,1.052538857142857
75,US,1970,12,-0.18748046640211644,0.2452863796296297,0.45396825396825397,0.5275132275132275,0.5144765000000002,-1.822577333333334,2.337053833333334
75,US,1980,12,-0.16223700714285724,0.3296024785714286,0.3246031746031746,0.6753968253968253,1.910461333333333,-1.0647675000000008,2.975228833333334
75,US,1990,29,-0.11409395845648602,0.2567489297208539,0.39173508483853314,0.5933223864258347,0.31620386206896567,-0.825062,1.1412658620689655
75,US,2000,12,-0.34571501845238123,0.14632479781746027,0.5969246031746032,0.40307539682539684,-1.2368510000000008,-2.232150500000001,0.9952994999999997
75,US,2010,11,-0.20608890909090857,0.12497159999999984,0.665079365079365,0.33492063492063495,-0.3979014545454532,-1.3552559999999976,0.9573545454545443
75,US,2020,7,-0.16735000000000014,0.10101923809523834,0.5714285714285714,0.42857142857142855,-0.19899228571428543,-0.5020500000000004,0.303057714285715
76,US,1930,7,-0.07719757142857143,0.08313057142857139,0.4761904761904762,0.5238095238095238,-0.05987085714285729,-0.2610388571428572,0.20116799999999993
76,US,1940,13,-0.03671410598290598,0.22069969316239318,0.22884615384615387,0.7333333333333333,1.1614055384615385,-0.2566184615384615,1.4180240000000002
76,US,1950,13,-0.2101976846153846,0.10408524615384612,0.5685897435897436,0.4064102564102564,-0.9583618461538461,-1.6413478461538462,0.6829860000000001
76,US,1960,74,-0.24962061960531953,0.13921825110467612,0.5576201201201201,0.4319069069069069,-0.7698049189189188,-1.8143007567567566,1.044495837837838
76,US,1970,69,-0.19002043904991964,0.22800363585231181,0.42898550724637685,0.5576489533011272,0.5511579710144922,-1.2945166956521743,1.8456746666666664
76,US,1980,64,-0.2624088683035714,0.46646868487103177,0.4898313492063492,0.49975198412698413,1.7364555312500005,-2.2267070312499997,3.9631625625
76,US,1990,51,-0.43892486134453806,0.2944845508403362,0.553641456582633,0.43067226890756305,-0.9503781176470599,-3.261958235294119,2.3115801176470594
76,US,2000,89,-0.4407038394685214,0.14744908654360606,0.7584938469769931,0.239258962011771,-2.2761192134831463,-3.1521624044943817,0.8760431910112353
76,US,2010,44,-0.28467308697691185,0.16523268409090913,0.652507215007215,0.34294733044733045,-0.9344897272727263,-2.18441609090909,1.2499263636363638
76,US,2020,11,-0.33952769696969737,0.30322909090909156,0.6363636363636364,0.36363636363636365,-0.10889581818181755,-1.0185830909090923,0.9096872727272746
77,US,1960,23,-0.7626427424430642,0.37677223146997924,0.7452380952380951,0.24606625258799172,-1.9470758260869565,-3.137253391304348,1.1901775652173914
77,US,1970,18,-0.30551232328042327,0.5836011314814814,0.3582010582010582,0.6417989417989418,1.7149234444444441,-1.9375127777777779,3.6524362222222226
77,US,1980,10,-0.18937242500000023,0.38097732500000026,0.4175,0.5825,1.8379440000000007,-1.881075000000002,3.719019000000003
77,US,1990,15,-0.3555085600000002,0.09003781666666659,0.7433333333333334,0.25666666666666665,-2.033730266666668,-2.9236436000000006,0.8899133333333326
77,US,2000,18,-0.5786075268518518,0.1407991842592592,0.7759259259259259,0.22407407407407406,-3.813047444444445,-5.006170777777778,1.193123333333333
77,US,2010,16,-0.4978404638392856,0.16249060461309506,0.765922619047619,0.23407738095238095,-3.023995125,-4.118229124999999,1.0942339999999993
77,US,2020,9,-0.7149281481481486,0.21629499999999985,0.7407407407407408,0.25925925925925924,-1.547715555555557,-2.1447844444444457,0.5970688888888888
78,US,1930,10,-0.06172200000000001,0.3067050000000001,0.33333333333333337,0.6666666666666667,0.8481060000000002,-0.15621000000000002,1.0043160000000004
78,US,1940,12,-0.08949901666666667,0.20924943333333335,0.394212962962963,0.580787037037037,0.9029699999999999,-0.8271510000000001,1.7301210000000002
78,US,1950,10,-0.2516124,0.20878800000000003,0.5,0.48,-0.3794760000000001,-2.394204,2.0147280000000003
78,US,1960,55,-0.22937938212121214,0.624445827705628,0.3373376623376623,0.6573593073593074,1.211663163636364,-1.1497885454545456,2.3614517090909093
78,US,1970,35,-0.40697223614512473,0.32228904226757366,0.49590702947845805,0.49695011337868483,-0.6840145714285716,-3.4762002285714284,2.792185657142857
78,US,1980,29,-0.4265304275862069,0.43142222758620696,0.5019293924466338,0.4980706075533662,-0.24888593103448267,-3.6691088965517245,3.4202229655172416
78,US,1990,29,-0.31679207816091975,0.394291995402299,0.571647509578544,0.424904214559387,1.2452664137931033,-2.445598482758621,3.6908648965517243
78,US,2000,21,-0.6577185216553287,0.4110379282312924,0.6124338624338624,0.38756613756613756,-2.3089326666666667,-5.2318195238095235,2.922886857142857
78,US,2010,19,-0.5588680192564748,0.3573022274853801,0.5921052631578947,0.4026315789473684,-1.3724023157894742,-3.7530505263157905,2.3806482105263163
78,US,2020,8,-0.8447406666666666,0.66040075,0.5625,0.3958333333333333,-0.5520672499999998,-2.4608795,1.90881225
79,US,1940,1,-0.09144000000000001,0.08127999999999998,0.5,0.5,-0.060960000000000125,-0.54864,0.4876799999999999
79,US,1950,5,-0.5845452999999999,0.07536679999999994,0.7933333333333333,0.20666666666666664,-2.4899107999999996,-2.9132776,0.4233667999999997
79,US,1960,33,-0.6097309906204904,0.577267461976912,0.5593193843193843,0.4356301106301106,0.10437260606060653,-3.4069255757575756,3.5112981818181823
79,US,1970,35,-0.20844040643990946,0.32822486614512475,0.3570408163265306,0.6329591836734694,1.4006422285714282,-1.760220228571429,3.160862457142857
79,US,1980,36,-0.18048083472222226,0.5474272722222222,0.2490740740740741,0.750925925925926,3.063747666666666,-1.6291565000000006,4.692904166666667
79,US,1990,30,-0.20543689000000012,0.13621300111111118,0.5288888888888889,0.46444444444444444,-0.4155917333333337,-1.7290257333333343,1.3134340000000007
79,US,2000,29,-0.22116571551724137,0.12842988103448277,0.5790229885057472,0.40977011494252874,-0.879926068965517,-2.0426336551724136,1.1627075862068965
79,US,2010,31,-0.23543805614439337,0.1756495818740399,0.6704941116231439,0.3295058883768561,-0.53984141935484,-2.0224945161290333,1.4826530967741933
79,US,2020,17,-0.17785947058823512,0.10025521568627443,0.6470588235294118,0.35294117647058826,-0.21075952941176446,-0.5115251764705877,0.30076564705882325
8,US,1930,1035,-0.16479820947013263,0.09176121415458938,0.6047799248523886,0.391454643048846,-0.21298735845410618,-0.45777419903381633,0.2447868405797102
8,US,1940,1754,-0.43447009677155163,0.15974304357568186,0.7100851115816907,0.2874391413730068,-1.2092522360319269,-2.154144457240593,0.9448922212086659
8,US,1950,2572,-0.8469941447335777,0.10515211071397712,0.8298555567898491,0.16812668172504874,-4.544738811819596,-5.075291017107309,0.5305522052877139
8,US,1960,2872,-0.7584322499914334,0.18285991360259984,0.7477928659857629,0.2500494650042004,-3.919940310584958,-5.022868411559889,1.1029281009749305
8,US,1970,2933,-0.6076635806033154,0.22827553721662094,0.6872036324474101,0.311167394563235,-2.5206684677804296,-3.904900953290147,1.3842324855097172
8,US,1980,3130,-0.33765121631801814,0.37759571088163696,0.5079079821491962,0.4852198387342157,-0.3387792057507987,-2.0281389194888177,1.6893597137380192
8,US,1990,3540,-0.510238302919469,0.1902193394682091,0.6778557976863061,0.3172355618330195,-2.25037871299435,-3.385313385310734,1.134934672316384
8,US,2000,3261,-0.44660877566648655,0.20969310355183673,0.6566124180429609,0.3357007783180736,-1.7261641441275681,-3.1504803882244707,1.4243162440969028
8,US,2010,2563,-0.5165126867736222,0.1510569065665855,0.7340741876149601,0.2613421152047761,-1.3974781841591883,-2.0438271533359345,0.6463489691767459
8,US,2020,515,-0.34822718058252433,0.10835317281553393,0.7576051779935276,0.23462783171521034,-0.6719001436893207,-0.9777927805825244,0.30589263689320373
80,US,1930,6,-0.016129000000000022,0.04290483333333336,0.3333333333333333,0.5694444444444444,0.108458,-0.05334000000000009,0.16179800000000008
80,US,1940,11,-0.09669900952380953,0.22506115324675324,0.3947330447330447,0.581024531024531,0.44667054545454543,-0.5313218181818182,0.9779923636363634
80,US,1950,21,-0.1786619642857144,0.11916776428571427,0.5753968253968255,0.41984126984126985,-0.43071171428571436,-1.0113560952380953,0.5806443809523811
80,US,1960,96,-0.37091444545304236,0.24467158090277777,0.6639674272486772,0.3300181878306878,-1.2013088125,-2.7291349791666666,1.5278261666666666
80,US,1970,97,-0.3783045275650466,0.22725539072164946,0.535362461135657,0.46257568319423986,-1.2448093608247424,-3.2218777525773192,1.977068391752577
80,US,1980,109,-0.1100610900465997,0.45675355575942916,0.279958497160332,0.7169833988641329,2.4639585137614675,-0.6809763669724773,3.144934880733945
80,US,1990,83,-0.42185522631478295,0.308256051157009,0.6028829604130809,0.3879804934021801,-0.9494704337349399,-3.551066120481928,2.6015956867469883
80,US,2000,69,-0.4815973744651484,0.15995690804002766,0.6574189095928226,0.3401656314699793,-2.2516329855072463,-3.3588302608695657,1.1071972753623192
80,US,2010,57,-0.4390331636730716,0.1973877311612364,0.7522765246449458,0.24246031746031746,-1.6082210877192984,-3.1744921403508775,1.5662710526315786
80,US,2020,42,-0.3242854920634922,0.14503403968253967,0.6309523809523809,0.36904761904761907,-0.47479876190476233,-0.8966928571428576,0.4218940952380952
81,US,1930,1,-1.26492,1.76022,0.5,0.5,0.9905999999999997,-2.52984,3.52044
81,US,1940,1,-0.5794586666666667,0.4507653333333333,0.4444444444444444,0.5555555555555556,-1.1582400000000002,-5.215128,4.056888
81,US,1950,6,-0.17204055,0.1135126,0.5791666666666667,0.4041666666666666,-0.573278,-1.4622780000000002,0.8889999999999999
81,US,1960,7,-0.09293134285714287,0.1414272,0.40714285714285714,0.5928571428571429,0.49442914285714284,-0.88392,1.378349142857143
81,US,1970,8,-0.11201944285714287,0.11195140714285715,0.4946428571428571,0.5053571428571428,-0.0013335000000000152,-1.0839450000000002,1.0826115
81,US,1980,8,-0.13603605,0.12649834999999998,0.525,0.4625,-0.06858000000000009,-1.3062585,1.2376785
81,US,1990,8,-0.060669487499999994,0.1290685125,0.378125,0.621875,0.5827395000000001,-0.51435,1.0970895
81,US,2000,8,-0.13827759999999997,0.06675649166666665,0.5756944444444444,0.42430555555555555,-0.643509,-1.2367259999999998,0.5932169999999999
81,US,2010,6,-0.08277416507936512,0.07573231746031753,0.5126984126984127,0.4873015873015873,-0.027939999999999816,-0.6050280000000002,0.5770880000000004
81,US,2020,3,-0.07416799999999998,0.008805333333333306,0.7777777777777777,0.2222222222222222,-0.19608800000000004,-0.22250399999999995,0.026415999999999922
82,US,1930,4,-0.21440775,0.21993225000000002,0.47916666666666663,0.5208333333333334,-0.028193999999999997,-0.762381,0.734187
82,US,1940,5,-0.22413250285714287,0.14117755428571432,0.6295238095238095,0.3704761904761905,-0.28712159999999987,-1.4983968,1.2112752000000002
82,US,1950,4,-0.668832925,0.2300605,0.5895833333333333,0.37916666666666665,-3.464434,-5.0478700000000005,1.5834359999999998
82,US,1960,4,-0.36259759999999996,0.35996870000000003,0.5,0.5,-0.026289000000000118,-3.6259759999999996,3.599687
82,US,1970,10,-1.3838755255555555,0.5187177088888889,0.6047222222222223,0.3952777777777778,-3.991050999999999,-7.235495599999998,3.2444446
82,US,1980,6,-0.6805083259259259,1.0518104648148148,0.4375,0.5625,2.4871679999999996,-6.6390519999999995,9.126219999999998
82,US,1990,5,-0.31368492000000003,0.6505651200000001,0.41500000000000004,0.5650000000000001,2.830068,-2.8831032000000003,5.713171200000001
82,US,2000,5,-0.43967399999999995,0.65439798,0.425,0.575,1.6657320000000002,-3.7261799999999994,5.391912
82,US,2010,4,-0.1970151,0.19667220000000002,0.525,0.475,-0.0034290000000000154,-1.970151,1.966722
82,US,2020,4,-0.168783,0.235712,0.49999999999999994,0.49999999999999994,0.200787,-0.5063489999999999,0.707136
83,US,1930,3,-0.339175111111111,0.471424,0.5833333333333334,0.4166666666666667,0.663446666666667,-1.2222493333333329,1.885696
83,US,1940,4,-0.19544337499999992,0.12456795000000001,0.675,0.275,-0.7280899999999993,-1.9385269999999994,1.2104370000000002
83,US,1950,4,-0.17196440000000013,0.12386315,0.60625,0.39375,-0.45148500000000125,-1.6565885000000014,1.2051034999999999
83,US,1960,4,-0.11212834999999985,0.1197484499999999,0.525,0.475,0.0762010000000005,-1.1212834999999985,1.197484499999999
83,US,1970,7,-0.12316577959183665,0.05885181190476197,0.5246598639455782,0.4345238095238095,-0.5125002857142847,-1.004099428571428,0.49159914285714335
83,US,1980,6,-0.17494686666666662,0.13975939999999992,0.4666666666666666,0.5333333333333333,-0.21437600000000026,-1.3276593333333329,1.1132833333333325
83,US,1990,3,-0.07759666666666666,0.09560526666666674,0.5333333333333333,0.4666666666666666,0.0447040000000003,-0.49275866666666657,0.5374626666666669
83,US,2000,2,-0.3460786285714284,0.1761527714285712,0.4857142857142857,0.4642857142857143,-1.2557750000000008,-2.618231999999999,1.3624569999999983
83,US,2010,2,-0.13253686666666667,0.060553433333333385,0.5833333333333333,0.3666666666666667,-0.3550909999999998,-0.9311620000000002,0.5760710000000003
84,US,1940,1,-0.11582400000000037,0.11201400000000028,0.5,0.5,-0.007620000000000182,-0.23164800000000074,0.22402800000000056
84,US,1950,1,-0.24041100000000004,0.21431250000000002,0.625,0.375,-0.2087880000000002,-1.9232880000000003,1.7145000000000001
84,US,1960,2,-0.1711833,0.5036439,0.3875,0.6125,2.724912,-1.4988540000000001,4.2237659999999995
84,US,1970,2,-0.6158483999999999,0.2236469999999999,0.55,0.45,-1.784604,-3.0449519999999994,1.2603479999999996
84,US,1980,1,-0.06477,0.10210799999999998,0.25,0.5,0.14935199999999993,-0.25908,0.4084319999999999
84,US,1990,7,-0.08428684240362816,0.021524807256235918,0.6459750566893424,0.31575963718820865,-0.37817142857142877,-0.5312257142857147,0.1530542857142859
84,US,2000,25,-0.12877998666666668,0.16649251333333345,0.5813333333333334,0.4053333333333333,0.08046664000000046,-0.57723008,0.6576967200000005
84,US,2010,24,-0.08671062499999975,0.08230783333333315,0.6041666666666666,0.3958333333333333,-0.025336833333333125,-0.21818874999999952,0.19285191666666637
85,US,1930,3,-0.2580644444444446,0.33646533333333367,0.4444444444444444,0.5555555555555555,0.11125066666666743,-0.7335533333333336,0.8448040000000011
85,US,1940,3,-0.3607816000000001,0.47752,0.3666666666666667,0.6333333333333333,1.167384,-3.607816000000001,4.775200000000001
85,US,1950,7,-0.6925935510204082,0.7096293469387754,0.48027210884353744,0.48401360544217686,0.035705999999999856,-2.852927142857143,2.8886331428571426
85,US,1960,9,-0.2095273796296296,0.3354093870370371,0.48148148148148145,0.5185185185185186,1.3092853333333336,-1.7912093333333334,3.100494666666667
85,US,1970,15,-0.42466915587301585,0.28250983650793654,0.6265079365079365,0.3734920634920635,-1.0219945333333331,-3.3254697333333336,2.3034752000000003
85,US,1980,27,-0.20298205555555557,0.257196622016461,0.4354938271604938,0.5570987654320988,0.5889974074074077,-1.769646,2.3586434074074076
85,US,1990,29,-0.19427404225506295,0.1849860870279146,0.5852216748768473,0.4147783251231527,-0.03878296551724143,-1.6685695172413793,1.6297865517241377
85,US,2000,23,-0.28424585,0.09894392826086959,0.7956521739130435,0.2,-1.6364454782608697,-2.6094189565217394,0.9729734782608699
85,US,2010,26,-0.2421045794871796,0.34713172435897455,0.6756410256410257,0.3243589743589744,0.06283669230769227,-1.9284460000000008,1.9912826923076932
85,US,2020,18,-0.2412716666666666,0.11291692592592585,0.7314814814814814,0.2685185185185185,-0.378798888888889,-0.7144169999999999,0.3356181111111109
86,US,1960,3,-0.10624457142857142,0.16611600000000004,0.38095238095238093,0.619047619047619,0.41910000000000025,-0.7437119999999999,1.1628120000000002
86,US,1970,3,-0.1187704,0.11790679999999998,0.6,0.3666666666666667,-0.008636000000000088,-1.1877039999999999,1.1790679999999998
86,US,1980,4,-0.06107405000000002,0.17038305,0.275,0.7250000000000001,1.0930899999999997,-0.6107405000000001,1.7038305
86,US,1990,3,-0.18506446666666662,0.19938986666666667,0.5666666666666667,0.4000000000000001,0.14325400000000035,-1.850644666666666,1.9938986666666665
86,US,2000,4,-0.13068266666666667,0.07340600000000003,0.5952380952380952,0.40476190476190477,-0.20497699999999996,-0.557783,0.35280600000000006
86,US,2010,4,-0.34904326666666635,0.0685036000000001,0.675,0.3,-0.8629549999999988,-1.5479909999999997,0.6850360000000009
86,US,2020,2,-0.08077199999999995,0.09397999999999998,0.6666666666666666,0.3333333333333333,0.039624000000000104,-0.24231599999999986,0.28193999999999997
87,US,1960,5,-0.21259833333333358,1.7325089666666678,0.4333333333333333,0.5666666666666667,3.0976824000000014,-0.5559560000000008,3.653638400000003
87,US,1970,6,-0.572771,0.3460747222222221,0.7083333333333334,0.2916666666666667,-0.6413536666666674,-2.5925803333333337,1.9512266666666662
87,US,1980,2,-0.19050000000000072,0.2547624999999994,0.41666666666666663,0.5833333333333333,0.15392499999999742,-0.46482000000000134,0.6187449999999988
87,US,1990,5,-0.15535928888888897,0.1425187055555557,0.4333333333333333,0.5666666666666667,-0.18349239999999956,-1.0079748000000006,0.8244824000000011
87,US,2000,3,-0.17216087619047618,0.07158422857142875,0.7857142857142857,0.2142857142857143,-0.7569193333333321,-1.3817573333333335,0.6248380000000013
87,US,2010,2,-0.0003809999999999647,0.08686799999999995,0.25,0.75,0.17297399999999996,-0.0007619999999999294,0.1737359999999999
88,US,1950,1,-0.27127199999999974,0.0,1.0,0.0,-0.8138159999999992,-0.8138159999999992,0.0
88,US,1960,1,-0.15361920000000007,0.1342644000000001,0.5,0.5,-0.19354799999999983,-1.5361920000000007,1.3426440000000008
88,US,1970,1,-0.13472159999999994,0.13152119999999998,0.5,0.5,-0.0320039999999997,-1.3472159999999995,1.3152119999999998
88,US,1980,3,-0.12170551111111126,0.16294348888888896,0.3925925925925926,0.6074074074074074,0.3144499999999996,-0.9738360000000009,1.2882860000000005
88,US,1990,5,-0.054027024285714285,0.07293319952380957,0.40714285714285714,0.5678571428571428,0.05303279999999955,-0.46421160000000017,0.5172443999999997
88,US,2000,6,-0.10919471666666651,0.05344159999999989,0.6083333333333333,0.2916666666666667,-0.3472186666666663,-0.8587746666666655,0.5115559999999992
88,US,2010,14,-0.09113862698412656,0.04941354761904742,0.5952380952380952,0.3886904761904762,-0.20693299999999923,-0.559959428571427,0.3530264285714277
88,US,2020,5,-0.03566633333333276,0.05242559999999994,0.8,0.2,0.010349200000002057,-0.09450199999999782,0.10485119999999988
89,US,1990,1,-0.004066666666666663,0.015250000000001762,0.3333333333333333,0.5,0.0671000000000106,-0.024399999999999977,0.09150000000001057
89,US,2000,4,-0.010419375000002517,0.07053000000000242,0.45625,0.49375,0.25906750000000045,-0.05180000000001783,0.3108675000000183
89,US,2010,4,-0.03791750000000036,0.014409999999999456,0.475,0.4,0.008764999999996803,-0.10783499999999435,0.11659999999999116
89,US,2020,2,-0.04648333333332507,0.004066666666661926,0.5,0.5,-0.12724999999998943,-0.1394499999999752,0.012199999999985778
9,US,1940,2,-1.0795,0.42006433333333393,0.7333333333333334,0.26666666666666666,-2.728724999999997,-4.076699999999999,1.3479750000000017
9,US,1950,15,-0.655190088888889,0.16673411111111142,0.7822222222222222,0.21777777777777776,-2.473859333333333,-3.3200859999999994,0.8462266666666669
9,US,1960,19,-0.7118751754385965,0.17792353508771933,0.8315789473684211,0.16842105263157894,-4.472057368421052,-5.597410526315789,1.1253531578947367
9,US,1970,18,-0.8511924038800704,0.26469525308641967,0.7204585537918872,0.2716049382716049,-3.779689444444445,-6.052481111111111,2.2727916666666657
9,US,1980,28,-0.7643924940476189,0.479584218962585,0.6923894557823129,0.30403911564625846,-2.540236071428571,-4.927798214285714,2.3875621428571425
9,US,1990,61,-0.9330447886416859,0.3272011958365858,0.7606492323705438,0.236072079104866,-2.8761854426229516,-4.374978098360656,1.4987926557377043
9,US,2000,37,-0.9778013249678242,0.16484524839124826,0.7692406692406693,0.23075933075933075,-4.0177602702702675,-4.950408648648646,0.9326483783783788
9,US,2010,18,-0.7860733796296296,0.19985416666666683,0.7916666666666666,0.20833333333333334,-2.354753888888889,-3.0542638888888893,0.6995100000000005
90,US,1960,2,-0.06299149999999991,0.2223763333333333,0.3333333333333333,0.6666666666666667,0.9563090000000003,-0.3779489999999994,1.3342579999999997
90,US,1970,3,-0.2070606666666667,0.09489466666666663,0.6555555555555556,0.3444444444444444,-0.6410939999999999,-0.9753593333333336,0.33426533333333364
90,US,1980,2,-0.17087805555555563,0.26030733333333345,0.41666666666666663,0.5833333333333333,0.7909570000000001,-1.4569400000000008,2.247897000000001
90,US,1990,6,-0.4910135833333338,0.8396286666666667,0.6666666666666666,0.3333333333333333,1.6959586666666648,-1.7355803333333348,3.4315389999999995
90,US,2000,12,-0.06772270833333334,0.05946799999999992,0.3333333333333333,0.6666666666666666,-0.05435500000000034,-0.27089083333333336,0.21653583333333304
90,US,2010,11,-0.07083090909090911,0.12693507272727267,0.4295454545454545,0.5704545454545454,0.1137461818181817,-0.32474963636363624,0.438495818181818
90,US,2020,1,-0.010160000000000021,0.044704,0.6666666666666666,0.3333333333333333,0.10363199999999995,-0.030480000000000063,0.134112
905,US,1950,2,-0.5170169999999998,0.3364229999999999,0.5,0.5,-0.36118799999999984,-1.0340339999999997,0.6728459999999998
905,US,1960,15,-0.46839601396825403,0.22569199873015874,0.62010582010582,0.3798941798941799,-0.7424928000000002,-2.0465292,1.3040364000000002
905,US,1970,19,-0.6531471780701753,0.45180324327485377,0.489327485380117,0.5054093567251462,-2.169293684210526,-5.245848631578947,3.076554947368421
905,US,1980,18,-0.4217294753086418,0.6655175123456791,0.44660493827160486,0.5478395061728395,1.4290883333333342,-2.1256416666666658,3.55473
91,US,1950,5,-0.12945830714285708,0.1809419928571428,0.48571428571428565,0.5142857142857142,0.3849600000000001,-1.0268707999999995,1.4118307999999995
91,US,1960,6,-0.09782795833333331,0.2398435833333333,0.44722222222222224,0.5527777777777777,1.2727939999999998,-0.6563346666666664,1.9291286666666663
91,US,1970,5,-0.11872974000000006,0.08512060000000003,0.4666666666666667,0.5333333333333333,-0.16520080000000004,-0.8165596000000003,0.6513588000000002
91,US,1980,87,-0.2582806741105637,0.4409612918992884,0.40093048713738366,0.5873563218390805,0.7260201149425287,-1.1305105977011494,1.856530712643678
91,US,1990,4,-0.4907588738095236,0.16645962857142793,0.6178571428571429,0.3821428571428571,-1.971686500000004,-3.3916809999999975,1.4199944999999934
91,US,2000,4,-0.527172442857143,0.1442025285714288,0.7178571428571429,0.28214285714285714,-2.1800794999999997,-3.4366120000000016,1.256532500000002
91,US,2010,4,-0.5784734500000005,0.46546945000000073,0.725,0.275,-1.1300399999999977,-5.784734500000005,4.654694500000007
91,US,2020,4,-0.30416466666666786,0.6915147500000002,0.5,0.5,0.6099814999999968,-0.9124940000000036,1.5224755000000005
92,US,1950,1,-0.06299333333333361,0.08839333333333362,0.3333333333333333,0.6666666666666666,0.07620000000000005,-0.18898000000000081,0.26518000000000086
92,US,1970,1,-0.010362000000000648,0.035963999999999885,0.4,0.6,0.12800999999999618,-0.05181000000000324,0.17981999999999942
92,US,1980,1,0.0,0.3317971428571432,0.0,1.0,2.322580000000002,0.0,2.322580000000002
92,US,1990,17,-0.11098320588235303,0.10672135294117649,0.5563725490196079,0.428921568627451,0.1519518823529408,-0.42627235294117677,0.5782242352941176
92,US,2000,2,-0.30060900000000007,0.021336000000000153,0.65,0.35,-2.792729999999999,-3.0060900000000004,0.21336000000000155
92,US,2010,2,-0.16169600000000062,0.002743000000000251,0.85,0.15,-1.5895300000000034,-1.616960000000006,0.027430000000002508
92,US,2020,2,-0.049529999999999554,0.0,1.0,0.0,-0.14858999999999867,-0.14858999999999867,0.0
93,US,1980,6,-0.17283055555555785,0.11554722222222107,0.5972222222222222,0.40277777777777773,-0.30456666666667803,-0.6655000000000086,0.3609333333333306
93,US,1990,6,-0.03862555555555652,0.03613833333333424,0.4666666666666666,0.4388888888888889,-0.032250000000000036,-0.23896666666667224,0.2067166666666722
93,US,2000,9,-0.06247910052910038,0.09650446031746124,0.48518518518518516,0.5148148148148147,0.21029222222222976,-0.5069555555555527,0.7172477777777826
93,US,2010,7,-0.10842571428571525,0.05373571428571507,0.6,0.39999999999999997,-0.19507142857142817,-0.3318000000000012,0.13672857142857303
94,US,1940,78,-0.4055808968864469,0.20584530427350428,0.5698107448107448,0.40976800976800976,-0.687578153846154,-1.4565340512820513,0.7689558974358974
94,US,1950,75,-0.5321011347724868,0.17299616034920634,0.6779312169312169,0.31517989417989417,-3.1186523466666665,-4.223613173333333,1.1049608266666666
94,US,1960,59,-1.0216588410546141,0.2329446704600484,0.7603914447134786,0.2374899112187248,-4.872744813559322,-6.1176715593220345,1.2449267457627118
94,US,1970,282,-0.9546173539710683,0.534576770907914,0.5791863672182821,0.41464736012608355,-2.2283373546099288,-5.169959631205673,2.9416222765957447
94,US,1980,331,-0.602004470850717,0.4050901316285426,0.5715892197765309,0.42273773557761474,-1.1040163746223566,-3.6290591359516617,2.525042761329305
94,US,1990,172,-0.7361838150101514,2.2791364788252126,0.3241486710963455,0.6706187707641196,10.738273488372094,-5.921351313953489,16.659624802325585
94,US,2000,163,-1.1750419931054632,1.8807773985100786,0.3448777875158243,0.6531283474535008,5.218286895705521,-8.318113680981595,13.536400576687116
94,US,2010,6,-0.1278128333333333,0.4108196333333334,0.21666666666666667,0.7833333333333333,2.8300680000000007,-1.278128333333333,4.108196333333333
94,US,2020,6,-0.04360333333333363,0.38751877777777805,0.1111111111111111,0.8888888888888888,1.0317463333333332,-0.1308100000000009,1.162556333333334
95,US,1950,13,-0.4933464102564105,0.038686153846153884,0.8397435897435896,0.08333333333333333,-1.3985638461538463,-1.5298623076923084,0.13129846153846167
95,US,1960,28,-0.2642486709183674,0.08491678443877562,0.6377125850340136,0.3313350340136054,-1.052757857142857,-1.4890578571428574,0.43630000000000047
95,US,1970,25,-0.3099945528571427,0.23491944809523807,0.5986666666666667,0.3973333333333333,-0.5489461599999997,-1.5394834399999997,0.9905372800000001
95,US,1980,35,-0.17405966088435387,0.17023991428571458,0.44030612244897954,0.5561224489795918,-0.1442166285714281,-0.8682869142857145,0.7240702857142864
95,US,1990,117,-0.45432409268755913,0.4858341455840455,0.48270587437254103,0.4802706552706552,-0.18797333333333296,-4.058918512820512,3.8709451794871783
95,US,2000,122,-0.14072195653135577,0.20498020967343195,0.5505497007546187,0.42214090554254485,-0.19804590163934513,-0.8590648196721312,0.661018918032786
95,US,2010,99,-0.08418658569023578,0.06385906464646471,0.5836700336700337,0.4007575757575757,-0.22829080808080826,-0.5338168686868696,0.3055260606060614
95,US,2020,34,-0.10094260784313729,0.02309154901960787,0.6960784313725491,0.28431372549019607,-0.18243194117647063,-0.2328582352941178,0.050426294117647166
96,US,1940,6,-0.18055188888888926,0.7517557222222222,0.5555555555555555,0.4444444444444444,1.0591806666666657,-0.44780233333333425,1.5069829999999997
96,US,1950,16,-0.6478287177083333,0.2546663357142856,0.6305803571428572,0.35379464285714285,-3.201163625,-4.468178624999999,1.2670149999999996
96,US,1960,43,-0.4397282875415282,0.6164398750830565,0.6068106312292358,0.39318936877076416,0.4215807441860465,-1.7817682325581394,2.203348976744186
96,US,1970,47,-0.8074773296183723,0.4870206775582574,0.6736575481256332,0.3242147922998987,-1.6335331063829786,-3.9144421702127663,2.2809090638297875
96,US,1980,10,-0.4743064583333333,0.42093121666666666,0.6533333333333333,0.3466666666666667,-0.44439619999999974,-3.0702472,2.625851
96,US,1990,10,-0.3047125666666667,0.5374475499999999,0.52,0.48,0.49270879999999967,-1.8726916,2.3654003999999995
96,US,2000,42,-0.3267588022108844,0.20463945154950866,0.6328609221466364,0.3504724111866969,-0.3895285238095236,-1.572043428571428,1.1825149047619046
96,US,2010,47,-0.22094461583924352,0.14617220685579196,0.657565011820331,0.3300236406619385,-0.4118990638297872,-1.2598651489361699,0.8479660851063826
97,US,1960,2,-0.08344400000000149,0.050604500000003584,0.525,0.475,-0.15848499999999177,-0.36197000000000656,0.2034850000000148
97,US,1990,8,-0.08260762499999989,0.17204879166666678,0.28888888888888886,0.6833333333333333,0.7478975000000014,-0.6958999999999993,1.4437975000000007
97,US,2000,9,-0.04527882098765429,0.14394235493827195,0.20833333333333334,0.7682098765432098,0.39862111111111276,-0.36932111111111077,0.7679422222222235
97,US,2010,6,-0.10066038333333278,0.17966604999999947,0.3958333333333333,0.6041666666666666,0.6624216666666666,-0.850139666666661,1.5125613333333277
97,US,2020,5,-0.062380666666666564,0.014830999999999862,0.7,0.3,-0.14325800000000016,-0.1798259999999999,0.036567999999999753
98,US,1940,2,0.0,0.18364199999999928,0.0,1.0,0.5509259999999978,0.0,0.5509259999999978
98,US,1950,2,-0.05444066666666666,0.07015500000000019,0.16666666666666666,0.8333333333333333,0.04876900000000095,-0.4899659999999999,0.5387350000000009
98,US,1960,2,-0.11986284999999959,0.1523235499999997,0.375,0.625,-0.036577999999999555,-0.9906009999999976,0.9540229999999981
98,US,1970,2,-0.09230399999999989,1.7034769999999997,0.3666666666666667,0.6333333333333333,7.976616999999999,-0.3528079999999991,8.329424999999999
98,US,1980,2,-0.035301000000002844,0.02692900000000442,0.5833333333333333,0.41666666666666663,-0.021315999999997004,-0.09447800000000584,0.07316200000000883
98,US,1990,6,-0.03465956296296276,0.05205373333333321,0.3537037037037037,0.5574074074074074,0.12724300000000177,-0.28320933333333215,0.4104523333333339
98,US,2000,7,-0.03039973650793641,0.04142926666666692,0.2761904761904762,0.7238095238095238,0.05594228571428683,-0.29783228571428466,0.3537745714285715
98,US,2010,5,-0.018196200000000714,0.09619680000000047,0.27999999999999997,0.72,0.20941560000000212,-0.16611400000000173,0.37552960000000385
98,US,2020,4,-0.02387750000000229,0.10134291666666773,0.5,0.5,0.14971999999999674,-0.07163250000000687,0.22135250000000362
99,US,2000,3,-0.4496820000000001,0.29667266666666653,0.5333333333333333,0.4666666666666666,-0.7650466666666679,-2.2484100000000002,1.4833633333333325
99,US,2010,30,-0.2968442797619048,0.19968827261904767,0.5276190476190475,0.4676190476190476,-0.24450033333333315,-1.1799827333333333,0.9354824000000002
99,US,2020,6,-0.41393277777777726,0.12183055555555455,0.638888888888889,0.3611111111111111,-0.7200950000000012,-0.9771333333333327,0.25703833333333154
