StnID,Year,Lat,Lon,Anomaly,SourceType
40000060,1992,54.6483,-110.5095,-23.426999999999996,depth
40000060,1995,54.6483,-110.5095,38.20100000000001,depth
40000060,2000,54.6483,-110.5095,-21.554000000000002,depth
40001625,1981,49.8944,-97.12342,-24.610000000000003,depth
40001625,1985,49.8944,-97.12342,22.175,depth
40001890,1977,50.1467,-96.87906,21.939999999999998,elev
40001890,2017,50.1467,-96.87906,27.474999999999994,elev
40001897,1977,50.1423,-96.8703,25.504999999999995,elev
40001897,2017,50.1423,-96.8703,23.460000000000008,elev
100000198,2020,-44.3813,170.9674,-19.6325,depth
100000846,2016,-44.0631,171.3737,22.0,depth
100000865,2018,-43.863,171.4277,20.75,depth
100000921,2009,-43.9399,171.4619,23.700000000000003,depth
100000921,2010,-43.9399,171.4619,-20.0,depth
100000921,2012,-43.9399,171.4619,28.25,depth
100000939,2010,-43.9403,171.4528,-28.0,depth
100000939,2012,-43.9403,171.4528,35.5,depth
100001194,1978,-43.4731,172.2092,23.39,depth
100001196,1986,-43.4903,172.0408,20.065,depth
100001226,1986,-43.5352,172.0655,19.870000000000005,depth
100001612,2011,-43.8734,172.1186,31.450000000000003,depth
100001801,2020,-43.0992,172.7378,-19.588500000000003,depth
170000204,2012,50.1975,5.284637,20.830000000000002,depth
240000034,1999,57.7191,18.70937,-25.61,depth
240000034,2001,57.7191,18.70937,21.6,depth
240000035,2003,57.7191,18.70937,21.15,depth
240000045,2004,57.7195,18.72672,-28.05,depth
240000053,1992,57.7191,18.70937,21.130000000000003,depth
240000054,2000,57.7289,18.70033,22.21,depth
240000956,1982,56.2108,15.38768,-22.235,depth
240000957,1982,56.2121,15.38942,-24.14,depth
240000958,1982,56.2159,15.39455,-24.855,depth
330000097,2012,42.765,2.826557,-22.915,depth
330000097,2013,42.765,2.826557,22.255,depth
330000154,1985,42.9569,9.357645,-20.755,depth
330000154,1986,42.9569,9.357645,20.65,depth
330000188,2006,43.1678,2.577477,-21.810000000000002,depth
330000188,2013,43.1678,2.577477,25.035000000000004,depth
330000188,2014,43.1678,2.577477,-27.305,depth
330000188,2018,43.1678,2.577477,20.824999999999996,depth
330000188,2020,43.1678,2.577477,26.199999999999996,depth
330000198,2016,43.2178,5.496517,-23.629999999999995,depth
330000347,2009,43.4634,5.807721,36.754999999999995,depth
330000347,2011,43.4634,5.807721,-34.089999999999996,depth
330000347,2016,43.4634,5.807721,-21.805000000000007,depth
330000390,1976,43.5342,3.694868,25.54,depth
330000390,1989,43.5342,3.694868,-21.265,depth
330000390,1994,43.5342,3.694868,19.810000000000002,depth
330000390,1995,43.5342,3.694868,-21.525,depth
330000390,1996,43.5342,3.694868,24.615000000000002,depth
330000390,1999,43.5342,3.694868,24.835,depth
330000390,2000,43.5342,3.694868,-24.200000000000003,depth
330000390,2018,43.5342,3.694868,21.93,depth
330000390,2019,43.5342,3.694868,-27.51,depth
330000391,1989,43.5342,3.694744,-21.265,depth
330000391,1996,43.5342,3.694744,21.47,depth
330000391,2005,43.5342,3.694744,-23.045,depth
330000508,2008,43.6045,1.390182,-73.545,depth
330000727,2019,43.7323,3.796906,-20.010000000000005,depth
330000831,2010,43.8545,3.912937,29.895000000000003,depth
330000831,2011,43.8545,3.912937,-36.995,depth
330000831,2018,43.8545,3.912937,21.520000000000003,depth
330000853,2013,43.873,0.2215737,22.805000000000007,depth
330000918,2001,43.9793,4.250148,23.224999999999994,elev
330000935,2007,43.9986,4.607333,-52.254999999999995,depth
330000935,2008,43.9986,4.607333,47.535,depth
330000935,2012,43.9986,4.607333,-25.049999999999997,depth
330000935,2016,43.9986,4.607333,-22.61999999999999,depth
330001264,2013,44.5885,1.081192,22.235,depth
330001433,2020,44.745,-0.5815301,24.78,depth
330001513,2010,44.7945,-1.148215,-27.94,depth
330001768,1999,45.0259,0.6799797,-29.57,depth
330001768,2000,45.0259,0.6799797,29.86,depth
330001829,1989,45.1109,0.4674716,-22.025000000000002,depth
330001829,1993,45.1109,0.4674716,-19.549999999999997,depth
330001972,2016,45.3611,0.1068895,-26.669999999999998,depth
330002005,2007,45.4111,0.515654,-20.975,depth
330002180,2011,45.7547,-0.74334,-54.025000000000006,depth
330002180,2012,45.7547,-0.74334,47.995000000000005,depth
330002181,2020,45.7672,-0.6909018,21.269999999999996,depth
330002327,2006,46.0293,0.2275448,26.159999999999997,depth
330002327,2009,46.0293,0.2275448,-22.400000000000006,depth
330002327,2011,46.0293,0.2275448,-24.52000000000001,depth
330002327,2012,46.0293,0.2275448,32.06,depth
330002327,2014,46.0293,0.2275448,-28.960000000000008,depth
330002327,2018,46.0293,0.2275448,34.360000000000014,depth
330002327,2019,46.0293,0.2275448,-21.680000000000007,depth
330002327,2020,46.0293,0.2275448,50.56,depth
330002385,1994,46.1661,-1.362371,43.900000000000034,depth
330002385,1995,46.1661,-1.362371,-26.310000000000002,depth
330002385,1996,46.1661,-1.362371,-22.819999999999993,depth
330002385,1998,46.1661,-1.362371,24.75999999999999,depth
330002385,2005,46.1661,-1.362371,-22.83499999999998,depth
330002385,2006,46.1661,-1.362371,34.44,depth
330002385,2007,46.1661,-1.362371,43.64499999999998,depth
330003049,1986,47.7547,-1.128718,-19.54,depth
330003049,1989,47.7547,-1.128718,-23.909999999999997,depth
330004673,1996,49.125,5.993927,-20.25,depth
330004706,1996,49.1413,5.877287,37.400000000000006,depth
330004706,1997,49.1413,5.877287,69.49,depth
330004706,1998,49.1413,5.877287,44.614999999999995,depth
330004819,1995,49.2602,5.717063,33.019999999999996,depth
330004819,1996,49.2602,5.717063,26.64,depth
330004819,1997,49.2602,5.717063,34.370000000000005,depth
330004819,1998,49.2602,5.717063,28.629999999999995,depth
330004861,1995,49.308,5.890212,39.764999999999986,depth
330004861,1996,49.308,5.890212,25.090000000000003,depth
330004861,1997,49.308,5.890212,32.59,depth
330004861,1998,49.308,5.890212,31.13000000000001,depth
330004872,1998,49.3207,5.908205,29.740000000000002,depth
330004914,2007,49.385,5.938317,42.92999999999998,depth
330004914,2008,49.385,5.938317,22.460000000000008,depth
330004919,2007,49.3871,5.967092,68.87,depth
330004919,2008,49.3871,5.967092,23.599999999999994,depth
330004923,2007,49.4004,6.009123,20.375,depth
330004923,2008,49.4004,6.009123,22.36499999999998,depth
330005285,1976,50.2213,3.927474,-20.12,depth
330005285,1977,50.2213,3.927474,-20.049999999999997,depth
330005285,1981,50.2213,3.927474,21.58,depth
330005482,1989,50.443,2.788085,-23.689999999999998,depth
330005556,2002,50.5362,2.037602,22.310000000000002,depth
330005556,2003,50.5362,2.037602,-29.03,depth
330005655,1990,50.6773,2.373951,-26.45,depth
420010262,2012,37.5333,115.2667,21.47,depth
900000844,2012,56.9981,8.62275,19.660000000000004,elev
900001709,2012,56.774,9.5154,20.259999999999998,elev
1000000629,1984,40.7061,-89.40898,60.04559999999999,depth
1000000922,2022,40.7122,-111.4835,-45.8724,depth
1000001332,2011,40.7204,-111.9371,-22.7015,depth
1000001332,2012,40.7204,-111.9371,23.3172,depth
1000011143,1992,40.9738,-116.4265,-40.233599999999996,depth
1000012367,1992,41.0194,-116.4256,-78.02879999999999,depth
1000012367,1993,41.0194,-116.4256,-53.644800000000004,depth
1000017388,1973,41.1674,-117.6301,21.061679999999996,depth
1000018452,1973,41.1938,-117.649,-19.68398,depth
1000018667,1974,41.201,-117.6485,-21.32076,depth
1000018758,1973,41.2038,-117.6601,-25.11552,depth
1000018758,1974,41.2038,-117.6601,-21.137879999999996,depth
1000018758,1975,41.2038,-117.6601,38.28287999999999,depth
1000018773,2001,41.2045,-97.08281,-20.506939999999997,depth
1000037784,1999,41.6658,-91.53739,-36.2712,depth
1000037784,2002,41.6658,-91.53739,25.603200000000008,depth
1000039626,1967,41.6972,-93.06492,-27.121100000000006,depth
1000041930,2002,41.7461,-91.59323,20.711159999999992,depth
1000044733,2003,41.8003,-91.496,30.327600000000004,depth
1000044931,2009,41.8047,-96.47922,32.958026,depth
1000047183,1987,41.8636,-88.10479,25.38984,depth
1000056976,1981,42.1301,-75.07489,19.6596,depth
1000057736,1991,42.1524,-122.64,21.288749999999997,depth
1000057737,1991,42.1524,-122.64,23.769830000000002,depth
1000059293,2007,42.1983,-121.733,26.365199999999998,depth
1000060236,1994,42.2331,-88.54231,-23.082500000000003,depth
1000060502,2010,42.2422,-88.30786,35.35679999999999,depth
1000060502,2011,42.2422,-88.30786,-32.61359999999999,depth
1000060623,1997,42.2469,-113.9106,21.61945,depth
1000061184,1992,42.2721,-113.8889,-34.1315,depth
1000061562,2008,42.2904,-121.668,-32.38805,depth
1000061826,1997,42.301,-113.8758,-22.1742,depth
1000061877,1995,42.3032,-114.022,32.961100000000016,depth
1000062409,1995,42.3285,-114.0328,58.565792,depth
1000062769,1985,42.3452,-113.9986,22.42109,depth
1000062769,1998,42.3452,-113.9986,26.00249000000001,depth
1000063865,2002,42.3964,-94.63276,19.964399999999998,depth
1000064165,1997,42.4066,-114.1017,22.45763000000001,depth
1000064264,1994,42.4102,-114.1948,-89.22866,depth
1000064265,1989,42.4102,-114.1967,-22.908699999999982,depth
1000064265,1990,42.4102,-114.1967,22.69229999999999,depth
1000064392,1967,42.4141,-114.2098,-27.62402,depth
1000064778,1996,42.4263,-114.1084,-19.52854,depth
1000064938,1995,42.4319,-114.1998,53.961791999999996,depth
1000064938,1996,42.4319,-114.1998,-45.186602,depth
1000065181,1993,42.4394,-114.1989,48.43272,depth
1000065181,1994,42.4394,-114.1989,-19.744939999999996,depth
1000065181,1996,42.4394,-114.1989,-50.76444000000001,depth
1000065181,1997,42.4394,-114.1989,29.538170000000008,depth
1000065553,1987,42.4482,-114.2006,-22.48814,depth
1000065553,1993,42.4482,-114.2006,20.895570000000006,depth
1000065592,1986,42.4492,-121.3611,26.310336,depth
1000065613,1998,42.4499,-114.1903,-19.92783,depth
1000066702,1996,42.4805,-95.28777,-21.407629999999997,depth
1000073036,1976,42.6366,-114.5084,-28.882839999999998,depth
1000074239,1980,42.6691,-94.95443,20.621244,depth
1000079445,2000,42.8319,-114.6517,-20.479519999999997,depth
1000085268,1950,43.0033,-87.9637,59.43599999999999,depth
1000085337,1944,43.0056,-87.96731,-22.86,depth
1000085396,1955,43.0072,-87.96231,20.421599999999998,depth
1000085498,1951,43.01,-87.96231,-33.528,depth
1000085498,1953,43.01,-87.96231,21.9456,depth
1000086988,1955,43.0453,-87.92342,26.822400000000002,depth
1000087193,1963,43.0499,-115.8512,-24.384,depth
1000087193,1964,43.0499,-115.8512,24.384,depth
1000087202,1964,43.0503,-88.00314,34.71672,depth
1000088973,1987,43.0972,-114.4322,-21.249129999999994,depth
1000088973,1993,43.0972,-114.4322,20.843739999999997,depth
1000088973,1994,43.0972,-114.4322,-22.802080000000004,depth
1000089902,1988,43.1314,-93.20104,19.52548999999999,depth
1000090003,1977,43.1325,-93.22187,23.286719999999995,depth
1000090890,1977,43.1591,-93.1952,24.384,depth
1000090890,1988,43.1591,-93.1952,-25.6032,depth
1000090924,1977,43.1633,-93.1952,20.116799999999998,depth
1000091438,1977,43.1764,-87.96925,28.949899999999996,depth
1000091874,1968,43.1897,-93.21215,-25.38221999999999,depth
1000099611,1918,43.5088,-116.751,23.4696,depth
1000100491,1993,43.5424,-116.1571,-23.039839999999998,depth
1000101461,1933,43.5613,-116.5985,19.690080000000002,depth
1000101742,1965,43.5702,-112.9606,21.45792,depth
1000101742,1966,43.5702,-112.9606,-21.616419999999998,depth
1000101742,1969,43.5702,-112.9606,25.938480000000002,depth
1000101742,1987,43.5702,-112.9606,-22.79752,depth
1000108955,1951,43.7955,-112.3569,36.09442,depth
1000111659,1976,43.9077,-111.533,22.158960000000008,depth
1000111764,1976,43.9132,-111.5441,31.55292,depth
1000111764,1977,43.9132,-111.5441,-26.43226,depth
1000111971,1966,43.9238,-111.3827,-39.16833,depth
1000111971,1967,43.9238,-111.3827,-56.59377,depth
1000112109,1967,43.9313,-111.3883,39.194230000000005,depth
1000112211,1996,43.9361,-104.7255,-20.41859999999997,depth
1000113620,1987,43.9933,-102.2421,31.7449,depth
1000113708,1971,43.9972,-102.2393,20.726399999999998,depth
1000114392,2010,44.0291,-92.43849,-24.07615,depth
1000115897,1991,44.0791,-103.2718,-19.964399999999998,depth
1000116130,1994,44.0916,-104.6366,-25.302970000000002,depth
1000116130,1995,44.0916,-104.6366,28.980382000000006,depth
1000116973,1977,44.1353,-102.6163,-25.526999999999987,depth
1000126271,1981,44.4235,-118.9586,30.784800000000004,depth
1000126358,1990,44.4278,-104.8269,-46.821799999999996,depth
1000126358,1996,44.4278,-104.8269,-19.714500000000015,depth
1000127481,1999,44.4608,-104.3633,21.826700000000017,depth
1000127481,2005,44.4608,-104.3633,-19.51169999999999,depth
1000127482,1985,44.4608,-104.3633,-30.979900000000015,depth
1000127482,1988,44.4608,-104.3633,26.755300000000005,depth
1000127688,1984,44.4694,-97.45008,23.771349999999998,depth
1000129015,2012,44.5116,-92.95108,-23.13737,depth
1000129220,1958,44.52,-88.01899,43.26941,depth
1000129256,1949,44.5222,-88.01872,-29.565599999999996,depth
1000129256,1951,44.5222,-88.01872,-22.4028,depth
1000130030,1958,44.5411,-88.00871,25.1079,depth
1000131282,1965,44.5921,-121.2542,19.65960000000001,depth
1000134795,1964,44.6855,-103.7233,-23.195280000000004,depth
1000134958,1985,44.694,-123.4273,-26.19756,depth
1000139032,1977,44.7936,-97.79703,-30.083760000000005,depth
1000141390,1963,44.8096,-122.7531,-26.2128,depth
1000146289,1980,44.9114,-104.0238,-20.324062,depth
1000159628,1978,45.0791,-93.25458,19.592540000000007,depth
1000186423,1986,45.4168,-122.8004,25.29535,depth
1000186543,1961,45.426,-122.8154,-24.384,depth
1000186543,1967,45.426,-122.8154,-21.6408,depth
1000186643,1984,45.4312,-119.6872,-36.14928,depth
1000186643,1985,45.4312,-119.6872,26.91079,depth
1000186706,1981,45.4353,-106.1842,-26.23718,depth
1000188081,1988,45.446,-122.6293,-33.64992,depth
1000188236,1984,45.4537,-120.7514,34.113212,depth
1000189318,1988,45.4671,-122.4168,31.699199999999998,depth
1000190329,1978,45.479,-122.8409,-24.765,depth
1000190329,1986,45.479,-122.8409,27.435050000000004,depth
1000191122,1980,45.4996,-118.8289,-22.82952,depth
1000193640,1977,45.5525,-119.443,21.336,depth
1000193778,1984,45.5612,-120.1675,-46.16959999999999,depth
1000193778,1985,45.5612,-120.1675,47.10379999999999,depth
1000193898,1981,45.5687,-121.1617,-27.40457,depth
1000193905,1976,45.5693,-121.2484,33.83279999999999,depth
1000193905,1981,45.5693,-121.2484,24.9936,depth
1000196533,1993,45.6054,-119.8156,-22.174199999999985,depth
1000196533,1995,45.6054,-119.8156,20.48859999999999,depth
1000196533,1999,45.6054,-119.8156,32.250900000000016,depth
1000197974,1971,45.6379,-119.4658,38.404799999999994,depth
1000197982,1969,45.6391,-119.5902,-22.06904,depth
1000197982,1971,45.6391,-119.5902,-22.617680000000007,depth
1000198051,1988,45.6429,-119.9575,-36.67049,depth
1000198254,1978,45.654,-119.6018,-20.973290000000006,depth
1000198254,1980,45.654,-119.6018,25.213099999999997,depth
1000198867,1972,45.6614,-119.5303,-28.995619999999995,depth
1000199067,1973,45.6696,-119.3945,-31.14141,depth
1000199505,1986,45.6706,-118.6842,-21.476210000000002,depth
1000199633,1973,45.6755,-119.3933,-41.86428,depth
1000199798,1980,45.6821,-119.2612,21.67738,depth
1000199828,1977,45.6828,-119.2801,59.89319999999999,depth
1000199829,1961,45.6829,-119.384,97.03155600000001,depth
1000199829,1968,45.6829,-119.384,-20.726399999999998,depth
1000199829,1973,45.6829,-119.384,-39.904419999999995,depth
1000199829,1974,45.6829,-119.384,21.253699999999995,depth
1000199829,1977,45.6829,-119.384,22.049239999999998,depth
1000199829,1984,45.6829,-119.384,-30.71011,depth
1000200485,1977,45.6954,-119.2581,-19.888199999999998,depth
1000200485,1980,45.6954,-119.2581,-21.77186,depth
1000200529,1977,45.6983,-105.9994,20.62886,depth
1000201495,1980,45.7237,-118.995,56.72634,depth
1000201582,1968,45.7289,-98.62232,29.535119999999996,depth
1000201582,1969,45.7289,-98.62232,-28.133039999999994,depth
1000201582,1973,45.7289,-98.62232,-21.09216,depth
1000201760,1987,45.7374,-119.3584,-80.25992,depth
1000201847,1980,45.743,-119.1867,-25.53609999999999,depth
1000201847,1981,45.743,-119.1867,54.796899999999994,depth
1000201847,1985,45.743,-119.1867,49.1033,depth
1000202288,1983,45.7448,-119.3591,30.41904000000001,depth
1000202288,1984,45.7448,-119.3591,-21.97608000000001,depth
1000202394,1976,45.7504,-119.1442,-34.07664,depth
1000202394,1977,45.7504,-119.1442,26.162509999999997,depth
1000202394,1984,45.7504,-119.1442,-51.709320000000005,depth
1000202394,1985,45.7504,-119.1442,46.893480000000004,depth
1000202433,1984,45.7518,-119.5547,-39.25367000000001,depth
1000202477,1979,45.7537,-119.0744,27.459429999999998,depth
1000202501,1980,45.7554,-119.1506,39.52951,depth
1000202571,1979,45.7598,-119.1424,-34.34490000000001,depth
1000202571,1980,45.7598,-119.1424,41.202900000000014,depth
1000202571,1981,45.7598,-119.1424,92.14714,depth
1000202571,2004,45.7598,-119.1424,-20.769070000000006,depth
1000202584,1978,45.7603,-119.1168,34.68929,depth
1000202584,2005,45.7603,-119.1168,20.06498,depth
1000202588,1979,45.7599,-119.1086,30.02279999999999,depth
1000202588,1981,45.7599,-119.1086,30.761940000000003,depth
1000202588,1985,45.7599,-119.1086,36.289489999999994,depth
1000202635,1981,45.7619,-119.1734,-21.168359999999993,depth
1000202661,1976,45.7631,-119.362,-61.72200000000001,depth
1000202661,1984,45.7631,-119.362,-21.235420000000005,depth
1000203169,2000,45.767,-118.57,-19.71447,depth
1000203182,1981,45.7691,-119.1167,88.18016,depth
1000203182,1984,45.7691,-119.1167,-30.65831,depth
1000203182,1985,45.7691,-119.1167,26.836109999999998,depth
1000203182,2004,45.7691,-119.1167,-20.564879999999988,depth
1000203182,2005,45.7691,-119.1167,28.197069999999997,depth
1000203325,1968,45.7735,-118.5536,-20.4216,depth
1000203534,1983,45.7812,-119.2186,-38.517579999999995,depth
1000203597,1978,45.784,-119.1261,-34.48812,depth
1000203597,1979,45.784,-119.1261,34.241232000000004,depth
1000203678,1982,45.7879,-119.225,-41.01390000000001,depth
1000203678,1985,45.7879,-119.225,43.144450000000006,depth
1000203678,1992,45.7879,-119.225,-20.418600000000012,depth
1000203834,1979,45.7941,-119.2096,20.071060000000003,depth
1000204308,1984,45.7971,-119.295,-24.073099999999997,depth
1000204326,1984,45.7971,-119.0791,-24.134068,depth
1000204446,1979,45.8018,-119.059,19.769320000000004,depth
1000204559,1992,45.8071,-119.1322,-25.462990000000005,depth
1000204607,2004,45.8087,-118.4983,36.576,depth
1000204607,2005,45.8087,-118.4983,-19.812000000000005,depth
1000204762,1969,45.8149,-119.262,-59.436,depth
1000205030,1979,45.8251,-119.127,50.292,depth
1000205597,1985,45.834,-119.3379,24.51354,depth
1000205678,1975,45.8362,-119.2867,-19.811999999999998,depth
1000205804,1998,45.8398,-119.3495,40.946830000000006,depth
1000205804,1999,45.8398,-119.3495,-42.11421,depth
1000205804,2000,45.8398,-119.3495,43.09262,depth
1000205804,2001,45.8398,-119.3495,-44.48251,depth
1000205897,2000,45.8449,-119.3368,21.116550000000004,depth
1000205935,2000,45.846,-119.177,36.566849999999995,depth
1000206109,2000,45.8541,-118.6601,-60.62472,depth
1000206131,1986,45.8516,-119.2076,51.267360000000004,depth
1000207241,1976,45.8922,-106.3792,25.193239999999996,depth
1000207405,1977,45.9029,-119.3122,-19.859242,depth
1000208142,1991,45.9254,-116.1126,-27.247600000000006,depth
1000208173,1971,45.9276,-118.3833,-34.442400000000006,depth
1000208173,1972,45.9276,-118.3833,30.480000000000004,depth
1000208173,1976,45.9276,-118.3833,-27.889200000000002,depth
1000208173,1977,45.9276,-118.3833,25.908,depth
1000208173,1979,45.9276,-118.3833,-36.57599999999999,depth
1000209288,1981,45.9865,-119.9092,-49.3776,depth
1000209288,1982,45.9865,-119.9092,-19.659599999999998,depth
1000209288,1983,45.9865,-119.9092,64.6176,depth
1000209922,1984,46.0068,-118.3152,-24.384,depth
1000210116,1975,46.0207,-118.3291,-32.156400000000005,depth
1000210137,1970,46.0218,-118.3566,-21.09216,depth
1000210139,1974,46.0218,-118.3783,-31.6992,depth
1000210139,1975,46.0218,-118.3783,24.384,depth
1000210746,1969,46.0362,-118.3033,-25.84704,depth
1000210821,1970,46.0424,-118.253,-34.4424,depth
1000210861,1981,46.0442,-101.2318,-24.07311,depth
1000210864,1981,46.0444,-101.0032,72.14618000000002,depth
1000210893,1972,46.0471,-118.4222,-19.49806,depth
1000211612,2019,46.0716,-118.2887,-45.72,depth
1000211619,1984,46.0732,-118.3594,34.1376,depth
1000211619,1985,46.0732,-118.3594,-55.9308,depth
1000211678,1970,46.0787,-118.3669,-24.8412,depth
1000211753,2021,46.0875,-118.2553,20.726399999999998,depth
1000211756,1969,46.0889,-118.2529,21.336,depth
1000211862,1986,46.0963,-108.8838,40.447,depth
1000212025,1964,46.1107,-123.624,-23.58695,depth
1000212064,1974,46.1144,-118.2634,-23.622,depth
1000212064,2020,46.1144,-118.2634,-30.479999999999997,depth
1000212202,1971,46.1262,-118.1947,-24.6888,depth
1000212202,1972,46.1262,-118.1947,26.5176,depth
1000214081,1984,46.2065,-119.7528,25.527,depth
1000214729,1988,46.2239,-119.9931,31.699199999999998,depth
1000215294,1977,46.2587,-119.7067,19.863816,depth
1000216419,2001,46.2996,-119.4195,-24.835099999999997,depth
1000216442,1987,46.3003,-119.3156,30.001464000000002,depth
1000217013,1987,46.3115,-120.0178,-25.2984,depth
1000217047,1985,46.3125,-119.8671,26.974799999999995,depth
1000217047,1987,46.3125,-119.8671,-31.790640000000003,depth
1000219504,1994,46.4007,-120.0373,20.116800000000012,depth
1000219557,1959,46.4035,-119.0986,33.39694,depth
1000219559,1995,46.4042,-120.1783,-53.339999999999996,depth
1000220402,1969,46.4283,-90.23351,93.57360000000006,depth
1000220402,1970,46.4283,-90.23351,55.473599999999976,depth
1000220402,1971,46.4283,-90.23351,78.79079999999999,depth
1000220402,1972,46.4283,-90.23351,57.45479999999998,depth
1000220402,1973,46.4283,-90.23351,88.39200000000002,depth
1000220501,1986,46.4356,-120.2014,-19.705299999999994,depth
1000221441,1983,46.4783,-120.2631,-28.072099999999992,depth
1000221441,1987,46.4783,-120.2631,-22.00649999999999,depth
1000221486,1988,46.4875,-120.3564,21.0312,depth
1000222227,1989,46.5072,-120.062,-20.8788,depth
1000222227,1991,46.5072,-120.062,24.9936,depth
1000222271,2000,46.505,-120.0915,-27.355799999999988,depth
1000222283,1984,46.5112,-120.063,-22.646599999999992,depth
1000222301,1997,46.5152,-120.2062,-32.68979999999999,depth
1000222431,1997,46.5249,-120.2028,27.127200000000002,depth
1000222432,2001,46.5212,-120.6955,34.527744,depth
1000222432,2002,46.5212,-120.6955,-38.365173999999996,depth
1000222437,1982,46.5222,-120.2196,28.651200000000003,depth
1000222437,1986,46.5222,-120.2196,-20.116799999999998,depth
1000222449,2001,46.5235,-120.2956,-23.1648,depth
1000223019,1992,46.533,-120.3457,26.60904,depth
1000223056,1994,46.5347,-120.3611,26.517599999999995,depth
1000223056,2001,46.5347,-120.3611,-21.336,depth
1000223134,2001,46.5416,-120.2586,-34.222939999999994,depth
1000223181,1980,46.5409,-120.6922,23.820120000000003,depth
1000224424,1986,46.5763,-118.7958,-34.251900000000006,depth
1000224425,1986,46.5771,-120.4405,-19.9644,depth
1000224474,1986,46.5845,-119.7975,-41.452799999999996,depth
1000226862,1984,46.6726,-118.4689,-31.242000000000004,depth
1000226945,1987,46.6776,-120.7807,-23.4696,depth
1000226968,2001,46.6774,-120.6141,51.81296,depth
1000226968,2002,46.6774,-120.6141,-51.3649,depth
1000227032,1981,46.6785,-118.89,-35.20439999999999,depth
1000227032,1985,46.6785,-118.89,-21.4914,depth
1000227771,1984,46.7046,-119.8795,25.258799999999994,depth
1000228267,1978,46.7285,-117.2224,26.898599999999995,depth
1000228302,1987,46.7296,-118.9314,64.31280000000001,depth
1000228494,1987,46.7401,-119.2728,20.116800000000005,depth
1000228494,1988,46.7401,-119.2728,28.041600000000003,depth
1000229365,1968,46.7643,-118.5922,-32.019239999999996,depth
1000229365,1969,46.7643,-118.5922,33.8328,depth
1000229422,1975,46.7671,-118.9206,-45.41520000000001,depth
1000229523,1966,46.7736,-104.6375,-19.86232000000001,depth
1000229523,1967,46.7736,-104.6375,-33.47919999999999,depth
1000229616,1978,46.7765,-118.5469,22.189399999999992,depth
1000229619,1969,46.7777,-118.8038,-27.127200000000002,depth
1000230710,1967,46.8165,-118.9942,-31.359349999999992,depth
1000230710,1968,46.8165,-118.9942,28.512519999999995,depth
1000230710,1973,46.8165,-118.9942,-28.925520000000006,depth
1000230710,1974,46.8165,-118.9942,-28.346400000000003,depth
1000230710,1975,46.8165,-118.9942,51.96840000000001,depth
1000230710,1976,46.8165,-118.9942,-63.246,depth
1000230710,1977,46.8165,-118.9942,42.3672,depth
1000230806,1978,46.8179,-119.155,22.2504,depth
1000230811,1981,46.8186,-103.9663,26.85136,depth
1000230851,1981,46.8204,-118.9356,-26.9961,depth
1000230851,1982,46.8204,-118.9356,36.0548,depth
1000230851,1985,46.8204,-118.9356,-24.9936,depth
1000231350,1979,46.826,-119.1697,-24.0792,depth
1000231451,1984,46.8296,-119.1583,-22.28088000000001,depth
1000231510,1987,46.8325,-101.4538,39.10584,depth
1000231540,1978,46.8363,-118.7689,21.15310000000001,depth
1000231844,1983,46.8499,-118.7325,19.507199999999997,depth
1000231844,1984,46.8499,-118.7325,-36.27119999999999,depth
1000231847,1982,46.8521,-119.0056,23.4696,depth
1000231847,1984,46.8521,-119.0056,-25.908,depth
1000231985,1973,46.8594,-118.9517,30.175200000000004,depth
1000232034,1969,46.8588,-118.75,30.2971,depth
1000232060,1984,46.8607,-119.9437,19.50262,depth
1000232060,1985,46.8607,-119.9437,-22.914859999999997,depth
1000232937,1984,46.8788,-118.7701,-28.041600000000003,depth
1000232973,1983,46.8799,-118.7514,25.2984,depth
1000232973,1984,46.8799,-118.7514,-30.175200000000004,depth
1000233427,1963,46.8996,-119.8323,-56.11825,depth
1000233427,1964,46.8996,-119.8323,-48.044099999999986,depth
1000233542,1978,46.9058,-103.9858,29.812489999999997,depth
1000233542,1979,46.9058,-103.9858,-47.112939999999995,depth
1000233542,1982,46.9058,-103.9858,93.098114,depth
1000233897,1959,46.9224,-119.4539,37.94760000000001,depth
1000233970,1980,46.9246,-118.9094,28.132999999999996,depth
1000234880,1964,46.9485,-119.5509,22.97735,depth
1000236236,1973,46.9804,-118.6139,34.13759999999999,depth
1000236572,1970,46.9943,-118.7719,-42.73294000000001,depth
1000236572,1971,46.9943,-118.7719,-35.84449999999998,depth
1000237576,1974,47.0421,-118.8978,24.316940000000002,depth
1000237576,1975,47.0421,-118.8978,-19.658069999999995,depth
1000238131,1977,47.0471,-118.9386,23.75916,depth
1000238155,2001,47.0454,-120.4226,-33.524950000000004,depth
1000238253,1994,47.0518,-119.6839,-28.16809,depth
1000238253,1995,47.0518,-119.6839,51.174400000000006,depth
1000238253,2003,47.0518,-119.6839,-21.784059999999997,depth
1000239182,1959,47.0885,-119.9201,31.478219999999997,depth
1000239929,1971,47.1018,-118.8486,31.394400000000005,depth
1000240351,1972,47.116,-119.0653,-30.02279999999999,depth
1000240448,1970,47.1193,-118.7372,-46.207679999999996,depth
1000240941,1969,47.1407,-118.8758,20.071079999999995,depth
1000241054,1969,47.1465,-118.9053,-24.292559999999995,depth
1000241236,1969,47.1557,-119.1397,26.2128,depth
1000242026,1965,47.1757,-118.5883,-21.354290000000006,depth
1000242026,1967,47.1757,-118.5883,-40.06595999999999,depth
1000242311,1977,47.189,-119.0445,-54.864000000000004,depth
1000242376,2000,47.1923,-120.9696,33.79622,depth
1000242376,2001,47.1923,-120.9696,-37.45382,depth
1000242530,1967,47.1979,-118.7986,21.300969999999992,depth
1000242617,1968,47.2007,-118.3944,-57.637679999999996,depth
1000242617,1969,47.2007,-118.3944,37.337999999999994,depth
1000242736,1970,47.2107,-119.0553,-26.029920000000004,depth
1000242738,1976,47.2107,-119.0553,-25.6032,depth
1000243428,1966,47.2224,-118.7769,-34.392109999999995,depth
1000243491,1970,47.2221,-118.7878,-32.73552,depth
1000243492,1976,47.2221,-118.7878,-39.623999999999995,depth
1000243506,1977,47.2257,-119.1517,-24.6888,depth
1000243653,1984,47.2307,-118.5803,-44.5008,depth
1000244618,1968,47.2607,-118.9533,-24.384000000000007,depth
1000244618,1970,47.2607,-118.9533,-30.266639999999995,depth
1000244879,1972,47.271,-118.5114,-20.421599999999998,depth
1000245426,1972,47.2954,-118.6933,-21.6408,depth
1000245426,1975,47.2954,-118.6933,21.336,depth
1000245541,1977,47.301,-118.7553,-19.964399999999998,depth
1000245541,1978,47.301,-118.7553,-20.269199999999998,depth
1000245622,1971,47.3043,-118.9217,-21.45792,depth
1000246242,1970,47.316,-118.9036,-20.238720000000008,depth
1000246346,1974,47.3215,-118.8225,-41.452799999999996,depth
1000246500,1970,47.3282,-122.296,-22.2504,depth
1000246810,1965,47.3418,-119.0425,-45.98522,depth
1000247948,1968,47.3854,-118.3786,-26.145744,depth
1000247949,1985,47.3854,-118.3786,-24.438864,depth
1000251227,1983,47.4824,-119.5978,30.571500000000015,depth
1000251228,1983,47.4824,-119.5978,32.08019999999999,depth
1000251231,1983,47.4824,-119.5978,62.39259999999999,depth
1000251231,1984,47.4824,-119.5978,-53.7363,depth
1000251237,1984,47.4827,-117.5824,-55.168800000000005,depth
1000251976,1984,47.5165,-118.5844,38.862,depth
1000253309,1977,47.5524,-118.6253,-21.64079999999999,depth
1000253414,1978,47.566,-118.7217,28.346400000000003,depth
1000253414,1981,47.566,-118.7217,-24.32304,depth
1000256034,1973,47.651,-118.1547,21.305519999999994,depth
1000258015,1981,47.7223,-122.7338,-19.821140000000003,depth
1000273641,1982,48.4882,-123.081,34.686240000000005,depth
1000273641,1983,48.4882,-123.081,-31.078940000000003,depth
1000273641,1984,48.4882,-123.081,23.800310000000003,depth
1000273641,1987,48.4882,-123.081,22.95601,depth
1000273641,1988,48.4882,-123.081,31.610811999999996,depth
1000280868,1980,48.903,-115.1729,19.90802,depth
1000284538,1977,61.2139,-149.8239,24.966169999999998,depth
1000284556,1977,61.22,-149.8522,20.89709,depth
1000288384,1985,18.3702,-66.58767,34.54911999999999,depth
1000288447,1986,18.3911,-66.37711,28.651200000000003,depth
1000292426,1982,27.372,-82.25731,-21.22932,depth
1000292426,1983,27.372,-82.25731,20.57095,depth
1000292493,1990,27.3828,-82.30981,24.45106,depth
1000292493,1991,27.3828,-82.30981,-28.23058,depth
1000292744,1989,27.5009,-82.13787,-28.7335,depth
1000292744,1990,27.5009,-82.13787,24.825960000000002,depth
1000294492,1977,27.9856,-82.28509,-40.44086,depth
1000296210,1972,28.1428,-82.57649,19.818094000000002,depth
1000297750,1999,28.8902,-99.07531,-21.671300000000002,depth
1000297750,2006,28.8902,-99.07531,-30.379400000000004,depth
1000298077,2010,29.1339,-98.39139,19.53463,depth
1000298077,2011,29.1339,-98.39139,-23.576279999999997,depth
1000298077,2016,29.1339,-98.39139,19.653499999999994,depth
1000298163,1997,29.1766,-81.7698,-20.302730000000004,depth
1000298210,1974,29.1947,-82.09065,62.94882,depth
1000298317,2007,29.2455,-99.54977,21.99132,depth
1000298366,2007,29.2702,-99.5056,22.390610000000002,depth
1000298479,1992,29.3192,-99.46944,23.79726,depth
1000298654,1992,29.3694,-99.16365,20.65325,depth
1000298663,2009,29.3704,-99.65194,-23.35073,depth
1000298750,1982,29.3911,-94.96667,20.147280000000002,depth
1000298845,2009,29.4131,-99.62111,-23.795729999999992,depth
1000298950,1987,29.4386,-99.28337,19.95982,depth
1000298997,1987,29.4533,-99.4731,20.299710000000005,depth
1000298997,1992,29.4533,-99.4731,28.09496,depth
1000299341,1991,29.5303,-95.1025,24.0792,depth
1000299341,1994,29.5303,-95.1025,22.5552,depth
1000299341,1996,29.5303,-95.1025,-21.031200000000005,depth
1000299341,1997,29.5303,-95.1025,22.86,depth
1000299341,1998,29.5303,-95.1025,-23.1648,depth
1000299341,2003,29.5303,-95.1025,30.479999999999997,depth
1000299432,2007,29.5478,-98.63556,28.92856,depth
1000299432,2008,29.5478,-98.63556,-21.58288,depth
1000299537,2007,29.5639,-98.59944,25.225239999999992,depth
1000299554,2005,29.5664,-98.68167,-33.58895999999999,depth
1000299554,2007,29.5664,-98.68167,36.40531000000001,depth
1000299554,2008,29.5664,-98.68167,-29.19679,depth
1000299568,2007,29.5678,-98.63889,32.51606,depth
1000299568,2008,29.5678,-98.63889,-26.25394,depth
1000299572,2007,29.5681,-98.66167,33.39694000000001,depth
1000299572,2008,29.5681,-98.66167,-29.04135,depth
1000299607,2007,29.5736,-98.58556,22.626829999999998,depth
1000299613,2007,29.5747,-98.62722,28.669490000000003,depth
1000299613,2008,29.5747,-98.62722,-23.09469,depth
1000299621,2007,29.5767,-98.575,23.40864,depth
1000299624,2007,29.5775,-98.54472,21.837400000000002,depth
1000299691,2005,29.5856,-98.63083,-22.512529999999998,depth
1000299691,2007,29.5856,-98.63083,26.28291,depth
1000299691,2008,29.5856,-98.63083,-21.957790000000003,depth
1000299711,2007,29.5878,-98.60778,28.698439999999998,depth
1000299711,2008,29.5878,-98.60778,-21.54631,depth
1000299750,2007,29.5917,-98.57611,29.27756000000001,depth
1000299750,2008,29.5917,-98.57611,-23.445210000000003,depth
1000299758,2007,29.5928,-98.47444,19.792189999999998,depth
1000299820,2006,29.5983,-98.66917,-24.08224,depth
1000299820,2007,29.5983,-98.66917,21.848059999999997,depth
1000299859,2005,29.6031,-98.52194,-28.84322000000001,depth
1000299861,2007,29.6042,-98.43972,21.03425,depth
1000299899,1991,29.6103,-95.50139,-21.64994,depth
1000299919,2007,29.6119,-98.44444,20.494759999999992,depth
1000300049,1987,29.6275,-95.435,-20.890990000000002,depth
1000300072,2007,29.6294,-98.44833,20.35454,depth
1000300135,2003,29.6417,-95.62611,25.459940000000003,depth
1000300162,1996,29.6472,-95.45222,27.340560000000004,depth
1000300223,1998,29.6608,-95.58639,30.132530000000003,depth
1000300234,1977,29.6619,-95.47444,-33.223200000000006,depth
1000300234,1991,29.6619,-95.47444,19.811999999999998,depth
1000300234,2015,29.6619,-95.47444,21.607270000000007,depth
1000300244,1982,29.6631,-94.89111,21.954739999999997,depth
1000300271,1974,29.6664,-95.37083,-24.981449999999995,depth
1000300322,2016,29.675,-95.59556,-19.705320000000007,depth
1000300335,1989,29.6756,-95.51611,20.153419999999997,depth
1000300397,2010,29.6814,-98.63111,52.815740000000005,depth
1000300397,2011,29.6814,-98.63111,-41.93133,depth
1000300465,2006,29.6919,-95.56417,-22.96368000000001,depth
1000300465,2010,29.6919,-95.56417,20.455160000000006,depth
1000300476,2002,29.6911,-95.57389,19.619959999999992,depth
1000300476,2006,29.6911,-95.57389,-23.143479999999997,depth
1000300480,2015,29.6922,-95.60222,20.156420000000004,depth
1000300507,1986,29.6956,-95.58667,-25.389840000000007,depth
1000300510,1994,29.6961,-95.62028,-50.801019999999994,depth
1000300516,1978,29.6961,-95.57889,-24.629360000000005,depth
1000300526,1995,29.6964,-95.60806,21.6408,depth
1000300526,2015,29.6964,-95.60806,23.774399999999993,depth
1000300532,2008,29.6983,-98.63086,-67.83633,depth
1000300547,1986,29.7006,-95.59917,-23.7744,depth
1000300547,1991,29.7006,-95.59917,-24.5638,depth
1000300547,2015,29.7006,-95.59917,19.525490000000005,depth
1000300565,1979,29.7022,-95.03917,25.962860000000006,depth
1000300573,1989,29.7033,-95.61944,-38.24932,depth
1000300573,1990,29.7033,-95.61944,23.637209999999996,depth
1000300573,1991,29.7033,-95.61944,-25.584910000000008,depth
1000300573,1994,29.7033,-95.61944,-28.349450000000004,depth
1000300581,2006,29.7044,-95.50444,-21.45791,depth
1000300582,1994,29.7047,-95.50472,23.1648,depth
1000300639,2002,29.7122,-95.62028,29.7881,depth
1000300639,2003,29.7122,-95.62028,-31.089600000000004,depth
1000300642,2008,29.7119,-98.44556,-25.35174,depth
1000300659,1988,29.7144,-95.38278,33.05556,depth
1000300659,1992,29.7144,-95.38278,25.737300000000005,depth
1000300661,1994,29.7147,-95.60611,23.7744,depth
1000300661,2000,29.7147,-95.60611,-19.63067000000001,depth
1000300661,2007,29.7147,-95.60611,23.85064,depth
1000300677,1994,29.7172,-95.57194,-34.3815,depth
1000300677,1995,29.7172,-95.57194,33.27810000000001,depth
1000300690,2014,29.7181,-95.85361,24.284990000000008,depth
1000300718,1989,29.7211,-95.22583,28.803600000000003,depth
1000300718,1990,29.7211,-95.22583,-32.308800000000005,depth
1000300747,2009,29.7233,-95.50056,-27.075390000000013,depth
1000300751,1983,29.7242,-95.22778,-19.568159999999992,depth
1000300751,1989,29.7242,-95.22778,20.269199999999998,depth
1000300751,1990,29.7242,-95.22778,-29.260800000000003,depth
1000300764,2000,29.7247,-95.48472,-20.66546000000001,depth
1000300764,2009,29.7247,-95.48472,-22.86914,depth
1000300779,1979,29.7261,-95.46583,-41.352239999999995,depth
1000300781,1987,29.7264,-95.13083,21.32076,depth
1000300782,1985,29.7264,-95.35056,20.97019999999999,depth
1000300787,2005,29.7269,-95.11222,-21.6408,depth
1000300791,1993,29.7275,-95.45139,38.08628,depth
1000300807,1996,29.7283,-95.11111,-22.86,depth
1000300839,1988,29.7314,-95.64889,25.11551999999999,depth
1000300839,1991,29.7314,-95.64889,-61.04230000000001,depth
1000300839,2010,29.7314,-95.64889,21.098259999999996,depth
1000300862,1997,29.7327,-98.62376,26.578559999999996,depth
1000300862,2001,29.7327,-98.62376,23.5458,depth
1000300862,2007,29.7327,-98.62376,34.44088000000001,depth
1000300862,2008,29.7327,-98.62376,-31.60167,depth
1000300862,2010,29.7327,-98.62376,22.88743000000001,depth
1000300862,2011,29.7327,-98.62376,-25.722070000000002,depth
1000300894,1995,29.7361,-95.18222,22.098,depth
1000300911,1996,29.7375,-95.61194,60.93564,depth
1000300911,1997,29.7375,-95.61194,-72.33514,depth
1000300911,2006,29.7375,-95.61194,-21.94256,depth
1000300932,1978,29.7406,-95.17139,21.0312,depth
1000300939,2004,29.7414,-95.64611,20.034499999999994,depth
1000300939,2009,29.7414,-95.64611,19.5133,depth
1000300980,1991,29.7481,-95.59611,-26.167100000000005,depth
1000300980,2006,29.7481,-95.59611,-19.991860000000003,depth
1000300980,2007,29.7481,-95.59611,20.337810000000005,depth
1000301001,1989,29.7506,-95.57694,-25.908,depth
1000301001,1990,29.7506,-95.57694,43.61993,depth
1000301027,2000,29.7661,-95.63389,-25.462990000000005,depth
1000301027,2003,29.7661,-95.63389,-22.512529999999998,depth
1000301089,1995,29.7628,-95.49,22.43942,depth
1000301133,1985,29.7672,-95.38306,31.4157,depth
1000301148,2007,29.7692,-95.82222,-29.23642000000001,depth
1000301148,2008,29.7692,-95.82222,35.03372,depth
1000301188,1988,29.7733,-95.58722,32.308800000000005,depth
1000301188,1991,29.7733,-95.58722,-28.1879,depth
1000301203,2004,29.7542,-95.63667,-23.74539999999999,depth
1000301203,2005,29.7542,-95.63667,35.94202,depth
1000301231,1980,29.7794,-95.17917,23.938999999999993,depth
1000301287,1995,29.7856,-95.60917,42.36720000000001,depth
1000301287,2001,29.7856,-95.60917,39.19117999999999,depth
1000301337,1989,29.7892,-95.60278,27.066240000000008,depth
1000301337,1990,29.7892,-95.60278,-20.473420000000004,depth
1000301337,1995,29.7892,-95.60278,-37.68545,depth
1000301343,2000,29.79,-95.61833,-25.418800000000005,depth
1000301343,2005,29.79,-95.61833,20.031459999999996,depth
1000301347,1991,29.7903,-95.58722,20.13199999999999,depth
1000301347,1996,29.7903,-95.58722,36.43884,depth
1000301347,1998,29.7903,-95.58722,-31.068300000000008,depth
1000301347,2002,29.7903,-95.58722,-28.675600000000003,depth
1000301347,2004,29.7903,-95.58722,49.423320000000004,depth
1000301347,2006,29.7903,-95.58722,-42.17518,depth
1000301388,2005,29.7933,-95.57806,36.307779999999994,depth
1000301388,2006,29.7933,-95.57806,-32.56787999999999,depth
1000301388,2007,29.7933,-95.57806,19.892799999999994,depth
1000301388,2015,29.7933,-95.57806,21.851079999999996,depth
1000301407,1978,29.7961,-95.33639,26.98393999999999,depth
1000301421,2008,29.7981,-95.40611,21.1836,depth
1000301436,1991,29.8003,-95.57833,-24.118800000000007,depth
1000301436,1995,29.8003,-95.57833,22.463800000000006,depth
1000301436,2005,29.8003,-95.57833,22.171149999999997,depth
1000301436,2006,29.8003,-95.57833,-35.19225,depth
1000301436,2007,29.8003,-95.57833,25.978099999999998,depth
1000301436,2015,29.8003,-95.57833,21.485349999999997,depth
1000301475,1991,29.8047,-95.40722,29.565600000000003,depth
1000301483,2004,29.8058,-95.5725,19.641299999999987,depth
1000301483,2006,29.8058,-95.5725,-27.800799999999995,depth
1000301511,1987,29.8103,-95.40556,-21.4366,depth
1000301511,2005,29.8103,-95.40556,25.533100000000005,depth
1000301524,2004,29.8125,-95.57361,45.75959999999999,depth
1000301524,2006,29.8125,-95.57361,-25.60930000000002,depth
1000301570,1980,29.8169,-95.52278,-27.108900000000006,depth
1000301570,1999,29.8169,-95.52278,-31.619950000000003,depth
1000301584,1985,29.8194,-95.33444,20.726399999999998,depth
1000301601,1994,29.8214,-95.52972,-26.182299999999998,depth
1000301601,2005,29.8214,-95.52972,22.347939999999994,depth
1000301626,1995,29.8247,-95.57028,22.19550000000001,depth
1000301626,2002,29.8247,-95.57028,30.525700000000015,depth
1000301626,2003,29.8247,-95.57028,-35.3507,depth
1000301626,2005,29.8247,-95.57028,24.32610000000001,depth
1000301626,2006,29.8247,-95.57028,-21.895300000000006,depth
1000301637,1990,29.8256,-95.4025,-21.378699999999995,depth
1000301637,1991,29.8256,-95.4025,19.985699999999994,depth
1000301642,1978,29.8258,-95.33528,-23.179999999999993,depth
1000301666,2004,29.8308,-95.52722,20.685249999999996,depth
1000301667,2004,29.8308,-95.52722,22.49730000000001,depth
1000301667,2008,29.8308,-95.52722,20.89099999999999,depth
1000301669,1995,29.8314,-95.57417,21.031200000000013,depth
1000301669,2004,29.8314,-95.57417,21.4884,depth
1000301669,2005,29.8314,-95.57417,22.357079999999996,depth
1000301669,2006,29.8314,-95.57417,-21.314679999999996,depth
1000301699,2015,29.835,-95.11778,23.469599999999993,depth
1000301741,2006,29.8411,-95.52333,-20.205200000000005,depth
1000301776,1951,29.8469,-95.4025,-22.902679999999997,depth
1000301783,1989,29.8475,-95.46194,-23.4422,depth
1000301849,2005,29.8586,-95.40361,26.194510000000008,depth
1000301849,2008,29.8586,-95.40361,20.051270000000002,depth
1000301890,1984,29.8642,-95.43056,20.567899999999995,depth
1000301898,1995,29.8656,-95.47361,47.53660000000001,depth
1000301898,2006,29.8656,-95.47361,-21.211060000000003,depth
1000301898,2007,29.8656,-95.47361,23.582400000000007,depth
1000301918,1998,29.8675,-95.43778,19.964399999999998,depth
1000301918,2005,29.8675,-95.43778,31.979619999999997,depth
1000301918,2008,29.8675,-95.43778,22.2915,depth
1000301939,1980,29.8703,-95.09583,22.4028,depth
1000301953,1974,29.8719,-95.10167,-23.0886,depth
1000301969,1980,29.8744,-95.12167,24.2316,depth
1000301976,1980,29.8747,-95.11472,21.2598,depth
1000301977,1984,29.8747,-95.44167,33.528000000000006,depth
1000301977,1985,29.8747,-95.44167,-58.216800000000006,depth
1000301978,1998,29.8744,-95.44192,30.0411,depth
1000301978,2005,29.8744,-95.44192,35.12209999999999,depth
1000301989,1999,29.8767,-95.56694,-24.16449999999999,depth
1000302011,1989,29.8797,-95.58722,-38.099999999999994,depth
1000302023,2004,29.88,-95.61333,21.488399999999984,depth
1000302023,2005,29.88,-95.61333,20.448999999999998,depth
1000302023,2006,29.88,-95.61333,-22.437799999999996,depth
1000302023,2007,29.88,-95.61333,21.4015,depth
1000302031,1987,29.8811,-95.44583,19.632199999999997,depth
1000302035,2001,29.8814,-95.50139,-45.87240000000001,depth
1000302035,2002,29.8814,-95.50139,48.463200000000015,depth
1000302037,2005,29.8825,-95.60556,20.948899999999995,depth
1000302045,1984,29.8831,-95.59528,-23.036759999999987,depth
1000302045,1991,29.8831,-95.59528,24.435800000000015,depth
1000302047,1980,29.8831,-95.11528,21.9456,depth
1000302270,1992,29.9144,-95.14444,37.7952,depth
1000302270,1993,29.9144,-95.14444,-27.431999999999995,depth
1000302270,1994,29.9144,-95.14444,31.089599999999997,depth
1000302407,2004,29.9331,-95.74,-21.69871,depth
1000302467,1976,29.9389,-95.54667,-34.7472,depth
1000302494,1976,29.9428,-95.54583,-33.528,depth
1000302494,1989,29.9428,-95.54583,-29.260800000000003,depth
1000302533,1989,29.9475,-95.54028,-27.127200000000002,depth
1000302783,2005,29.9706,-95.5775,19.863820000000004,depth
1000302851,1990,29.9794,-95.60333,-22.475949999999997,depth
1000302976,2004,29.9897,-95.75361,-22.573490000000007,depth
1000303307,2000,30.0142,-95.46444,-19.778499999999994,depth
1000303619,2010,30.0367,-95.58361,-27.246070000000003,depth
1000303619,2011,30.0367,-95.58361,22.268690000000007,depth
1000303619,2012,30.0367,-95.58361,-25.801320000000004,depth
1000303620,2009,30.0367,-95.58361,-21.942549999999997,depth
1000303766,2013,30.0469,-95.59944,26.532839999999993,depth
1000303808,2017,30.0508,-95.60417,-21.503640000000004,depth
1000303967,2004,30.0653,-95.1525,-35.56406,depth
1000303967,2005,30.0653,-95.1525,39.69866999999999,depth
1000304068,2011,30.0692,-95.19833,-20.90014,depth
1000304277,1995,30.0838,-97.8425,23.323289999999997,depth
1000304277,1996,30.0838,-97.8425,-21.55241,depth
1000304277,1997,30.0838,-97.8425,20.5801,depth
1000304844,2003,30.1278,-95.44917,46.107110000000006,depth
1000304994,1997,30.1372,-97.85612,24.42058,depth
1000305118,1965,30.1433,-97.80973,24.40229,depth
1000305118,1978,30.1433,-97.80973,-23.940509999999996,depth
1000305550,2002,30.1689,-95.50806,-24.0792,depth
1000305550,2003,30.1689,-95.50806,23.52449999999999,depth
1000305560,2003,30.1686,-95.50806,-22.67407,depth
1000305671,2004,30.1753,-95.50194,28.346400000000003,depth
1000305671,2005,30.1753,-95.50194,-25.908,depth
1000305673,2006,30.1764,-95.47722,-20.96110000000001,depth
1000305755,2013,30.1828,-95.18444,-25.50566,depth
1000306022,2006,30.1936,-95.47694,-20.296630000000007,depth
1000306201,1980,30.2019,-97.90001,-23.33244,depth
1000306201,1981,30.2019,-97.90001,23.3172,depth
1000306222,2016,30.2028,-95.47944,19.8455,depth
1000306261,2006,30.2056,-95.51556,-28.450000000000003,depth
1000306286,1995,30.2074,-97.80223,23.615900000000003,depth
1000306286,1996,30.2074,-97.80223,-25.88666,depth
1000306286,1997,30.2074,-97.80223,28.843220000000002,depth
1000306694,2001,30.2277,-97.81056,35.5092,depth
1000306841,2011,30.2328,-95.57583,-19.504100000000008,depth
1000306975,1979,30.2372,-97.87195,25.383740000000003,depth
1000306975,1980,30.2372,-97.87195,-24.170640000000002,depth
1000307336,2018,30.2511,-95.44278,30.351979999999998,depth
1000308468,2009,30.3056,-95.45444,-22.978840000000005,depth
1000308529,2013,30.3081,-95.45694,21.32987,depth
1000309466,2008,30.3419,-95.47417,21.601169999999996,depth
1000309912,1994,30.3584,-88.52341,-20.25396,depth
1000309912,1995,30.3584,-88.52341,36.889939999999996,depth
1000309924,1995,30.3618,-88.5252,30.327600000000004,depth
1000310274,1999,30.3685,-89.58506,-20.78736,depth
1000310418,2019,30.3794,-95.49528,46.667930000000005,depth
1000310970,2019,30.3878,-95.70056,29.080969999999994,depth
1000311034,1988,30.388,-97.72612,-28.395170000000007,depth
1000311034,1991,30.388,-97.72612,20.421599999999998,depth
1000311034,1996,30.388,-97.72612,-37.97808,depth
1000311034,1999,30.388,-97.72612,-26.21280000000001,depth
1000312208,1981,30.4116,-97.64917,24.62022,depth
1000312208,1988,30.4116,-97.64917,-29.51226,depth
1000312208,1992,30.4116,-97.64917,27.782519999999998,depth
1000312208,1996,30.4116,-97.64917,-35.762179999999994,depth
1000312687,1981,30.4224,-97.67528,25.42794,depth
1000312755,1991,30.4238,-85.29909,-28.736539999999998,depth
1000313115,1975,30.4307,-91.2115,32.22498,depth
1000313836,1981,30.4458,-97.62723,24.414480000000005,depth
1000314011,2004,30.4489,-95.5675,25.10637,depth
1000314347,1940,30.4563,-90.44425,-23.195279999999997,depth
1000316719,1952,30.5096,-91.18566,-20.147280000000002,depth
1000317546,1996,30.5369,-97.65445,-21.604219999999998,depth
1000319641,1992,30.6108,-97.68334,19.74495,depth
1000321474,1959,30.7088,-91.32233,-27.37104,depth
1000321872,1997,30.7338,-81.54343,-38.64559,depth
1000323678,1988,30.8306,-103.026,-25.3807,depth
1000326504,1916,31.0113,-85.32688,-76.19999999999999,depth
1000326504,1917,31.0113,-85.32688,-54.86400000000003,depth
1000326707,1916,31.0152,-85.93521,-57.912000000000006,depth
1000326707,1917,31.0152,-85.93521,-48.768,depth
1000327328,1916,31.051,-85.58854,-76.19999999999999,depth
1000327328,1917,31.051,-85.58854,-70.10399999999998,depth
1000327680,1917,31.0674,-86.04188,-36.575999999999965,depth
1000328653,1969,31.1077,-92.60292,-24.472389999999997,depth
1000329122,1970,31.1257,-92.66153,-24.17064,depth
1000329122,1978,31.1257,-92.66153,25.676349999999996,depth
1000329675,1969,31.1449,-92.64125,-23.414739999999995,depth
1000329675,1970,31.1449,-92.64125,-23.233379999999997,depth
1000330151,1915,31.1618,-85.12521,-24.383999999999986,depth
1000330151,1916,31.1618,-85.12521,-42.672,depth
1000331126,1917,31.193,-86.41106,-36.57600000000002,depth
1000331464,1916,31.2057,-86.54579,-45.72000000000003,depth
1000331464,1917,31.2057,-86.54579,-65.53199999999998,depth
1000332011,1996,31.2279,-103.0677,-23.80485999999999,depth
1000332011,1997,31.2279,-103.0677,20.726379999999992,depth
1000332168,1916,31.2343,-85.48382,-48.768,depth
1000332168,1917,31.2343,-85.48382,-82.29599999999999,depth
1000332168,1928,31.2343,-85.48382,-76.19999999999993,depth
1000332313,1914,31.2407,-87.1897,-76.19999999999999,depth
1000332313,1915,31.2407,-87.1897,-54.863999999999976,depth
1000333932,2012,31.2971,-92.50014,19.950689999999994,depth
1000334988,2011,31.3349,-83.93129,22.799039999999998,depth
1000335166,2015,31.3407,-92.53931,19.559019999999997,depth
1000335732,1991,31.3629,-110.8081,-24.201099999999997,depth
1000335752,1917,31.3574,-86.44996,-60.96000000000001,depth
1000337052,1915,31.4093,-86.92219,-60.959999999999994,depth
1000337052,1916,31.4093,-86.92219,-88.392,depth
1000337137,2020,31.4141,-92.48153,25.583389999999998,depth
1000337137,2021,31.4141,-92.48153,-23.27758,depth
1000339583,1980,31.5013,-83.62156,-30.601919999999996,depth
1000341125,1993,31.5543,-90.10564,30.71926,depth
1000342855,1980,31.597,-110.3076,-58.27780000000001,depth
1000344209,1915,31.6485,-87.4786,-42.672,depth
1000344209,1916,31.6485,-87.4786,-97.53600000000002,depth
1000344925,1982,31.6723,-109.1278,30.2971,depth
1000345410,1985,31.6882,-109.1359,-32.2174,depth
1000349366,1977,31.8429,-107.62,20.128994000000002,depth
1000349366,1978,31.8429,-107.62,-26.679144,depth
1000349565,1978,31.8501,-107.6097,-22.390604,depth
1000349686,1964,31.8576,-107.5859,-23.600659999999998,depth
1000349777,1955,31.8612,-107.6203,-26.013150000000003,depth
1000349777,1956,31.8612,-107.6203,20.481030000000004,depth
1000349943,1983,31.869,-85.44911,-21.227800000000002,depth
1000351087,1957,32.0437,-109.6787,-20.894039999999997,depth
1000351550,1961,31.9245,-109.127,-19.815048,depth
1000351550,1962,31.9245,-109.127,19.946112,depth
1000352653,1959,31.9654,-107.7006,20.79041,depth
1000353029,1969,31.9774,-86.49442,-43.21757000000001,depth
1000353029,1970,31.9774,-86.49442,43.8866,depth
1000354412,1976,32.0206,-109.7126,21.366479999999996,depth
1000354992,1965,32.0362,-109.754,-27.157680000000003,depth
1000356310,1950,32.0779,-109.5078,-23.094700000000003,depth
1000356763,1964,32.0954,-109.7484,-20.955000000000002,depth
1000357509,1991,32.2679,-110.8829,19.48129,depth
1000358397,1965,32.1331,-110.9601,-22.061420000000002,depth
1000359449,2010,32.1623,-111.2165,20.54047,depth
1000360486,1960,32.1906,-110.7776,-89.15095,depth
1000361717,2003,32.2134,-108.5545,39.684960000000004,depth
1000361877,1960,32.2167,-109.7309,-32.68675,depth
1000361962,1987,32.219,-110.802,33.375640000000004,depth
1000362031,1955,32.2217,-109.2312,-24.457154,depth
1000362031,1973,32.2217,-109.2312,27.124153999999997,depth
1000362182,1965,32.2262,-107.7675,-23.21662,depth
1000363107,1946,32.2462,-107.5539,19.912588,depth
1000363151,1956,32.247,-107.5656,-29.76067,depth
1000363151,1957,32.247,-107.5656,23.33549,depth
1000363304,1962,32.2501,-109.2445,-20.528280000000002,depth
1000363304,1975,32.2501,-109.2445,-50.694336,depth
1000363333,1982,32.2515,-111.0079,-19.53768,depth
1000364186,1971,32.2717,-109.3992,28.799030000000002,depth
1000364186,1972,32.2717,-109.3992,-33.47771,depth
1000364228,1964,32.2726,-109.409,34.39058,depth
1000364228,1965,32.2726,-109.409,-39.14242,depth
1000366424,2002,32.3038,-89.69841,25.917140000000003,depth
1000366997,1964,32.3173,-109.5012,-20.4658,depth
1000367126,1975,32.3215,-107.0592,-25.89886,depth
1000370957,1986,32.4123,-111.1657,-32.247840000000004,depth
1000370957,1987,32.4123,-111.1657,20.78736,depth
1000372009,1977,32.4378,-111.2709,-24.643079999999998,depth
1000373744,1996,32.6057,-101.9674,-22.42718,depth
1000373744,2007,32.6057,-101.9674,-27.9654,depth
1000374532,1955,32.4907,-104.4022,-29.742380000000004,depth
1000376013,1996,32.5179,-106.4203,-30.63087999999999,depth
1000376451,1975,32.529,-106.6686,21.84348,depth
1000378614,2002,32.757,-110.8969,-69.26584,depth
1000378614,2003,32.757,-110.8969,79.83935,depth
1000378629,1998,32.7639,-111.7143,23.530599999999993,depth
1000379666,1988,32.5959,-111.4834,-35.58540000000001,depth
1000380543,1969,32.6178,-111.3293,-21.549359999999993,depth
1000383643,1963,32.6848,-104.3744,-23.777449999999998,depth
1000384657,1967,32.6973,-111.6546,-31.54679999999999,depth
1000385182,1970,32.707,-108.3334,21.076919999999987,depth
1000385415,1987,32.7126,-108.2995,-21.669780000000003,depth
1000385507,1963,32.7137,-104.3688,-24.813769999999998,depth
1000385866,1993,32.7201,-111.4823,28.3921,depth
1000386488,1985,32.7314,-116.8181,-20.161,depth
1000386488,1986,32.7314,-116.8181,20.54352,depth
1000386931,1963,32.7393,-104.3819,-19.74799,depth
1000387410,1970,32.7484,-111.5432,-28.559799999999996,depth
1000387410,1971,32.7484,-111.5432,33.04035999999999,depth
1000387835,1906,32.7576,-104.3864,-33.092130000000004,depth
1000387886,1980,32.7584,-111.4462,-21.092100000000002,depth
1000388945,1964,32.7776,-111.7229,20.717260000000003,depth
1000389643,1985,32.7923,-111.5682,23.40863999999999,depth
1000389643,1986,32.7923,-111.5682,-24.399239999999992,depth
1000389752,1906,32.7943,-104.4116,-22.53081,depth
1000390835,1906,32.8096,-104.3872,-21.12264,depth
1000390993,1963,32.8129,-104.3522,-22.09952,depth
1000391769,1963,32.8298,-104.2919,-32.86658,depth
1000392362,1906,32.834,-104.3697,-24.99664,depth
1000392755,1906,32.8432,-104.3516,-26.75535,depth
1000393082,1988,32.8506,-111.5851,-20.1777,depth
1000393224,1963,32.8534,-104.3955,-27.63012,depth
1000393224,1964,32.8534,-104.3955,20.28444,depth
1000394495,1954,32.8795,-112.0232,-25.508719999999997,depth
1000394596,1975,32.8834,-113.7096,-19.91259,depth
1000394718,1959,32.8867,-113.6805,-19.778470000000002,depth
1000394823,1947,32.8884,-107.3278,-21.97303,depth
1000395013,1989,32.8942,-111.5593,19.964399999999998,depth
1000395283,1963,32.9009,-104.4033,-27.97454,depth
1000395399,1963,32.9029,-104.3433,-28.510992,depth
1000395399,1964,32.9029,-104.3433,20.452080000000002,depth
1000396007,1906,32.9168,-104.3519,-20.243289999999995,depth
1000396347,1963,32.9248,-104.3947,-29.44368,depth
1000396953,1991,32.9392,-111.9121,-26.45660000000001,depth
1000397013,2006,32.9407,-109.6477,-24.801569999999998,depth
1000397013,2008,32.9407,-109.6477,-25.9461,depth
1000397013,2015,32.9407,-109.6477,-23.490940000000002,depth
1000397013,2016,32.9407,-109.6477,26.115270000000002,depth
1000397021,1993,32.9409,-112.7263,30.51048000000001,depth
1000397798,1995,32.9476,-89.19386,-55.07736,depth
1000397798,1996,32.9476,-89.19386,54.618629999999996,depth
1000398134,1964,32.9553,-111.924,-27.444199999999995,depth
1000399314,2008,32.973,-109.6843,-24.597360000000002,depth
1000399314,2015,32.973,-109.6843,-20.324069999999992,depth
1000399764,1971,32.9828,-111.9137,32.15639999999999,depth
1000400021,1987,32.9904,-105.4069,19.783050000000003,depth
1000400838,1987,33.0131,-111.4735,-20.269199999999998,depth
1000400838,1992,33.0131,-111.4735,21.85416,depth
1000401064,2005,33.0212,-104.2952,-21.54326,depth
1000402332,1989,33.0653,-112.1257,38.2829,depth
1000402332,1990,33.0653,-112.1257,39.65447999999999,depth
1000402332,1995,33.0653,-112.1257,-53.34,depth
1000402332,1996,33.0653,-112.1257,50.718720000000005,depth
1000402410,1982,33.0667,-104.3708,31.89122,depth
1000402410,1983,33.0667,-104.3708,-22.306789999999996,depth
1000402410,1996,33.0667,-104.3708,40.209210000000006,depth
1000402410,2001,33.0667,-104.3708,63.026540000000004,depth
1000402410,2002,33.0667,-104.3708,-30.53029,depth
1000402410,2003,33.0667,-104.3708,-35.45891,depth
1000402410,2004,33.0667,-104.3708,43.13682,depth
1000402410,2005,33.0667,-104.3708,24.67508,depth
1000402410,2008,33.0667,-104.3708,-21.14398,depth
1000402568,1984,33.0728,-113.2794,-22.494239999999998,depth
1000402602,1964,33.0737,-111.9532,-22.111720000000002,depth
1000403039,1966,33.0884,-104.3614,-32.86658,depth
1000403039,1967,33.0884,-104.3614,34.37229000000001,depth
1000403905,1978,33.1165,-92.64958,-25.371520000000004,depth
1000403988,1963,33.1181,-111.442,-19.879040000000003,depth
1000405250,1990,33.1617,-111.5012,-26.9443,depth
1000405385,1994,33.1673,-104.4302,-20.88185,depth
1000405648,1999,33.1761,-93.29959,20.27225,depth
1000405687,1970,33.1776,-93.21544,-23.012399999999992,depth
1000405983,1961,33.1887,-112.6766,-21.439630000000008,depth
1000406116,1908,33.1932,-104.323,-23.2349,depth
1000406896,1982,33.2053,-111.5421,22.92089999999999,depth
1000406896,1985,33.2053,-111.5421,-55.747900000000016,depth
1000406896,1997,33.2053,-111.5421,21.12259999999999,depth
1000407049,1961,33.2092,-112.7238,21.1074,depth
1000407452,1975,33.2176,-111.5124,-27.889200000000002,depth
1000407505,1966,33.2193,-104.328,-23.86889,depth
1000407524,1977,33.2195,-111.7035,-24.566879999999998,depth
1000407532,1960,33.2198,-111.5637,37.984179999999995,depth
1000407532,1961,33.2198,-111.5637,-45.76877,depth
1000407532,1962,33.2198,-111.5637,43.26941000000001,depth
1000407550,1985,33.2203,-111.5849,-23.743899999999996,depth
1000407562,1967,33.2206,-111.5837,-21.214100000000002,depth
1000408171,1964,33.2334,-111.739,-35.83534,depth
1000408172,1972,33.2334,-111.6885,34.50336,depth
1000409847,2000,33.2606,-93.09341,24.518080000000012,depth
1000410873,1986,33.2789,-111.6262,-20.147320000000008,depth
1000411440,1993,33.286,-81.63483,26.98699,depth
1000411773,1959,33.2909,-116.9839,-19.690080000000002,depth
1000413150,1973,33.3212,-111.8413,23.14956,depth
1000413172,1964,33.3217,-111.7037,-55.500989999999994,depth
1000413949,1972,33.3356,-111.8335,-21.214079999999996,depth
1000413949,1973,33.3356,-111.8335,31.394399999999997,depth
1000413962,1979,33.3359,-111.7629,24.8412,depth
1000414945,2002,33.354,-89.55646,35.03981,depth
1000414945,2003,33.354,-89.55646,-36.01212,depth
1000415052,1973,33.3567,-111.8065,36.2712,depth
1000415207,1987,33.3598,-111.4724,-25.222200000000015,depth
1000415207,1988,33.3598,-111.4724,38.6944,depth
1000415207,1993,33.3598,-111.4724,25.054600000000022,depth
1000415207,1996,33.3598,-111.4724,-24.109700000000004,depth
1000415207,1997,33.3598,-111.4724,-29.016899999999993,depth
1000416494,1963,33.3781,-113.2141,-20.726399999999998,depth
1000416549,1964,33.3789,-111.6793,-20.063500000000005,depth
1000417756,2012,33.4037,-105.6688,24.004530000000003,depth
1000417756,2013,33.4037,-105.6688,-25.031729999999996,depth
1000417756,2014,33.4037,-105.6688,20.363699999999994,depth
1000417811,2008,33.4056,-105.739,-25.379170000000002,depth
1000417812,2008,33.4056,-105.739,-32.215835999999996,depth
1000418328,1979,33.417,-111.7535,-23.4696,depth
1000419285,1978,33.4359,-112.2546,24.384,depth
1000420201,1979,33.4495,-112.2715,35.20439999999999,depth
1000421053,1991,33.4606,-111.8838,19.811999999999998,depth
1000421197,1958,33.4645,-113.1449,-26.883359999999996,depth
1000421227,1964,33.4653,-111.8576,-24.542499999999997,depth
1000421227,1975,33.4653,-111.8576,21.24456,depth
1000421227,1976,33.4653,-111.8576,-28.89504,depth
1000421818,1973,33.4831,-111.9046,-25.389839999999992,depth
1000421971,1977,33.4903,-112.1429,-22.860000000000007,depth
1000422230,1969,33.4931,-112.9902,68.381878,depth
1000422520,2020,33.5005,-117.0161,20.645630000000004,depth
1000422578,1987,33.5017,-112.3913,-23.317179999999993,depth
1000422578,1988,33.5017,-112.3913,32.40021999999999,depth
1000422838,1979,33.5084,-112.2557,36.11879999999999,depth
1000422915,1979,33.5098,-112.2365,38.1,depth
1000422933,1963,33.5089,-112.2196,-22.46376,depth
1000424373,2002,33.548,-92.82412,23.957279999999997,depth
1000424943,1972,33.5603,-111.9276,-20.055840000000003,depth
1000426643,1992,33.6014,-112.3585,-27.52339999999998,depth
1000426643,1993,33.6014,-112.3585,39.71539999999999,depth
1000428025,1989,33.625,-112.1821,19.690100000000015,depth
1000428222,1963,33.6314,-112.2854,22.09186000000001,depth
1000429020,1989,33.75,-111.7188,-32.23260000000002,depth
1000429047,2005,33.7736,-112.3371,43.44919999999999,depth
1000430350,1998,33.6859,-112.2207,28.559799999999996,depth
1000430425,1963,33.6889,-112.2902,-22.671020000000006,depth
1000431974,1980,33.7265,-107.67,-20.708116,depth
1000433417,2005,33.7753,-117.8446,21.9456,depth
1000433417,2007,33.7753,-117.8446,-20.726399999999998,depth
1000437036,1985,33.8753,-116.5825,21.55851,depth
1000437036,1986,33.8753,-116.5825,23.19833,depth
1000437036,1988,33.8753,-116.5825,-30.309310000000004,depth
1000437036,2006,33.8753,-116.5825,36.31998,depth
1000437036,2011,33.8753,-116.5825,40.35856,depth
1000437036,2018,33.8753,-116.5825,61.493399999999994,depth
1000437036,2019,33.8753,-116.5825,-21.924260000000004,depth
1000437036,2022,33.8753,-116.5825,-22.657309999999995,depth
1000437333,1985,33.8845,-116.5925,33.375640000000004,depth
1000437333,1988,33.8845,-116.5925,-32.63798,depth
1000437333,1993,33.8845,-116.5925,26.25549000000001,depth
1000437333,2018,33.8845,-116.5925,56.293479999999995,depth
1000437333,2019,33.8845,-116.5925,-22.515580000000007,depth
1000437333,2022,33.8845,-116.5925,-25.624540000000003,depth
1000437624,1985,33.8942,-116.5822,58.98640999999999,depth
1000437624,1988,33.8942,-116.5822,-31.330389999999994,depth
1000437624,2006,33.8942,-116.5822,42.848749999999995,depth
1000437624,2011,33.8942,-116.5822,39.71239,depth
1000437624,2018,33.8942,-116.5822,57.00672,depth
1000437624,2019,33.8942,-116.5822,-21.08301,depth
1000437625,1985,33.8942,-116.5822,29.426869999999994,depth
1000437625,1988,33.8942,-116.5822,-30.737560000000002,depth
1000437625,2006,33.8942,-116.5822,42.63844,depth
1000437625,2011,33.8942,-116.5822,39.435030000000005,depth
1000437625,2018,33.8942,-116.5822,56.81474000000001,depth
1000437625,2019,33.8942,-116.5822,-20.948910000000005,depth
1000437626,1985,33.8942,-116.5822,26.874260000000007,depth
1000437626,1986,33.8942,-116.5822,29.51074,depth
1000437626,1988,33.8942,-116.5822,-29.545790000000004,depth
1000437626,2006,33.8942,-116.5822,41.093180000000004,depth
1000437626,2011,33.8942,-116.5822,37.630610000000004,depth
1000437626,2018,33.8942,-116.5822,55.38515999999999,depth
1000437626,2019,33.8942,-116.5822,-19.638259999999995,depth
1000437671,1983,33.8967,-116.5917,27.288700000000006,depth
1000437671,1985,33.8967,-116.5917,43.1795,depth
1000437671,1988,33.8967,-116.5917,-31.033210000000004,depth
1000437671,2006,33.8967,-116.5917,44.77212,depth
1000437671,2010,33.8967,-116.5917,21.00381,depth
1000437671,2011,33.8967,-116.5917,38.365179999999995,depth
1000437671,2014,33.8967,-116.5917,-27.31313,depth
1000437671,2018,33.8967,-116.5917,55.97343,depth
1000437671,2019,33.8967,-116.5917,-21.12569,depth
1000437672,1985,33.8967,-116.5917,27.052570000000003,depth
1000437672,1986,33.8967,-116.5917,29.36442999999999,depth
1000437672,1988,33.8967,-116.5917,-29.832299999999996,depth
1000437672,2006,33.8967,-116.5917,42.83962,depth
1000437672,2011,33.8967,-116.5917,37.72514,depth
1000437672,2017,33.8967,-116.5917,27.380179999999996,depth
1000437672,2018,33.8967,-116.5917,38.810190000000006,depth
1000437673,1985,33.8967,-116.5917,25.504140000000007,depth
1000437673,1988,33.8967,-116.5917,-28.905710000000006,depth
1000437673,2006,33.8967,-116.5917,41.29130000000001,depth
1000437673,2011,33.8967,-116.5917,36.58511999999999,depth
1000437673,2014,33.8967,-116.5917,-25.75255,depth
1000437673,2018,33.8967,-116.5917,54.617070000000005,depth
1000437761,1989,33.9001,-88.99728,33.442660000000004,depth
1000437761,1990,33.9001,-88.99728,-29.129739999999998,depth
1000437822,1985,33.902,-116.5936,29.137370000000004,depth
1000437822,1986,33.902,-116.5936,19.75256999999999,depth
1000437822,1988,33.902,-116.5936,-31.07284,depth
1000438280,2003,33.9177,-116.9289,-28.712159999999997,depth
1000438310,1981,33.9189,-116.6625,23.683000000000007,depth
1000438525,1989,33.925,-116.9333,21.0312,depth
1000438623,1989,33.9281,-116.9292,-23.622,depth
1000439071,1979,33.939,-92.8485,-20.90014,depth
1000439192,2011,33.942,-117.0359,-39.56304,depth
1000439192,2013,33.942,-117.0359,37.51021,depth
1000439248,1958,33.9436,-113.2155,-36.89757999999999,depth
1000439750,1996,33.9595,-83.97911,-26.633422,depth
1000439775,1995,33.9598,-83.9788,-29.440628,depth
1000440275,1964,33.9739,-116.9692,-23.164799999999985,depth
1000440275,1970,33.9739,-116.9692,23.164799999999985,depth
1000440294,1928,33.9748,-117.0511,-24.902160000000002,depth
1000440294,1932,33.9748,-117.0511,20.314920000000004,depth
1000440325,1949,33.9753,-117.0495,-26.471880000000002,depth
1000440456,2006,34.2323,-111.3226,-19.955260000000003,depth
1000440479,2002,34.4021,-111.498,-21.25070000000001,depth
1000440479,2005,34.4021,-111.498,30.800039999999996,depth
1000440564,2006,34.6114,-112.3457,23.195300000000003,depth
1000440631,2004,34.6992,-112.2523,-31.409639999999996,depth
1000440631,2006,34.6992,-112.2523,-24.444959999999995,depth
1000440631,2007,34.6992,-112.2523,37.094159999999995,depth
1000440776,1994,35.0808,-111.591,-46.29912,depth
1000440830,2000,33.9778,-116.9722,-42.75578999999999,depth
1000440830,2001,33.9778,-116.9722,-41.967900000000014,depth
1000440831,1999,33.9778,-116.9722,59.00322,depth
1000440831,2000,33.9778,-116.9722,-29.92522000000001,depth
1000440881,1978,33.9733,-116.9003,27.279600000000002,depth
1000440881,1992,33.9733,-116.9003,23.469599999999996,depth
1000441070,1964,33.9869,-116.9646,-66.99503999999999,depth
1000441070,1971,33.9869,-116.9646,66.5226,depth
1000441070,1974,33.9869,-116.9646,-25.17648,depth
1000441070,1978,33.9869,-116.9646,28.46832,depth
1000441191,1992,33.9889,-117.1328,-19.71141,depth
1000441349,2003,33.9951,-116.9077,20.573999999999998,depth
1000441404,1986,33.9968,-117.0691,42.9768,depth
1000441425,2000,33.9977,-118.2656,-54.324506,depth
1000442035,1984,34.0183,-117.0603,-20.116799999999998,depth
1000442035,1986,34.0183,-117.0603,22.098,depth
1000442166,1980,34.0235,-92.80894,24.79243,depth
1000442214,2005,34.025,-117.0971,25.278589999999994,depth
1000442215,2005,34.025,-117.0971,34.701480000000004,depth
1000442215,2007,34.025,-117.0971,-26.913840000000008,depth
1000442216,2005,34.025,-117.0971,35.033710000000006,depth
1000442216,2007,34.025,-117.0971,-28.352500000000006,depth
1000442266,1971,34.0264,-117.1092,-21.579840000000004,depth
1000442266,1972,34.0264,-117.1092,24.44496000000001,depth
1000442957,1958,34.0372,-117.0367,-36.57600000000001,depth
1000443017,2005,34.0413,-117.053,-19.9491,depth
1000443017,2008,34.0413,-117.053,22.250400000000013,depth
1000443120,1991,34.0444,-117.0431,-20.11679999999999,depth
1000443143,2005,34.0432,-117.047,47.990700000000004,depth
1000443143,2006,34.0432,-117.047,-44.30269999999999,depth
1000443143,2008,34.0432,-117.047,56.66236999999998,depth
1000443143,2011,34.0432,-117.047,24.6126,depth
1000443211,2011,34.0468,-117.0359,20.790390000000002,depth
1000443212,2011,34.0468,-117.0359,23.579340000000002,depth
1000443213,2011,34.0468,-117.0359,35.570139999999995,depth
1000443213,2017,34.0468,-117.0359,20.346919999999997,depth
1000443260,2000,34.0486,-117.0386,-30.02279,depth
1000443260,2003,34.0486,-117.0386,-23.393400000000014,depth
1000443260,2005,34.0486,-117.0386,30.190499999999986,depth
1000443260,2011,34.0486,-117.0386,19.507189999999994,depth
1000443284,1970,34.0492,-117.0323,-31.333399999999997,depth
1000443284,1991,34.0492,-117.0323,20.119870000000006,depth
1000443284,1992,34.0492,-117.0323,-29.62957,depth
1000443368,1951,34.052,-117.1181,20.84836,depth
1000443848,1960,34.0678,-117.2875,-28.40736,depth
1000444014,1946,34.0725,-117.2845,-30.05328,depth
1000444014,1953,34.0725,-117.2845,-24.384,depth
1000444014,1955,34.0725,-117.2845,24.429720000000003,depth
1000444108,1955,34.0753,-117.297,-25.42032,depth
1000444169,1999,34.0772,-117.0459,31.59252,depth
1000444169,2007,34.0772,-117.0459,30.708600000000004,depth
1000444260,1958,34.0795,-117.2948,24.688799999999997,depth
1000444260,1959,34.0795,-117.2948,-36.8808,depth
1000444260,1964,34.0795,-117.2948,-38.1,depth
1000444260,1965,34.0795,-117.2948,21.336000000000006,depth
1000444320,1956,34.0814,-117.2945,-27.462480000000003,depth
1000444320,1957,34.0814,-117.2945,24.5364,depth
1000444325,1964,34.0817,-117.2873,-20.055839999999996,depth
1000444753,2005,34.0945,-117.1236,47.10531999999999,depth
1000444753,2007,34.0945,-117.1236,-23.60523,depth
1000444761,1998,34.0947,-117.1288,28.192479999999996,depth
1000444761,2005,34.0947,-117.1288,45.34967,depth
1000444761,2011,34.0947,-117.1288,43.41723,depth
1000444761,2017,34.0947,-117.1288,42.99507000000001,depth
1000444761,2019,34.0947,-117.1288,29.8003,depth
1000444761,2021,34.0947,-117.1288,-19.958299999999994,depth
1000444762,1998,34.0947,-117.1288,26.118320000000004,depth
1000444762,1999,34.0947,-117.1288,-19.56512,depth
1000444762,2005,34.0947,-117.1288,44.56633,depth
1000444762,2011,34.0947,-117.1288,41.885619999999996,depth
1000444762,2017,34.0947,-117.1288,43.744879999999995,depth
1000444762,2019,34.0947,-117.1288,32.28136,depth
1000444762,2021,34.0947,-117.1288,-20.074129999999997,depth
1000444763,1998,34.0947,-117.1288,29.646369999999997,depth
1000444763,1999,34.0947,-117.1288,-20.589240000000004,depth
1000444763,2005,34.0947,-117.1288,51.53254,depth
1000444763,2011,34.0947,-117.1288,38.54958,depth
1000444763,2014,34.0947,-117.1288,-20.107659999999996,depth
1000444763,2017,34.0947,-117.1288,40.73043,depth
1000444763,2018,34.0947,-117.1288,-21.29943,depth
1000444763,2019,34.0947,-117.1288,37.58489,depth
1000444763,2021,34.0947,-117.1288,-21.220179999999992,depth
1000444764,2012,34.0947,-117.1287,-20.784319999999997,depth
1000445090,1983,34.1042,-117.2506,-19.5072,depth
1000445303,1956,34.11,-117.1695,-21.09216,depth
1000445408,1993,34.1136,-117.1423,31.78302,depth
1000445408,2005,34.1136,-117.1423,27.828240000000008,depth
1000445551,2005,34.1176,-117.7059,35.35680000000001,depth
1000445833,2009,34.1242,-116.445,30.784800000000004,depth
1000445851,2000,34.1247,-116.4281,-27.127200000000002,depth
1000445873,1996,34.1253,-116.4206,22.2504,depth
1000445873,1997,34.1253,-116.4206,19.507199999999997,depth
1000445873,2000,34.1253,-116.4206,25.755599999999994,depth
1000445885,1996,34.1256,-116.422,21.4884,depth
1000445886,1996,34.1256,-116.4222,21.0312,depth
1000445886,1999,34.1256,-116.4222,-25.6032,depth
1000445886,2001,34.1256,-116.4222,53.6448,depth
1000445910,1992,34.1267,-116.4161,-24.688799999999986,depth
1000445910,1997,34.1267,-116.4161,23.7744,depth
1000445910,1999,34.1267,-116.4161,-19.811999999999998,depth
1000445930,2001,34.1267,-116.4136,45.20489,depth
1000445930,2002,34.1267,-116.4136,-31.48888999999999,depth
1000445930,2003,34.1267,-116.4136,29.541219999999996,depth
1000445936,1997,34.127,-116.4197,33.87396,depth
1000445948,1997,34.1274,-116.4131,22.5552,depth
1000446045,1996,34.1295,-116.4125,26.16247,depth
1000446045,1997,34.1295,-116.4125,27.802329999999998,depth
1000446046,1996,34.1295,-116.4125,34.71064,depth
1000446079,1997,34.1347,-116.3964,24.93264,depth
1000446079,2009,34.1347,-116.3964,-23.469600000000007,depth
1000446079,2010,34.1347,-116.3964,29.870400000000004,depth
1000446087,2001,34.1308,-116.4064,24.536400000000008,depth
1000446327,1995,34.1374,-117.427,29.31566000000001,depth
1000446327,1999,34.1374,-117.427,-27.10891000000001,depth
1000446327,2001,34.1374,-117.427,42.534839999999996,depth
1000446514,2013,34.1414,-117.4789,54.67199999999998,depth
1000446777,2003,34.1475,-117.472,64.17710000000002,depth
1000446777,2004,34.1475,-117.472,-48.93860000000001,depth
1000446777,2014,34.1475,-117.472,74.0771,depth
1000446919,2005,34.1515,-117.3691,48.46320000000001,depth
1000446919,2006,34.1515,-117.3691,22.2504,depth
1000447176,1994,34.1576,-117.4069,21.694100000000006,depth
1000447177,1994,34.1576,-117.4069,21.491499999999988,depth
1000447946,1938,34.1675,-117.3898,41.910000000000004,depth
1000448517,1997,34.1844,-90.56167,22.1041,depth
1000448517,1998,34.1844,-90.56167,-25.12467,depth
1000448793,1968,34.1895,-117.3414,24.62784,depth
1000450049,1992,34.2269,-88.71678,19.975070000000002,depth
1000450373,1967,34.2359,-88.6804,-36.8808,depth
1000450896,1958,34.2395,-91.9468,-27.538680000000003,depth
1000450926,1959,34.2389,-91.94808,-22.37384,depth
1000451089,1959,34.2462,-91.92404,-23.593049999999998,depth
1000451449,1992,34.2576,-88.72339,21.320759999999993,depth
1000451556,1992,34.262,-88.73783,20.037550000000003,depth
1000451653,1992,34.2632,-88.70811,20.3774,depth
1000451747,1978,34.2658,-119.1298,22.920959999999997,depth
1000453616,2013,34.3257,-103.1866,-22.66489,depth
1000456134,1941,34.3925,-119.4865,21.80082,depth
1000456503,1986,34.4019,-119.5071,-21.534116,depth
1000456609,1974,34.4042,-112.6841,-41.53205,depth
1000457387,1990,34.4192,-119.6946,-24.518107999999998,depth
1000457387,1991,34.4192,-119.6946,20.802595999999998,depth
1000457388,1990,34.4192,-119.6946,-22.302212,depth
1000457388,1991,34.4192,-119.6946,22.844756,depth
1000457555,1991,34.4225,-119.7074,19.70685,depth
1000458460,1974,34.4371,-119.7856,-41.52290000000001,depth
1000458460,1976,34.4371,-119.7856,23.9268,depth
1000458603,1983,34.4392,-119.7957,22.69236,depth
1000458636,1998,34.4397,-119.7807,27.706319999999998,depth
1000458636,1999,34.4397,-119.7807,-19.7297,depth
1000458750,1955,34.4414,-119.769,-42.702476000000004,depth
1000459770,1978,34.4558,-119.2065,21.793200000000002,depth
1000460223,2005,34.4636,-117.3642,-41.85810000000001,depth
1000460223,2006,34.4636,-117.3642,39.99889999999999,depth
1000460527,1999,34.4697,-117.2429,-31.699200000000005,depth
1000462371,1979,34.5031,-117.8423,29.367479999999993,depth
1000462482,1953,34.5055,-118.0298,-24.35352,depth
1000462482,1957,34.5055,-118.0298,-23.1648,depth
1000462482,1959,34.5055,-118.0298,-25.69464,depth
1000462482,1960,34.5055,-118.0298,21.73224,depth
1000463436,2010,34.5294,-117.277,21.025100000000002,depth
1000463436,2011,34.5294,-117.277,-23.442169999999997,depth
1000463436,2014,34.5294,-117.277,-25.312112,depth
1000464505,1983,34.5506,-109.6229,-21.838919999999998,depth
1000464505,1984,34.5506,-109.6229,24.292559999999998,depth
1000464505,1985,34.5506,-109.6229,-26.79192,depth
1000465414,1945,34.5722,-118.1204,25.145999999999994,depth
1000465548,1993,34.5751,-117.3409,-20.439884,depth
1000465548,2006,34.5751,-117.3409,-55.83330999999999,depth
1000465548,2010,34.5751,-117.3409,23.06116,depth
1000465614,1978,34.5767,-120.6421,35.218112000000005,depth
1000466481,1969,34.5955,-118.0926,-19.507199999999997,depth
1000466771,1994,34.6003,-112.3466,23.530599999999993,depth
1000467265,1985,34.6092,-111.3346,31.88209999999998,depth
1000468592,1938,34.6309,-91.60985,-21.87854,depth
1000469303,1952,34.6425,-118.0506,-30.67812,depth
1000469967,2006,34.6522,-119.9918,-22.832570000000004,depth
1000470781,1963,34.6642,-118.1176,-36.449510000000004,depth
1000470983,1973,34.6667,-118.2192,21.53871000000001,depth
1000471029,1997,34.6681,-118.1305,-42.11724000000001,depth
1000471031,2007,34.6681,-118.1305,21.598129999999998,depth
1000471123,2008,34.6689,-118.1306,-24.51505999999999,depth
1000471231,1993,34.6711,-120.4846,-28.588718,depth
1000471231,1994,34.6711,-120.4846,28.02941,depth
1000471437,2014,34.6744,-120.0326,-20.69287,depth
1000471651,1942,34.6775,-120.3574,27.370999999999995,depth
1000471722,1968,34.6786,-118.2163,-21.6408,depth
1000472121,1965,34.6859,-118.1581,-24.384000000000007,depth
1000472492,1960,34.6918,-118.1332,23.9268,depth
1000472492,1964,34.6918,-118.1332,21.336,depth
1000472492,1967,34.6918,-118.1332,-22.86,depth
1000472755,2000,34.6983,-120.5646,33.326840000000004,depth
1000473882,1959,34.7108,-118.1304,22.86,depth
1000473882,1961,34.7108,-118.1304,-21.290279999999996,depth
1000475949,1963,34.7492,-117.9615,-22.006559999999997,depth
1000476987,1957,34.7691,-118.2423,21.09216,depth
1000478239,1957,34.7928,-118.5979,-22.158999999999992,depth
1000478430,1978,34.7968,-119.4489,24.07616,depth
1000479257,1957,34.8147,-118.6159,27.61488,depth
1000480301,1974,34.8373,-106.106,20.522185999999998,depth
1000482001,1993,34.8619,-117.1806,19.562067999999996,depth
1000485066,1962,34.9136,-120.3357,20.63496,depth
1000485230,2018,34.9161,-120.336,25.633680000000002,depth
1000485374,2001,34.9189,-118.4856,26.47493,depth
1000485555,2018,34.923,-120.3479,21.89988,depth
1000485720,2018,34.9261,-120.3565,24.033479999999997,depth
1000485833,2009,34.9279,-119.6618,26.299669999999992,depth
1000485865,2008,34.9283,-117.2042,40.27627,depth
1000485934,1968,34.9297,-120.374,20.86965,depth
1000485934,1979,34.9297,-120.374,23.832309999999996,depth
1000485945,1948,34.93,-120.4071,-32.9946,depth
1000485997,2016,34.9311,-120.3677,26.535890000000002,depth
1000486134,1948,34.9341,-119.5473,-23.622,depth
1000486134,1949,34.9341,-119.5473,21.21408,depth
1000486720,1968,34.9378,-120.3871,24.71928,depth
1000486720,1979,34.9378,-120.3871,21.915119999999998,depth
1000486720,1993,34.9378,-120.3871,19.5072,depth
1000486720,2015,34.9378,-120.3871,-19.641309999999997,depth
1000486720,2018,34.9378,-120.3871,26.72486,depth
1000486723,1973,34.9382,-88.53227,-37.61232,depth
1000486875,1978,34.9408,-120.3627,25.030178,depth
1000486876,1978,34.9408,-120.3632,29.599130000000002,depth
1000487417,1978,34.9436,-120.3671,25.46909,depth
1000487511,2004,34.9458,-120.3874,-19.5072,depth
1000487845,2012,34.9528,-120.3866,22.29002,depth
1000491210,1983,35.0372,-118.3029,30.896049999999995,depth
1000491210,1993,35.0372,-118.3029,32.32704,depth
1000492653,1971,35.0766,-119.1062,22.128500000000003,depth
1000494617,1956,35.1147,-117.9695,20.421599999999998,depth
1000495093,1954,35.1269,-118.0017,-38.10000000000001,depth
1000496152,1996,35.1514,-111.7363,-40.538400000000024,depth
1000496578,1995,35.1933,-111.7199,-28.43779999999998,depth
1000497627,2004,35.1736,-111.511,22.15889999999996,depth
1000498346,2014,35.1907,-116.6318,-20.083270000000006,depth
1000498666,1981,35.2095,-101.1271,22.158960000000008,depth
1000498666,1982,35.2095,-101.1271,-27.06626,depth
1000500663,1969,35.245,-111.6841,24.86558,depth
1000500663,1973,35.245,-111.6841,24.643080000000005,depth
1000500663,1974,35.245,-111.6841,-25.527,depth
1000500886,1943,35.2544,-114.0855,-24.384,depth
1000501053,2006,35.2517,-106.7356,-46.01259999999999,depth
1000501676,2007,35.2736,-106.7325,-23.081000000000017,depth
1000501676,2008,35.2736,-106.7325,25.58789999999999,depth
1000501845,1980,35.2787,-97.48254,-31.242000000000004,depth
1000502067,1959,35.2872,-117.9426,-21.220176,depth
1000502219,2007,35.2919,-106.6933,-30.123400000000004,depth
1000502778,1979,35.3111,-117.9423,-30.821376,depth
1000502972,1981,35.3095,-101.5199,-20.147299999999987,depth
1000503266,2009,35.4009,-102.0924,-20.87879999999999,depth
1000503363,1994,35.4317,-101.5066,-20.090900000000005,depth
1000503494,1979,35.3205,-120.8124,-23.637240000000002,depth
1000504038,2009,35.3366,-77.51247,47.4726,depth
1000504124,2010,35.3389,-106.4474,-20.272249999999993,depth
1000504301,1977,35.3428,-97.4942,-30.711669999999998,depth
1000506082,2001,35.3959,-101.6085,21.640800000000013,depth
1000507193,1980,35.4417,-97.38531,-19.507200000000005,depth
1000507234,1976,35.4437,-97.42726,52.76088,depth
1000507875,1979,35.4562,-97.4517,-41.513760000000005,depth
1000508083,1979,35.4573,-97.38059,21.0312,depth
1000508083,1980,35.4573,-97.38059,-23.13584,depth
1000508083,1981,35.4573,-97.38059,19.74646,depth
1000508083,1982,35.4573,-97.38059,-33.092119999999994,depth
1000508525,1964,35.478,-119.1712,-24.566880000000005,depth
1000508525,1965,35.478,-119.1712,41.818560000000005,depth
1000508889,1982,35.493,-119.4973,25.450800000000008,depth
1000508889,1983,35.493,-119.4973,24.2316,depth
1000509498,2003,35.5156,-108.5877,-21.82368,depth
1000509498,2004,35.5156,-108.5877,24.993599999999997,depth
1000509498,2010,35.5156,-108.5877,-22.128480000000003,depth
1000509498,2011,35.5156,-108.5877,25.968960000000003,depth
1000509570,1986,35.5192,-114.0355,22.433300000000017,depth
1000509802,2007,35.5264,-108.7626,80.82679999999999,depth
1000509802,2008,35.5264,-108.7626,-69.56139999999999,depth
1000509802,2009,35.5264,-108.7626,64.30969999999999,depth
1000510737,2010,35.563,-105.2472,-74.44736,depth
1000510737,2013,35.563,-105.2472,21.872439999999997,depth
1000510979,2010,35.5717,-105.2492,-33.680400000000006,depth
1000510979,2014,35.5717,-105.2492,21.14397000000001,depth
1000511334,2004,35.5803,-101.3743,-38.25240000000001,depth
1000511334,2005,35.5803,-101.3743,24.384000000000007,depth
1000511669,2011,35.7459,-100.8099,-42.473900000000015,depth
1000511937,2007,35.5943,-108.7769,73.2251,depth
1000511937,2009,35.5943,-108.7769,-56.23559999999998,depth
1000511937,2010,35.5943,-108.7769,70.56119999999999,depth
1000512496,1957,35.6125,-119.3937,-29.489400000000003,depth
1000512496,1958,35.6125,-119.3937,30.327600000000004,depth
1000512496,1974,35.6125,-119.3937,-32.613600000000005,depth
1000512513,1978,35.6138,-108.5162,-43.2816,depth
1000512514,1988,35.6136,-108.5167,74.96864,depth
1000513769,1983,35.6576,-97.48143,-32.3088,depth
1000514275,1959,35.675,-119.3668,-38.099999999999994,depth
1000514275,1962,35.675,-119.3668,19.964400000000005,depth
1000514275,1963,35.675,-119.3668,-26.82240000000001,depth
1000514275,1965,35.675,-119.3668,39.624,depth
1000514275,1969,35.675,-119.3668,25.907999999999994,depth
1000514275,1974,35.675,-119.3668,-21.36648000000001,depth
1000514275,1988,35.675,-119.3668,-25.450799999999994,depth
1000514275,1989,35.675,-119.3668,25.298399999999994,depth
1000514275,1991,35.675,-119.3668,-24.841199999999994,depth
1000514353,1987,35.6775,-108.5262,42.45859999999999,depth
1000514353,1988,35.6775,-108.5262,35.411699999999996,depth
1000514353,1989,35.6775,-108.5262,59.094600000000014,depth
1000514475,1950,35.6817,-94.15048,20.43074,depth
1000516540,1965,35.7597,-119.0984,21.336000000000013,depth
1000517903,1941,35.8013,-119.1834,19.811999999999998,depth
1000519272,1974,35.8744,-119.4796,19.811999999999998,depth
1000520947,2011,35.9252,-107.4669,28.602430000000002,depth
1000521277,2011,35.9497,-78.68716,23.515319999999996,depth
1000521495,1984,35.9637,-96.58918,-43.83024,depth
1000521495,1985,35.9637,-96.58918,44.104560000000006,depth
1000521495,1986,35.9637,-96.58918,-57.454800000000006,depth
1000521497,2014,35.9638,-92.69263,37.46600999999999,depth
1000521571,1978,35.9681,-92.23124,-89.83220000000001,depth
1000521571,1979,35.9681,-92.23124,-20.566399999999987,depth
1000521571,1980,35.9681,-92.23124,38.709599999999995,depth
1000521571,1981,35.9681,-92.23124,61.5086,depth
1000521578,1981,35.9701,-91.55487,23.981660000000005,depth
1000521748,1993,35.9826,-94.12159,22.021800000000006,depth
1000521760,1989,35.9841,-94.30198,26.484069999999996,depth
1000521787,2005,35.9856,-96.73947,-26.95347,depth
1000522273,1976,36.0148,-115.8577,-26.110689999999998,depth
1000523302,1994,36.0463,-115.3799,-25.037799999999997,depth
1000523302,1995,36.0463,-115.3799,29.443679999999997,depth
1000523302,1997,36.0463,-115.3799,-33.413700000000006,depth
1000523302,1999,36.0463,-115.3799,21.236940000000004,depth
1000523302,2000,36.0463,-115.3799,-61.2953,depth
1000523302,2007,36.0463,-115.3799,-33.13784999999999,depth
1000523302,2008,36.0463,-115.3799,-31.094170000000005,depth
1000523689,1978,36.0625,-115.0089,-22.713696,depth
1000523927,2001,36.0717,-110.5915,-33.7414,depth
1000524411,2006,33.1354,-92.63627,25.962860000000006,depth
1000524530,1977,36.0794,-119.679,-21.336,depth
1000524530,1979,36.0794,-119.679,20.726399999999998,depth
1000525082,1981,36.1033,-107.8142,-73.89880000000001,depth
1000525082,1983,36.1033,-107.8142,40.37380000000002,depth
1000525082,1984,36.1033,-107.8142,-33.97300000000001,depth
1000525119,1975,36.1044,-115.1725,25.41422,depth
1000525344,1973,36.112,-93.12041,-31.485799999999998,depth
1000525344,1978,36.112,-93.12041,23.862800000000007,depth
1000525592,1985,36.1275,-115.2583,-37.5727,depth
1000525875,2000,36.1397,-119.5465,-21.031200000000002,depth
1000526734,2006,36.1597,-115.2583,56.392579999999995,depth
1000526735,1998,36.16,-115.2597,82.32957000000002,depth
1000526735,1999,36.16,-115.2597,-37.69007,depth
1000526735,2000,36.16,-115.2597,38.656279999999995,depth
1000526735,2001,36.16,-115.2597,-73.55738,depth
1000526743,1992,36.1647,-115.2417,50.398669999999996,depth
1000526743,1993,36.1647,-115.2417,21.514309999999995,depth
1000526743,1994,36.1647,-115.2417,-59.25157999999999,depth
1000526775,1969,36.1605,-119.8149,21.732240000000004,depth
1000526775,1977,36.1605,-119.8149,-44.196,depth
1000526775,1988,36.1605,-119.8149,-21.7932,depth
1000526775,1990,36.1605,-119.8149,-23.012400000000007,depth
1000526788,1993,36.1619,-115.2243,51.32524,depth
1000526788,1995,36.1619,-115.2243,24.655269999999994,depth
1000526788,1996,36.1619,-115.2243,-44.67758,depth
1000526788,1998,36.1619,-115.2243,21.223220000000005,depth
1000526788,1999,36.1619,-115.2243,28.75788,depth
1000526788,2001,36.1619,-115.2243,-36.7284,depth
1000526788,2003,36.1619,-115.2243,63.17437,depth
1000526788,2004,36.1619,-115.2243,-59.064150000000005,depth
1000526804,1972,36.1655,-115.1906,-29.260799999999996,depth
1000526804,1993,36.1655,-115.1906,34.911788,depth
1000526804,1994,36.1655,-115.1906,-27.243027999999995,depth
1000526818,1993,36.1622,-115.2589,65.34607999999999,depth
1000526818,1994,36.1622,-115.2589,-54.43728,depth
1000526818,1998,36.1622,-115.2589,43.362399999999994,depth
1000526818,1999,36.1622,-115.2589,43.350139999999996,depth
1000526818,2000,36.1622,-115.2589,-76.68154000000001,depth
1000526823,1990,36.1622,-115.1908,20.804119999999998,depth
1000526825,1988,36.1629,-94.07437,21.61330000000001,depth
1000526943,1975,36.1669,-115.1889,-21.4884,depth
1000527018,1993,36.17,-115.1922,29.239459999999998,depth
1000527018,1994,36.17,-115.1922,-27.046429999999997,depth
1000527071,1994,36.1741,-115.2014,-19.563590000000005,depth
1000527083,1975,36.1769,-115.1969,-24.0792,depth
1000527084,1988,36.1739,-115.1969,19.74342,depth
1000527091,1975,36.1729,-93.01394,-65.74839999999999,depth
1000527091,1985,36.1729,-93.01394,-27.810000000000002,depth
1000527119,1995,36.1758,-115.1914,-25.283159999999995,depth
1000527134,1991,36.1769,-115.2014,22.959060000000008,depth
1000527369,1993,36.1852,-115.2425,23.378140000000002,depth
1000527457,1993,36.1889,-115.1822,24.067010000000003,depth
1000527463,1996,36.1894,-115.2403,-19.889719999999997,depth
1000527463,1998,36.1894,-115.2403,28.422600000000003,depth
1000527463,2003,36.1894,-115.2403,20.20519,depth
1000527603,1993,36.2027,-115.2228,42.16756,depth
1000527603,1995,36.2027,-115.2228,-28.212289999999996,depth
1000527603,1998,36.2027,-115.2228,25.03627000000001,depth
1000527603,2001,36.2027,-115.2228,-25.62149,depth
1000527675,1971,36.1972,-115.9959,-25.664164,depth
1000527675,1973,36.1972,-115.9959,26.346916,depth
1000527897,1972,36.2061,-115.105,23.22881,depth
1000527999,1972,36.2152,-115.1953,-20.116799999999998,depth
1000528161,1990,36.2161,-115.0567,22.48967,depth
1000528235,2006,36.2189,-115.2856,26.76597000000001,depth
1000528235,2007,36.2189,-115.2856,52.31739999999999,depth
1000528258,1999,36.2197,-115.2792,22.8737,depth
1000528258,2002,36.2197,-115.2792,58.286919999999995,depth
1000528258,2003,36.2197,-115.2792,-46.901120000000006,depth
1000528258,2005,36.2197,-115.2792,26.52980000000001,depth
1000528258,2006,36.2197,-115.2792,54.02884999999999,depth
1000528283,2000,36.2208,-115.2883,32.756879999999995,depth
1000528283,2001,36.2208,-115.2883,-26.93978,depth
1000528283,2005,36.2208,-115.2883,69.69708,depth
1000528283,2006,36.2208,-115.2883,-70.34788,depth
1000528318,1999,36.2225,-115.2792,71.55787,depth
1000528318,2000,36.2225,-115.2792,-59.333870000000005,depth
1000528318,2006,36.2225,-115.2792,30.51957999999999,depth
1000528318,2007,36.2225,-115.2792,26.761440000000007,depth
1000528319,1999,36.2225,-115.2856,56.444349999999986,depth
1000528319,2000,36.2225,-115.2856,-29.954250000000002,depth
1000528384,1968,36.2252,-116.0059,19.610827999999998,depth
1000528626,1988,36.2338,-120.1215,-28.651200000000003,depth
1000528626,1992,36.2338,-120.1215,24.0792,depth
1000528901,1969,36.245,-92.69009,-22.125439999999998,depth
1000528901,1981,36.245,-92.69009,22.49423999999999,depth
1000528932,1980,36.2466,-120.2554,19.507199999999983,depth
1000528932,1988,36.2466,-120.2554,65.532,depth
1000528932,1989,36.2466,-120.2554,-62.788799999999995,depth
1000528932,1991,36.2466,-120.2554,29.87039999999999,depth
1000529408,1981,36.2655,-115.6588,-22.104096,depth
1000529454,2003,36.2672,-115.2733,23.53971,depth
1000529454,2007,36.2672,-115.2733,27.142438000000002,depth
1000529606,1993,36.2727,-115.5856,24.795500000000004,depth
1000529606,1994,36.2727,-115.5856,-21.204999999999984,depth
1000529606,1995,36.2727,-115.5856,27.630200000000002,depth
1000530799,1983,36.3216,-93.44257,-20.839180000000013,depth
1000530997,1987,36.3283,-113.5222,26.517600000000016,depth
1000531639,1969,36.3394,-93.4345,-28.648149999999994,depth
1000532765,1992,36.3861,-120.2079,-24.993599999999994,depth
1000532765,1995,36.3861,-120.2079,21.336,depth
1000532784,1984,36.3869,-93.71477,50.904639999999986,depth
1000532984,1981,36.3943,-93.74935,34.724299999999985,depth
1000532984,1982,36.3943,-93.74935,35.49853,depth
1000532984,1984,36.3943,-93.74935,21.00072,depth
1000533267,2007,36.4048,-119.8945,-27.715459999999993,depth
1000533316,1975,36.4068,-94.02266,-23.929850000000002,depth
1000533990,1972,36.4314,-103.126,23.518369999999997,depth
1000533990,1974,36.4314,-103.126,-69.09206,depth
1000534321,1977,36.4458,-120.3104,-39.685,depth
1000534321,1978,36.4458,-120.3104,22.494200000000006,depth
1000535228,1982,36.4867,-99.77206,-22.52167,depth
1000535246,1977,36.4869,-120.3335,-35.6006,depth
1000535246,1978,36.4869,-120.3335,20.299599999999998,depth
1000539201,1975,36.6044,-120.5143,-24.993599999999986,depth
1000540524,1993,36.6491,-120.5321,-23.4696,depth
1000541570,1962,36.6838,-120.4957,-44.5008,depth
1000541761,1991,36.6908,-120.5135,-35.71952999999999,depth
1000542774,2003,36.7464,-91.8785,-34.33877,depth
1000542774,2004,36.7464,-91.8785,26.52979,depth
1000542774,2008,36.7464,-91.8785,19.863819999999997,depth
1000542774,2017,36.7464,-91.8785,-23.06116,depth
1000542774,2020,36.7464,-91.8785,30.925010000000004,depth
1000542774,2022,36.7464,-91.8785,-33.576769999999996,depth
1000543492,2008,36.7481,-93.91011,19.773899999999998,depth
1000543492,2016,36.7481,-93.91011,19.900419999999997,depth
1000543492,2017,36.7481,-93.91011,-19.658119999999997,depth
1000545354,2003,36.8119,-108.364,-39.19424,depth
1000545354,2004,36.8119,-108.364,-25.18566,depth
1000545354,2008,36.8119,-108.364,-52.22747,depth
1000545653,1984,36.8241,-121.3622,21.0312,depth
1000545861,1993,36.8334,-116.8239,-41.2852,depth
1000545861,1994,36.8334,-116.8239,72.84719999999999,depth
1000545861,1995,36.8334,-116.8239,-47.045799999999986,depth
1000545861,1996,36.8334,-116.8239,-63.23079999999999,depth
1000545861,1997,36.8334,-116.8239,22.87519999999995,depth
1000545861,1998,36.8334,-116.8239,34.793000000000035,depth
1000545861,1999,36.8334,-116.8239,29.9161,depth
1000546294,1989,36.8527,-116.8064,-39.166799999999995,depth
1000546294,1993,36.8527,-116.8064,35.90549999999999,depth
1000546294,1994,36.8527,-116.8064,-22.87529999999998,depth
1000546294,1996,36.8527,-116.8064,-37.383700000000005,depth
1000546294,1999,36.8527,-116.8064,47.18300000000002,depth
1000546294,2001,36.8527,-116.8064,23.180000000000007,depth
1000546307,1994,36.8527,-116.8259,40.43179999999998,depth
1000546307,1995,36.8527,-116.8259,-20.238799999999998,depth
1000546307,1996,36.8527,-116.8259,-21.854100000000017,depth
1000546364,2006,36.8548,-91.36541,29.76064000000001,depth
1000546364,2017,36.8548,-91.36541,19.708360000000013,depth
1000546366,2006,36.8548,-91.36541,34.47283999999999,depth
1000546447,1994,36.8583,-116.8231,20.269200000000012,depth
1000547178,1992,36.8867,-91.31263,-23.469600000000003,depth
1000547254,2017,36.8896,-120.6702,22.12086,depth
1000547962,2007,36.9141,-93.93197,32.430800000000005,depth
1000547962,2012,36.9141,-93.93197,-33.954719999999995,depth
1000547962,2013,36.9141,-93.93197,44.27677,depth
1000548121,1992,36.9206,-91.33236,-20.680679999999995,depth
1000548363,1979,36.9281,-101.0782,22.479,depth
1000548364,1979,36.9281,-101.0807,22.479,depth
1000548364,1980,36.9281,-101.0807,-21.692619999999998,depth
1000548881,1992,36.947,-91.37652,-62.51448,depth
1000548881,1993,36.947,-91.37652,39.395399999999995,depth
1000549199,1979,36.9595,-94.85773,21.339048,depth
1000549553,1992,36.9712,-91.45764,-26.395680000000006,depth
1000549553,1993,36.9712,-91.45764,21.198840000000004,depth
1000549646,1991,36.9739,-91.34458,-28.392120000000006,depth
1000549688,1979,36.9752,-122.1308,29.04744,depth
1000550073,1978,36.9897,-121.8222,-21.244559999999993,depth
1000550256,2012,36.9969,-91.70342,-19.880570000000006,depth
1000552125,1978,37.0735,-116.1671,-46.51250000000002,depth
1000552125,1979,37.0735,-116.1671,34.59480000000002,depth
1000553028,2008,37.1066,-92.41317,21.4366,depth
1000553294,2015,37.1154,-93.06508,23.561040000000006,depth
1000553889,1974,37.1421,-93.2978,-25.024080000000005,depth
1000554094,2018,37.1411,-94.46119,-22.76249999999999,depth
1000555073,2010,37.1765,-94.28703,33.74438000000001,depth
1000555073,2011,37.1765,-94.28703,-27.48688,depth
1000555073,2021,37.1765,-94.28703,26.941280000000006,depth
1000555073,2022,37.1765,-94.28703,46.53991,depth
1000555106,1997,37.1785,-116.24,-30.480000000000018,depth
1000555108,1997,37.1785,-116.24,-21.8938,depth
1000555271,1993,37.1849,-116.1851,-28.194000000000017,depth
1000555496,1963,37.192,-116.2173,-35.93599999999998,depth
1000560528,1986,37.3851,-94.09411,26.212799999999994,depth
1000560859,2021,37.3939,-94.09133,-36.14623,depth
1000561200,1985,37.407,-94.49106,-36.454080000000005,depth
1000562756,1971,37.4625,-102.4182,-23.37816,depth
1000563313,1993,37.4885,-120.7466,29.263849999999998,depth
1000563313,1994,37.4885,-120.7466,-36.20414,depth
1000563561,2022,37.4998,-94.26944,-20.837599999999995,depth
1000567333,2007,37.646,-119.0429,-22.90877,depth
1000567925,1977,37.6638,-121.7991,-20.77212,depth
1000571140,1951,37.7658,-121.9613,21.51888,depth
1000572949,1971,37.825,-102.2477,25.87752,depth
1000575326,2010,37.9079,-105.7902,23.74849,depth
1000575326,2011,37.9079,-105.7902,-20.83765,depth
1000575615,2015,37.9187,-105.8498,-20.660870000000003,depth
1000575772,1982,37.9248,-94.31467,24.14016,depth
1000582957,1993,38.1409,-99.95735,54.98591999999999,depth
1000585699,1993,38.2324,-120.8788,27.694126,depth
1000585789,2003,38.224,-90.39642,25.008840000000006,depth
1000589091,1983,38.3282,-122.2325,49.6824,depth
1000589255,2002,38.3329,-122.2376,21.299419999999998,depth
1000590085,1999,38.3576,-75.07685,-24.09444,depth
1000590085,2000,38.3576,-75.07685,21.352764,depth
1000595359,1958,38.5315,-76.97914,36.61563,depth
1000595981,1989,38.5457,-76.68078,-22.72284,depth
1000595981,1990,38.5457,-76.68078,22.21382,depth
1000595981,1991,38.5457,-76.68078,-23.89022,depth
1000596111,2010,38.55,-76.68739,-47.17542,depth
1000600351,2012,38.693,-76.90292,-27.776419999999995,depth
1000603219,2009,38.7859,-76.08383,22.384520000000002,depth
1000603219,2021,38.7859,-76.08383,22.13153,depth
1000604117,1977,38.8164,-119.3986,25.816560000000003,depth
1000606558,1980,38.8942,-107.7295,-73.14281,depth
1000606639,1980,38.8967,-107.6731,-45.5737,depth
1000606935,1981,38.9094,-108.074,19.70229999999998,depth
1000607427,1981,38.9286,-107.7817,-29.70886000000001,depth
1000608944,2004,38.9771,-90.99608,27.00981,depth
1000608944,2012,38.9771,-90.99608,-37.566599999999994,depth
1000608944,2013,38.9771,-90.99608,39.36185999999999,depth
1000610252,2022,39.0177,-76.67389,-20.404829999999997,depth
1000611572,2003,39.0555,-104.9072,-25.57577,depth
1000611572,2007,39.0555,-104.9072,24.45106,depth
1000611572,2010,39.0555,-104.9072,22.235158,depth
1000611572,2016,39.0555,-104.9072,39.794684,depth
1000611774,2007,39.0609,-78.11889,-22.552149999999997,depth
1000611774,2008,39.0609,-78.11889,23.253189999999996,depth
1000612004,1981,39.0669,-108.5898,21.0312,depth
1000612456,1988,39.0802,-113.185,-32.73552,depth
1000612643,2003,39.0853,-78.23028,31.415729999999996,depth
1000612643,2007,39.0853,-78.23028,-26.654764,depth
1000612686,2003,39.0866,-78.2237,20.482564,depth
1000612719,2003,39.0878,-78.22899,25.42032,depth
1000612719,2006,39.0878,-78.22899,-19.690080000000002,depth
1000612963,2014,39.0946,-76.75731,-22.369280000000003,depth
1000612963,2015,39.0946,-76.75731,22.357080000000003,depth
1000612963,2016,39.0946,-76.75731,-23.466550000000005,depth
1000612963,2017,39.0946,-76.75731,24.700990000000004,depth
1000614700,1979,39.1348,-91.70378,-22.14370000000001,depth
1000614700,1980,39.1348,-91.70378,28.193979999999996,depth
1000615678,1979,39.1631,-91.741,-20.192999999999998,depth
1000615732,2006,39.1647,-76.64442,33.790119999999995,depth
1000615732,2017,39.1647,-76.64442,-20.075650000000003,depth
1000615732,2018,39.1647,-76.64442,19.583400000000005,depth
1000615732,2019,39.1647,-76.64442,-35.57626,depth
1000615732,2020,39.1647,-76.64442,23.163279999999993,depth
1000615732,2022,39.1647,-76.64442,23.725629999999995,depth
1000616520,1979,39.1916,-121.2427,26.669999999999998,depth
1000617030,1985,39.2103,-92.08601,-31.68396,depth
1000617801,2013,39.2369,-79.44861,26.49017,depth
1000617801,2014,39.2369,-79.44861,21.90293,depth
1000617801,2015,39.2369,-79.44861,-91.38213,depth
1000617801,2021,39.2369,-79.44861,30.242239999999995,depth
1000618266,2014,39.2514,-79.445,36.48149000000001,depth
1000618266,2015,39.2514,-79.445,-52.48349,depth
1000618266,2019,39.2514,-79.445,-19.53150000000001,depth
1000618266,2021,39.2514,-79.445,35.030699999999996,depth
1000618298,1981,39.2534,-79.45227,-55.49493,depth
1000618308,1990,39.2537,-79.40977,-47.760633999999996,depth
1000618308,1991,39.2537,-79.40977,-31.850080000000005,depth
1000618308,1996,39.2537,-79.40977,49.85307999999999,depth
1000618308,1997,39.2537,-79.40977,-35.823139999999995,depth
1000618308,1998,39.2537,-79.40977,30.5181,depth
1000618308,1999,39.2537,-79.40977,-28.25496,depth
1000618308,2004,39.2537,-79.40977,-28.623770000000004,depth
1000618308,2009,39.2537,-79.40977,-20.647150000000003,depth
1000618308,2011,39.2537,-79.40977,38.00246,depth
1000618420,2004,39.2584,-79.41199,-49.46603,depth
1000618420,2008,39.2584,-79.41199,46.52929,depth
1000618421,2008,39.2584,-79.41199,38.666889999999995,depth
1000618421,2021,39.2584,-79.41199,36.47541,depth
1000618422,2005,39.2584,-79.41199,-28.794459999999997,depth
1000618423,2004,39.2584,-79.41199,-20.62734,depth
1000618490,1981,39.2604,-79.42894,-28.799025999999998,depth
1000618490,2005,39.2604,-79.42894,-44.75525999999999,depth
1000618491,2008,39.2609,-79.42922,33.34970000000001,depth
1000618492,1981,39.2609,-79.42922,-49.42942,depth
1000619489,2007,39.2876,-79.37505,38.820899999999995,depth
1000619489,2008,39.2876,-79.37505,57.805310000000006,depth
1000619491,1999,39.2876,-79.37505,-33.076899999999995,depth
1000619802,1978,39.2967,-91.71933,19.5133,depth
1000619969,1981,39.3017,-103.9666,-30.565350000000002,depth
1000622372,2021,39.3572,-119.6428,-35.807860000000005,depth
1000622993,2021,39.3739,-119.6445,-21.65909,depth
1000623412,2018,39.3869,-119.646,20.089369999999995,depth
1000629847,1958,39.5518,-79.79561,-22.282405999999998,depth
1000630714,1982,39.5739,-104.8769,-20.095500000000015,depth
1000632975,1978,39.6264,-104.8947,-35.96033,depth
1000638797,2016,35.9264,-99.71729,-23.321769999999997,depth
1000639937,2011,39.7714,-117.8095,22.70607,depth
1000641627,1990,39.8042,-84.03521,26.787343999999997,depth
1000642172,1990,39.8145,-84.04188,41.70730999999999,depth
1000643663,1996,39.842,-82.98324,-19.94306,depth
1000647405,1973,39.9064,-108.5326,20.116799999999998,depth
1000647853,1975,39.9147,-109.1868,-37.33800000000001,depth
1000648238,1979,39.9219,-105.1111,-38.42156,depth
1000648411,1973,39.925,-108.5257,20.482560000000007,depth
1000650778,1978,39.9686,-108.4706,-36.707060000000006,depth
1000651069,1978,39.9736,-105.1761,-20.7203,depth
1000651069,1979,39.9736,-105.1761,22.34336,depth
1000651707,1979,39.9844,-108.2801,-31.24199999999999,depth
1000651883,1978,39.9872,-108.5459,56.737,depth
1000653382,1978,40.0114,-104.9994,68.65925000000001,depth
1000653382,1981,40.0114,-104.9994,22.5933,depth
1000654152,1976,40.0253,-104.6708,36.451029999999996,depth
1000655406,1978,40.0467,-105.9358,22.137624,depth
1000655406,1981,40.0467,-105.9358,21.521928000000003,depth
1000655518,1980,40.0489,-108.3673,-27.508199999999988,depth
1000655518,1981,40.0489,-108.3673,31.717499999999987,depth
1000656563,1980,40.0661,-105.0308,-21.17903,depth
1000662261,1980,40.0028,-105.0917,24.33981,depth
1000662311,1977,40.1678,-80.87176,-27.09215,depth
1000666000,2003,40.2466,-79.85256,-24.577543999999996,depth
1000667056,2005,40.2696,-74.8138,-20.342356000000002,depth
1000667072,1998,40.2699,-74.81276,21.68043,depth
1000667072,2005,40.2699,-74.81276,-48.82285999999999,depth
1000667072,2006,40.2699,-74.81276,25.368499999999997,depth
1000667096,1998,40.2703,-74.81089,40.97731,depth
1000667097,1998,40.2703,-74.81092,38.819320000000005,depth
1000669719,1986,40.3252,-110.0554,24.982931999999998,depth
1000674437,2007,40.4267,-111.7863,20.59536,depth
1000675514,1979,40.4572,-109.9746,19.882108000000002,depth
1000678907,2008,40.5489,-90.51291,-48.46319999999999,depth
1000678907,2009,40.5489,-90.51291,31.39439999999999,depth
1000680529,1974,40.5926,-73.66985,-21.217129999999997,depth
1000684442,2009,40.6901,-111.9198,30.96768,depth
1030000098,2010,34.2408,-116.3739,28.413420000000002,depth
1030000106,2014,35.4817,-115.5245,-30.175199999999997,depth
1030000106,2018,35.4817,-115.5245,26.447500000000005,depth
1030000109,2015,34.0405,-117.6558,-23.010860000000008,depth
1030000193,2022,35.034,-117.7382,21.759680000000003,depth
1030000205,2010,33.0801,-116.6033,22.069049999999997,depth
1030000209,2011,33.078,-116.6003,22.271739999999994,depth
1030000220,2017,33.0802,-116.6032,24.236179999999997,depth
1030000225,2011,33.0782,-116.6005,22.579580000000007,depth
1030000233,2008,33.0793,-116.6017,27.398469999999996,depth
1030000233,2009,33.0793,-116.6017,-26.173179999999995,depth
1030000233,2011,33.0793,-116.6017,25.67635,depth
1030000239,2011,33.0789,-116.6015,20.50085,depth
1030000245,2014,35.4817,-115.5245,-30.175199999999997,depth
1030000268,2014,33.0923,-117.1971,-23.461980000000004,depth
1030000268,2021,33.0923,-117.1971,31.126179999999998,depth
1030000294,2021,35.0355,-117.7214,-31.894270000000006,depth
1030000294,2022,35.0355,-117.7214,25.260300000000008,depth
1030000308,2011,33.0793,-116.6017,20.84375,depth
1030000318,2011,33.0793,-116.6017,23.763730000000002,depth
1030000331,2011,33.0772,-116.6004,21.788630000000005,depth
1030000368,2022,35.0341,-117.7297,24.5364,depth
1030000424,2021,35.0356,-117.725,-20.036029999999997,depth
1030000424,2022,35.0356,-117.725,19.799809999999994,depth
1030000435,2011,33.0787,-116.6023,20.894039999999997,depth
1030002019,2020,33.9888,-117.9051,-19.501106,depth
1030002024,2020,33.9888,-117.9051,-19.533103999999998,depth
1030002251,2010,33.6277,-117.8378,20.877276,depth
1030002508,2021,32.7267,-117.1743,-23.426928,depth
1030002509,2021,32.7268,-117.1745,-23.669244000000003,depth
1030002510,2021,32.7269,-117.1747,-23.332440000000002,depth
1030002511,2021,32.727,-117.1749,-23.364444000000002,depth
1030002941,2021,32.727,-117.1748,-21.238464,depth
1030003122,2021,32.7268,-117.1745,-20.380452,depth
1030003295,2021,32.7269,-117.1747,-19.571208,depth
1030023875,2008,36.0086,-120.1197,-73.61680000000001,depth
1030023875,2009,36.0086,-120.1197,-72.75879999999998,depth
1030023898,2017,34.2378,-118.3805,-44.13652999999999,depth
1030023898,2018,34.2378,-118.3805,52.2945,depth
1030023908,2011,34.2201,-118.3787,-26.397199999999998,depth
1030023908,2012,34.2201,-118.3787,33.192719999999994,depth
1030023930,2018,33.911,-118.2723,-45.84954,depth
1030024009,2019,35.6228,-119.7373,-27.043380000000006,depth
1030024009,2020,35.6228,-119.7373,29.512260000000005,depth
1030024127,2008,36.1968,-119.0877,-88.17558,depth
1030024127,2009,36.1968,-119.0877,86.95638,depth
1030024129,2008,36.1965,-119.088,-44.685199999999995,depth
1030024129,2009,36.1965,-119.088,43.33342,depth
1030024133,2008,36.1964,-119.0886,-44.39717,depth
1030024133,2009,36.1964,-119.0886,43.18711,depth
1030024134,2008,36.1967,-119.0885,-87.14228,depth
1030024134,2009,36.1967,-119.0885,86.27664999999999,depth
1030024139,2006,34.0907,-118.2912,96.426512,depth
1030024142,2006,34.0905,-118.2914,96.78924,depth
1030024143,2006,34.0905,-118.2915,96.646032,depth
1030024190,2019,34.2414,-118.3881,21.307050000000004,depth
1030024193,2019,34.2437,-118.3896,25.703779999999995,depth
1030024277,2019,34.2411,-118.3771,22.526250000000005,depth
1030024997,2021,34.0266,-118.4214,-23.13889,depth
1030024999,2019,34.0267,-118.4214,21.51888,depth
1030025206,2005,34.0173,-118.1054,28.341829999999998,depth
1030025226,2005,34.0175,-118.1057,27.744419999999998,depth
1030025232,2005,34.0173,-118.1057,27.86329,depth
1030025236,2005,34.0174,-118.1055,27.88768,depth
1030025761,2011,34.9483,-120.3706,19.97355,depth
1030027043,2002,34.4392,-119.7799,-44.052749999999996,depth
1030027347,2002,38.8588,-120.0142,-22.524716,depth
1030027855,2003,38.858,-120.0137,-23.240996,depth
1030027944,2003,33.8035,-118.3197,34.448496,depth
1030028160,2003,33.8032,-118.3197,33.76879,depth
1030028166,2003,33.8033,-118.3195,33.790126,depth
1030028173,2003,33.8033,-118.3196,33.753550000000004,depth
1030028188,2003,33.8027,-118.3195,33.716976,depth
1030028275,2003,33.8027,-118.3191,33.410650000000004,depth
1030065045,2018,37.4162,-122.0256,23.86279,depth
1030065057,2018,37.4168,-122.0258,24.31694,depth
1030065059,2015,38.6178,-121.4013,38.115236,depth
1030065060,2015,38.6176,-121.4016,38.334696,depth
1030065062,2015,38.6179,-121.4012,38.142668,depth
1030065063,2015,38.6178,-121.4011,38.538916,depth
1030065064,2015,38.6178,-121.401,38.39718,depth
1030065066,2015,38.6177,-121.4012,38.20516,depth
1030065131,2006,38.5473,-121.3878,19.9202,depth
1030065182,2016,38.4509,-121.4748,22.39366,depth
1030068158,2006,36.9448,-121.754,-23.05202,depth
1030069873,2010,38.7604,-121.2619,-46.901098000000005,depth
1030070115,2010,38.7604,-121.2619,-46.456094,depth
1030071665,2003,36.6772,-121.64,-20.808699999999998,depth
1030071795,2010,38.7605,-121.2622,-45.969934,depth
1030072083,2003,36.6771,-121.6397,-20.40788,depth
1030072688,2003,36.6772,-121.6397,-20.415504,depth
1030075254,2003,36.677,-121.64,-19.930870000000002,depth
1030079787,2010,38.7612,-121.2612,-44.915324,depth
1030079924,2010,38.7625,-121.2598,-46.158908,depth
1030085235,2010,38.7596,-121.2633,-42.705524,depth
1030086023,2011,37.3761,-122.0129,-24.14016,depth
1030086023,2012,37.3761,-122.0129,24.384,depth
1030090515,2010,38.7666,-121.2569,-46.852334,depth
1030090772,2010,37.4137,-122.1494,-23.250144,depth
1030090772,2011,37.4137,-122.1494,23.222711999999998,depth
1030090772,2013,37.4137,-122.1494,-23.320246,depth
1030092899,2010,38.7631,-121.2612,-38.807136,depth
1030093722,2010,38.7631,-121.2611,-38.982394,depth
1030096480,2004,37.9524,-121.9582,-80.37576000000001,depth
1030096480,2005,37.9524,-121.9582,80.707992,depth
1030096882,2004,37.9526,-121.9584,-79.601568,depth
1030096882,2005,37.9526,-121.9584,80.000856,depth
1030097297,2004,37.9525,-121.9586,-79.638142,depth
1030097297,2005,37.9525,-121.9586,80.14258600000001,depth
1030098253,2007,37.76,-121.13,-22.86,depth
1030098253,2012,37.76,-121.13,-19.507199999999997,depth
1030103252,2011,34.6311,-120.4825,19.781519999999997,depth
1030103600,2011,34.631,-120.4824,20.293590000000002,depth
1030104024,2010,38.5972,-121.2635,-31.610809999999997,depth
1030104971,2011,34.6294,-120.4825,24.801569999999998,depth
1030105224,2011,34.6294,-120.4827,26.477980000000002,depth
1030105446,2010,38.7644,-121.2614,-26.903170000000003,depth
1030105502,2010,38.7655,-121.2608,-26.77668,depth
1030106263,2006,37.4141,-122.1486,32.22956,depth
1030106263,2007,37.4141,-122.1486,-22.981920000000002,depth
1030107237,2010,38.7632,-121.2622,-20.098509999999997,depth
1030107399,2017,34.6438,-120.6171,27.89987,depth
1030108583,2011,38.5674,-121.2883,-19.964399999999998,depth
1030108645,2022,36.8023,-121.6156,-46.997110000000006,depth
1030108768,2011,34.6262,-120.4845,33.92881,depth
1030108942,2011,34.6222,-120.4832,23.04898,depth
1030113258,2005,38.4352,-122.687,30.45409,depth
1030116348,2004,38.4461,-122.7227,20.987,depth
1030116348,2005,38.4461,-122.7227,21.014438000000002,depth
1030116349,2004,38.4459,-122.7228,20.831560000000003,depth
1030116349,2005,38.4459,-122.7228,20.84222,depth
1030116350,2004,38.4461,-122.7228,20.778219999999997,depth
1030116350,2005,38.4461,-122.7228,20.796502,depth
1030116351,2004,38.446,-122.723,20.805640000000004,depth
1030116351,2005,38.446,-122.723,20.851371999999998,depth
1030116352,2004,38.4463,-122.7231,20.160999999999998,depth
1030116352,2005,38.4463,-122.7231,20.212808000000003,depth
1030116353,2004,38.4463,-122.7236,19.862289999999998,depth
1030116353,2005,38.4463,-122.7236,20.127468,depth
1030118773,2009,40.196,-122.2932,68.24163,depth
1030118774,2009,40.1942,-122.2938,73.49949000000001,depth
1030118775,2009,40.1941,-122.2975,70.04303999999999,depth
1030118776,2009,40.1971,-122.3005,58.94226,depth
1030118777,2009,40.1942,-122.3012,72.41588,depth
1030118920,2015,38.301,-122.744,27.73375,depth
1030118920,2017,38.301,-122.744,20.452080000000002,depth
1040000244,2012,36.3111,-102.9325,-25.816519999999997,depth
1040005284,2004,35.5803,-101.3739,-38.25240000000001,depth
1040005284,2005,35.5803,-101.3739,24.384000000000007,depth
1040005412,1994,35.4317,-101.5061,-20.090900000000005,depth
1040005423,2001,35.3958,-101.6081,21.640800000000013,depth
1040005856,2002,35.3714,-101.5475,-21.640799999999984,depth
1040005908,1981,35.3094,-101.5194,-20.147299999999987,depth
1040006652,1981,35.2094,-101.1267,22.158960000000008,depth
1040006652,1982,35.2094,-101.1267,-27.06626,depth
1040007661,2009,35.4008,-102.0919,-20.87879999999999,depth
1040016825,2021,34.9194,-100.1217,22.786848000000003,depth
1040022255,2003,33.6,-95.90639,22.2504,depth
1040022255,2005,33.6,-95.90639,-62.78880000000001,depth
1040022255,2006,33.6,-95.90639,36.72840000000001,depth
1040022258,1977,33.565,-95.99833,-24.384000000000015,depth
1040022289,1997,33.6205,-95.06077,19.62912,depth
1040022303,1975,33.4917,-95.86583,21.549359999999993,depth
1040022986,2004,33.6524,-96.91392,-28.956000000000017,depth
1040022986,2005,33.6524,-96.91392,24.079200000000014,depth
1040023054,2000,33.67,-96.60417,-32.00399999999999,depth
1040023054,2004,33.67,-96.60417,42.0624,depth
1040023054,2008,33.67,-96.60417,-42.672,depth
1040023075,1993,33.6461,-96.62083,-38.099999999999994,depth
1040023075,1994,33.6461,-96.62083,35.96639999999999,depth
1040023092,1995,33.6389,-96.5775,38.099999999999994,depth
1040023093,1994,33.6386,-96.57778,22.860000000000014,depth
1040023093,2000,33.6386,-96.57778,45.72000000000003,depth
1040023093,2001,33.6386,-96.57778,57.91199999999998,depth
1040023093,2002,33.6386,-96.57778,-57.30239999999998,depth
1040023093,2003,33.6386,-96.57778,69.49439999999998,depth
1040023095,1995,33.6358,-96.56417,36.57600000000001,depth
1040023163,1985,33.5597,-96.91167,-28.65119999999999,depth
1040023163,1986,33.5597,-96.91167,46.0248,depth
1040023163,1987,33.5597,-96.91167,-32.91839999999999,depth
1040023163,1988,33.5597,-96.91167,33.83279999999999,depth
1040023163,1990,33.5597,-96.91167,-41.147999999999996,depth
1040023163,1996,33.5597,-96.91167,28.04159999999999,depth
1040023193,1994,33.5325,-96.70194,20.421599999999984,depth
1040023194,1993,33.5253,-96.67222,24.383999999999986,depth
1040023195,1993,33.5325,-96.70194,-38.404799999999994,depth
1040023197,2002,33.5347,-96.645,45.72,depth
1040023214,1993,33.5572,-96.55167,21.335999999999984,depth
1040023219,2006,33.575,-96.5325,59.43599999999998,depth
1040023225,2004,33.5294,-96.61972,-23.469600000000014,depth
1040023231,1994,33.5364,-96.56694,19.811999999999983,depth
1040023231,2006,33.5364,-96.56694,-24.383999999999986,depth
1040023231,2007,33.5364,-96.56694,30.47999999999999,depth
1040023241,1978,33.6081,-96.40917,-19.507199999999997,depth
1040023241,1988,33.6081,-96.40917,40.233599999999996,depth
1040023241,1991,33.6081,-96.40917,-31.69919999999999,depth
1040023276,2021,33.5756,-96.13541,26.822400000000002,depth
1040023357,1984,33.4264,-96.58306,24.079199999999986,depth
1040023358,1985,33.4358,-96.57083,39.624000000000024,depth
1040023368,1993,33.3997,-96.56444,22.250400000000013,depth
1040023368,1994,33.3997,-96.56444,-20.116800000000012,depth
1040023368,2012,33.3997,-96.56444,23.164799999999985,depth
1040023368,2015,33.3997,-96.56444,19.811999999999983,depth
1040023380,2004,33.4844,-96.25417,-33.22320000000002,depth
1040023439,2001,33.3353,-96.76111,-35.96639999999999,depth
1040023439,2016,33.3353,-96.76111,-64.61760000000001,depth
1040023439,2021,33.3353,-96.76111,-36.88080000000002,depth
1040023439,2022,33.3353,-96.76111,74.43220000000002,depth
1040023443,1997,33.3214,-96.78444,36.57600000000001,depth
1040023443,2005,33.3214,-96.78444,-19.50720000000001,depth
1040023443,2007,33.3214,-96.78444,27.431999999999988,depth
1040023443,2010,33.3214,-96.78444,-35.05199999999999,depth
1040023485,1985,33.2981,-96.40194,-44.805599999999984,depth
1040023485,1986,33.2981,-96.40194,36.27119999999999,depth
1040023485,2012,33.2981,-96.40194,-24.688799999999986,depth
1040023485,2016,33.2981,-96.40194,-24.140200000000007,depth
1040023511,1972,33.2219,-96.97611,31.562040000000003,depth
1040023593,2006,33.2339,-96.7975,-20.116800000000012,depth
1040023594,2006,33.2447,-96.78306,-21.031199999999984,depth
1040023600,1974,33.1967,-96.81722,-27.432000000000002,depth
1040023600,1975,33.1967,-96.81722,21.0312,depth
1040023619,1975,33.1525,-96.71056,-39.273399999999995,depth
1040023673,2021,33.085,-96.88472,-33.52799999999999,depth
1040023673,2022,33.085,-96.88472,66.14160000000001,depth
1040023678,2016,33.0322,-96.92972,-56.38799999999998,depth
1040023961,2018,33.8386,-97.625,-20.41850000000001,depth
1040023982,2014,33.8028,-97.72278,-24.6888,depth
1040023982,2015,33.8028,-97.72278,76.33259000000001,depth
1040024241,2018,33.6961,-97.52139,26.621240000000007,depth
1040024295,2005,33.6969,-97.18222,30.47999999999999,depth
1040024295,2007,33.6969,-97.18222,-38.099999999999994,depth
1040024295,2021,33.6969,-97.18222,-19.659599999999998,depth
1040024296,1943,33.7064,-97.18889,-26.822400000000002,depth
1040024296,2021,33.7064,-97.18889,-29.870400000000004,depth
1040024310,2000,33.6425,-97.13151,-38.099999999999994,depth
1040024315,2005,33.6453,-97.14722,26.365199999999987,depth
1040024315,2008,33.6453,-97.14722,-46.024799999999985,depth
1040024330,1986,33.6271,-97.09121,24.688799999999986,depth
1040024478,2005,33.6083,-97.13972,24.384,depth
1040024488,1987,33.5867,-97.02417,-29.870400000000004,depth
1040024488,1988,33.5867,-97.02417,28.346400000000003,depth
1040024565,2015,33.4989,-97.55222,-35.704280000000004,depth
1040024738,2016,33.2736,-97.34167,-49.6824,depth
1040024813,2015,33.1683,-97.96806,21.695659999999997,depth
1040024923,1975,33.1839,-97.28583,25.2984,depth
1040024923,1977,33.1839,-97.28583,-19.811999999999998,depth
1040024923,1997,33.1839,-97.28583,-23.164799999999985,depth
1040024923,1998,33.1839,-97.28583,28.04159999999999,depth
1040024923,2005,33.1839,-97.28583,-30.083799999999997,depth
1040024923,2022,33.1839,-97.28583,-33.22320000000002,depth
1040024932,1970,33.1633,-97.27167,-20.683730000000004,depth
1040025267,1997,33.0894,-97.04778,51.81599999999999,depth
1040025267,1998,33.0894,-97.04778,-59.58839999999999,depth
1040025267,2006,33.0894,-97.04778,-22.250399999999985,depth
1040025287,1977,33.0928,-97.03695,-24.0792,depth
1040025287,1983,33.0928,-97.03695,-40.233599999999996,depth
1040025287,1992,33.0928,-97.03695,-33.52799999999999,depth
1040025287,2001,33.0928,-97.03695,-38.70960000000002,depth
1040025309,1999,33.0828,-97.05944,-33.98520000000002,depth
1040025309,2000,33.0828,-97.05944,23.774400000000014,depth
1040025309,2006,33.0828,-97.05944,-23.469599999999986,depth
1040025310,2002,33.0719,-97.05111,-42.9768,depth
1040025310,2003,33.0719,-97.05111,48.1584,depth
1040037680,1996,32.6056,-101.9669,-22.42718,depth
1040037680,2007,32.6056,-101.9669,-27.9654,depth
1040040115,2008,32.3934,-100.7568,-20.116799999999998,depth
1040040116,2016,32.3939,-100.7613,42.367200000000004,depth
1040040245,2008,32.3806,-100.7358,-26.2128,depth
1040040245,2016,32.3806,-100.7358,21.183600000000002,depth
1040040245,2018,32.3806,-100.7358,-21.9456,depth
1040045167,2017,32.2998,-98.01636,-24.704040000000003,depth
1040046852,1967,32.0922,-98.34861,-40.23055,depth
1040047258,1994,32.9458,-97.15167,-21.031200000000013,depth
1040047278,2016,32.896,-97.14422,-21.031200000000013,depth
1040047278,2017,32.896,-97.14422,19.50720000000001,depth
1040047722,1954,32.7942,-97.26861,-20.865099999999984,depth
1040047734,1953,32.7592,-97.33639,-21.122600000000006,depth
1040047847,1973,32.8067,-97.15861,19.812000000000012,depth
1040047863,1975,32.8522,-97.11195,-67.05599999999998,depth
1040047863,1977,32.8522,-97.11195,39.928800000000024,depth
1040047863,1986,32.8522,-97.11195,42.67199999999997,depth
1040047863,1988,32.8522,-97.11195,-22.859999999999957,depth
1040047863,1989,32.8522,-97.11195,45.71999999999997,depth
1040047863,1990,32.8522,-97.11195,-54.863999999999976,depth
1040047863,1991,32.8522,-97.11195,59.43599999999998,depth
1040047863,1997,32.8522,-97.11195,-42.06239999999997,depth
1040047875,1975,32.8356,-97.07806,46.6344,depth
1040047875,1977,32.8356,-97.07806,-32.00399999999999,depth
1040047875,1990,32.8356,-97.07806,-28.95599999999999,depth
1040047875,1991,32.8356,-97.07806,32.00399999999999,depth
1040047900,1957,32.8264,-97.05556,-25.344099999999997,depth
1040048004,2014,32.6256,-97.95722,20.16404,depth
1040048004,2020,32.6256,-97.95722,-24.978360000000002,depth
1040048200,2005,32.7046,-97.45214,20.421599999999984,depth
1040048267,1977,32.6668,-97.25903,-28.956000000000017,depth
1040048276,1972,32.6664,-97.27812,-20.726400000000012,depth
1040048276,1989,32.6664,-97.27812,-22.250400000000013,depth
1040048276,1990,32.6664,-97.27812,19.812000000000012,depth
1040048289,1985,32.725,-97.21444,-19.903400000000005,depth
1040048370,1957,32.7369,-97.11889,-21.579800000000006,depth
1040048445,1996,32.6478,-97.02889,88.84920000000002,depth
1040048445,1999,32.6478,-97.02889,-31.39439999999999,depth
1040048445,2002,32.6478,-97.02889,24.384000000000015,depth
1040048445,2008,32.6478,-97.02889,-31.08959999999999,depth
1040048622,2005,32.5881,-97.34494,-19.629099999999994,depth
1040048693,2020,32.5319,-97.31222,-26.21279999999996,depth
1040048957,2021,32.4158,-97.7975,-21.9456,depth
1040049100,1983,32.4611,-97.41806,-26.212800000000016,depth
1040049138,2019,32.4005,-97.43086,31.028599999999983,depth
1040049146,2008,32.4131,-97.37639,-31.08959999999996,depth
1040049162,2020,32.4964,-97.31278,21.336000000000013,depth
1040049162,2021,32.4964,-97.31278,-21.336000000000013,depth
1040049221,1983,32.4069,-97.26167,-29.565600000000018,depth
1040049221,1984,32.4069,-97.26167,29.870400000000018,depth
1040049221,2005,32.4069,-97.26167,-22.250400000000013,depth
1040049221,2006,32.4069,-97.26167,-32.15639999999996,depth
1040049258,2008,32.4342,-97.23139,-23.164800000000014,depth
1040049266,1987,32.4186,-97.20487,-20.421600000000012,depth
1040049290,2008,32.4156,-97.17919,-53.03520000000003,depth
1040049291,2020,32.4156,-97.17861,-31.362400000000008,depth
1040049330,2003,32.4216,-97.02378,24.688800000000015,depth
1040049330,2004,32.4216,-97.02378,-29.870400000000018,depth
1040049467,2008,32.3731,-97.54417,-27.127199999999988,depth
1040049569,2008,32.296,-97.34663,-32.00400000000002,depth
1040049588,1976,32.2842,-97.27333,-43.5864,depth
1040049588,1987,32.2842,-97.27333,29.565600000000018,depth
1040049588,1998,32.2842,-97.27333,33.22320000000002,depth
1040049588,2002,32.2842,-97.27333,24.688800000000015,depth
1040049655,2000,32.3087,-97.01507,-71.93280000000001,depth
1040049655,2001,32.3087,-97.01507,66.14160000000001,depth
1040049655,2002,32.3087,-97.01507,-32.30879999999999,depth
1040049799,2018,32.234,-97.37432,24.414499999999975,depth
1040049817,2015,32.1297,-97.31694,-33.83279999999996,depth
1040049817,2017,32.1297,-97.31694,19.811999999999955,depth
1040049830,2012,32.1342,-97.20917,29.87039999999999,depth
1040049830,2015,32.1342,-97.20917,-66.44640000000001,depth
1040049834,1978,32.1622,-97.14056,32.00399999999999,depth
1040049847,2001,32.213,-97.00091,-35.051999999999964,depth
1040049847,2017,32.213,-97.00091,21.640800000000013,depth
1040049929,2017,32.1064,-97.31583,54.796899999999994,depth
1040049941,2008,32.0179,-97.31274,-21.336000000000013,depth
1040049941,2021,32.0179,-97.31274,-28.65119999999999,depth
1040050144,1993,32.7544,-96.99583,23.469600000000014,depth
1040050144,1994,32.7544,-96.99583,-19.50720000000001,depth
1040050144,1995,32.7544,-96.99583,25.908000000000015,depth
1040050144,1996,32.7544,-96.99583,-29.870400000000018,depth
1040050144,1997,32.7544,-96.99583,37.79520000000002,depth
1040050144,1998,32.7544,-96.99583,-21.945600000000013,depth
1040050144,2002,32.7544,-96.99583,21.336000000000013,depth
1040050144,2009,32.7544,-96.99583,-21.031199999999984,depth
1040050201,1983,32.7681,-96.8025,31.6687,depth
1040050343,1977,32.6514,-96.925,-39.014399999999995,depth
1040050343,1987,32.6514,-96.925,-22.555200000000013,depth
1040050343,1988,32.6514,-96.925,21.945600000000013,depth
1040050344,1973,32.6356,-96.91944,-21.640799999999984,depth
1040050344,1977,32.6356,-96.91944,-21.336000000000013,depth
1040050344,1983,32.6356,-96.91944,36.57600000000002,depth
1040050384,1986,32.7314,-96.63056,25.6032,depth
1040050470,1989,32.5744,-96.97611,25.90799999999996,depth
1040050470,1996,32.5744,-96.97611,-39.01440000000002,depth
1040050470,2001,32.5744,-96.97611,-28.04159999999996,depth
1040050470,2003,32.5744,-96.97611,48.76799999999997,depth
1040050470,2004,32.5744,-96.97611,-20.726399999999956,depth
1040050470,2009,32.5744,-96.97611,28.04159999999996,depth
1040050470,2016,32.5744,-96.97611,-39.31920000000002,depth
1040050470,2019,32.5744,-96.97611,36.57600000000002,depth
1040050519,1972,32.5933,-96.75778,21.640800000000013,depth
1040050563,2011,32.5366,-96.81331,61.26480000000004,depth
1040050563,2015,32.5366,-96.81331,26.136599999999987,depth
1040050569,2009,32.5317,-96.78194,22.098000000000013,depth
1040050653,2000,32.486,-96.99791,25.908000000000015,depth
1040050653,2001,32.486,-96.99791,-59.740800000000036,depth
1040050653,2002,32.486,-96.99791,-27.43199999999996,depth
1040050653,2003,32.486,-96.99791,40.53839999999997,depth
1040050653,2004,32.486,-96.99791,-44.19599999999997,depth
1040050653,2012,32.486,-96.99791,-23.164800000000014,depth
1040050653,2015,32.486,-96.99791,22.860000000000014,depth
1040050658,2020,32.4967,-96.95453,-29.4452,depth
1040051022,2000,32.1605,-96.92126,-67.66559999999998,depth
1040051022,2009,32.1605,-96.92126,20.269200000000012,depth
1040051022,2010,32.1605,-96.92126,22.250399999999985,depth
1040051022,2017,32.1605,-96.92126,-93.08590000000004,depth
1040051022,2018,32.1605,-96.92126,20.421600000000012,depth
1040051025,2009,32.2169,-96.79944,-21.336000000000013,depth
1040051025,2011,32.2169,-96.79944,27.432000000000016,depth
1040051025,2018,32.2169,-96.79944,-22.250399999999985,depth
1040051031,1996,32.2042,-96.79222,-22.859999999999985,depth
1040051031,2007,32.2042,-96.79222,34.44239999999999,depth
1040051218,2004,32.0806,-96.80271,-36.27119999999999,depth
1040051218,2005,32.0806,-96.80271,32.91839999999999,depth
1040052586,1977,32.3814,-95.32528,28.041600000000003,depth
1040052586,1992,32.3814,-95.32528,-24.384,depth
1040052941,2001,32.3686,-95.36694,19.50720000000001,depth
1040052941,2006,32.3686,-95.36694,-29.56559999999999,depth
1040052941,2007,32.3686,-95.36694,19.811999999999983,depth
1040053016,1997,32.3081,-95.17806,-21.6408,depth
1040053016,2006,32.3081,-95.17806,-29.870400000000018,depth
1040053650,1995,32.1067,-95.41,-20.025359999999992,depth
1040053650,2012,32.1067,-95.41,-20.421600000000012,depth
1040053650,2013,32.1067,-95.41,27.127200000000002,depth
1040054809,1999,32.2964,-94.89722,-19.766280000000002,depth
1040055144,2002,32.1508,-94.79361,27.4533,depth
1040055949,1974,31.815,-94.84,-32.004000000000005,depth
1040055949,2005,31.815,-94.84,-27.218639999999994,depth
1040056352,1992,31.6103,-94.67222,20.4521,depth
1040056356,1971,31.6128,-94.65945,-30.175200000000004,depth
1040056357,1971,31.6133,-94.66,-38.70960000000001,depth
1040056358,1956,31.6103,-94.66306,-21.854159999999993,depth
1040056358,1972,31.6103,-94.66306,-19.811999999999998,depth
1040056371,1974,31.5492,-94.68778,23.591499999999996,depth
1040056405,1975,31.5442,-94.53778,26.791919999999998,depth
1040056405,1976,31.5442,-94.53778,-28.367739999999998,depth
1040056576,1971,31.4608,-94.8025,35.1282,depth
1040056587,2005,31.4214,-94.80333,-36.27119999999999,depth
1040056587,2011,31.4214,-94.80333,-26.639499999999998,depth
1040056593,1960,31.4372,-94.75611,-35.25926,depth
1040056593,1961,31.4372,-94.75611,31.53765999999999,depth
1040056595,2014,31.4547,-94.76694,-21.336,depth
1040056631,1948,31.4669,-94.64472,-32.48863,depth
1040056647,1944,31.4261,-94.70111,-20.98243,depth
1040056649,1944,31.4239,-94.67722,-21.351239999999997,depth
1040056661,1960,31.3989,-94.72694,-21.6408,depth
1040056662,1957,31.405,-94.73861,-39.319199999999995,depth
1040056662,1958,31.405,-94.73861,21.336,depth
1040056662,1969,31.405,-94.73861,36.88080000000002,depth
1040056662,2007,31.405,-94.73861,20.421599999999998,depth
1040056663,1968,31.3853,-94.72972,-40.46520000000001,depth
1040056663,1969,31.3853,-94.72972,34.442400000000006,depth
1040056665,1961,31.4089,-94.72805,25.35330000000002,depth
1040056665,1968,31.4089,-94.72805,-46.57339999999999,depth
1040056665,1969,31.4089,-94.72805,26.822399999999988,depth
1040056674,2014,31.4017,-94.71167,23.4696,depth
1040056676,2007,31.4089,-94.72778,21.6408,depth
1040057469,2013,31.9499,-95.267,33.0129,depth
1040057469,2019,31.9499,-95.267,20.421600000000012,depth
1040057611,2000,31.7922,-95.89556,-30.175200000000004,depth
1040057678,1956,31.7633,-95.67139,21.9456,depth
1040057938,1998,31.6258,-95.84639,19.659599999999998,depth
1040059038,2012,31.8592,-96.92722,-26.822400000000016,depth
1040059198,2011,31.6586,-96.97194,-25.298399999999987,depth
1040059423,2015,31.5706,-96.93083,-19.714500000000015,depth
1040059635,1995,31.4775,-96.92,-27.895319999999998,depth
1040060163,2015,31.1658,-96.675,26.669999999999998,depth
1040060164,2015,31.1661,-96.68305,30.48,depth
1040060171,2013,31.1636,-96.66583,-21.336,depth
1040060472,2013,31.0561,-96.33667,-26.517599999999995,depth
1040060570,1970,31.9011,-97.57444,20.756880000000002,depth
1040060617,2007,31.9769,-97.30095,-29.26079999999999,depth
1040060617,2020,31.9769,-97.30095,20.436800000000005,depth
1040060620,2003,31.9687,-97.28796,-22.860000000000014,depth
1040060629,2003,31.9434,-97.29153,-21.031200000000013,depth
1040060634,1975,31.9047,-97.32389,-22.491189999999996,depth
1040060769,2016,31.8538,-97.21822,23.774399999999986,depth
1040060769,2017,31.8538,-97.21822,-28.434799999999996,depth
1040060784,1990,31.8208,-97.08889,-20.116800000000012,depth
1040060787,1991,31.8328,-97.04694,-30.47999999999999,depth
1040060797,2013,31.7856,-97.07528,25.347200000000015,depth
1040060797,2015,31.7856,-97.07528,26.051199999999994,depth
1040060854,2019,31.6572,-97.47222,-26.974799999999988,depth
1040060864,2018,31.7406,-97.34333,25.014899999999983,depth
1040060867,2017,31.7464,-97.32361,21.333,depth
1040060887,2017,31.68,-97.25694,-26.517599999999987,depth
1040060887,2018,31.68,-97.25694,22.250399999999985,depth
1040060962,2014,31.6403,-97.13417,-56.32709999999997,depth
1040060968,1999,31.7147,-97.1175,-22.250399999999985,depth
1040061013,1972,31.5467,-97.61944,25.46604,depth
1040061013,1973,31.5467,-97.61944,21.39086,depth
1040061017,1994,31.5111,-97.51139,37.490399999999994,depth
1040061037,2003,31.5969,-97.36028,-21.031200000000013,depth
1040061066,1964,31.6075,-97.21972,-20.116800000000005,depth
1040061116,2013,31.5125,-97.22139,36.612599999999986,depth
1040061122,2015,31.5031,-97.16778,-26.755300000000005,depth
1040061126,1995,31.5931,-97.10639,-21.945600000000013,depth
1040061127,2012,31.5961,-97.09556,-22.546100000000024,depth
1040061131,2004,31.6194,-97.09167,-26.212799999999987,depth
1040061208,1967,31.4339,-97.7325,-26.42616000000001,depth
1040061217,1998,31.4497,-97.67389,29.26079999999999,depth
1040061226,1995,31.4664,-97.52972,-53.644800000000004,depth
1040061226,2009,31.4664,-97.52972,47.244,depth
1040061231,1981,31.435,-97.41944,-39.623999999999995,depth
1040061231,1987,31.435,-97.41944,-49.3776,depth
1040061231,1988,31.435,-97.41944,53.644800000000004,depth
1040061231,1998,31.435,-97.41944,25.907999999999987,depth
1040061231,2014,31.435,-97.41944,20.59389999999999,depth
1040061251,1998,31.4739,-97.30972,22.250399999999985,depth
1040061269,1985,31.4933,-97.24028,29.26079999999999,depth
1040061270,1991,31.4933,-97.24028,38.25240000000002,depth
1040061270,1998,31.4933,-97.24028,37.18560000000002,depth
1040061270,2010,31.4933,-97.24028,-29.26079999999996,depth
1040061270,2013,31.4933,-97.24028,21.335999999999956,depth
1040061270,2014,31.4933,-97.24028,29.0779,depth
1040061270,2022,31.4933,-97.24028,-26.883399999999995,depth
1040061289,1989,31.4581,-97.20611,22.250399999999985,depth
1040061289,1992,31.4581,-97.20611,20.116799999999984,depth
1040061289,1998,31.4581,-97.20611,78.02879999999999,depth
1040061289,1999,31.4581,-97.20611,-52.1208,depth
1040061289,2000,31.4581,-97.20611,23.774400000000014,depth
1040061289,2003,31.4581,-97.20611,-30.47999999999999,depth
1040061291,1987,31.3856,-97.2175,-48.463199999999986,depth
1040061293,1992,31.3975,-97.20556,-32.004000000000005,depth
1040061293,1994,31.3975,-97.20556,28.346400000000017,depth
1040061293,2016,31.3975,-97.20556,-22.968199999999996,depth
1040061293,2021,31.3975,-97.20556,-28.34639999999999,depth
1040061293,2022,31.3975,-97.20556,19.812000000000012,depth
1040061339,1994,31.4153,-97.09528,71.0184,depth
1040061339,1995,31.4153,-97.09528,62.7888,depth
1040061341,1995,31.3886,-97.11417,-28.431700000000006,depth
1040061398,1962,31.2508,-97.43583,-28.105608,depth
1040061398,1964,31.2508,-97.43583,27.688030000000005,depth
1040061401,1956,31.28,-97.40639,-26.56332,depth
1040061407,1999,31.3078,-97.3575,51.511199999999974,depth
1040061412,2006,31.2889,-97.3125,-24.841199999999986,depth
1040061412,2018,31.2889,-97.3125,-25.603199999999987,depth
1040061421,1967,31.3019,-97.14028,23.14042,depth
1040061425,2011,31.3703,-97.08056,-27.947100000000006,depth
1040061459,1952,31.1528,-97.53361,23.938992,depth
1040061473,2012,31.1967,-97.45944,-28.76249999999999,depth
1040061596,1952,31.0847,-97.47417,-23.166330000000002,depth
1040061661,2012,31.0511,-97.19417,-54.254400000000004,depth
1040062170,1998,31.9803,-98.02914,22.0218,depth
1040062479,1972,31.8169,-98.71028,45.24756,depth
1040062612,1972,31.7664,-98.06556,-22.61311,depth
1040063240,1979,31.4811,-98.56972,-21.579840000000004,depth
1040063348,1967,31.3708,-98.09417,-29.1465,depth
1040063455,1990,31.1703,-98.6275,-19.94916,depth
1040063685,1968,31.1208,-98.34722,49.206908,depth
1040063685,1969,31.1208,-98.34722,-48.795428,depth
1040065197,1973,31.1608,-99.2575,23.667720000000003,depth
1040065434,1974,31.0269,-99.52389,38.3377,depth
1040066863,1951,31.5025,-100.2294,-20.37893,depth
1040066873,2006,31.5025,-100.2292,-22.277839999999998,depth
1040066873,2007,31.5025,-100.2292,20.948909999999998,depth
1040067197,2005,31.4356,-100.3306,33.6423,depth
1040067197,2006,31.4356,-100.3306,-24.490679999999998,depth
1040067197,2007,31.4356,-100.3306,22.42261,depth
1040067197,2011,31.4356,-100.3306,-22.0279,depth
1040067197,2014,31.4356,-100.3306,21.841969999999996,depth
1040067197,2017,31.4356,-100.3306,-29.835350000000002,depth
1040067197,2018,31.4356,-100.3306,29.28518,depth
1040067262,2005,31.4136,-100.3272,26.057360000000003,depth
1040067494,1995,31.2564,-100.7367,-20.18081,depth
1040067685,2011,31.3417,-100.1161,-25.30602,depth
1040069988,2018,31.6783,-101.5017,-28.803599999999996,depth
1040070675,1975,31.5251,-101.4633,-28.22448,depth
1040075055,1981,31.4386,-103.5994,20.247859999999996,depth
1040075056,1954,31.4206,-103.5842,22.789900000000003,depth
1040075398,1962,31.2789,-103.6353,38.42004,depth
1040075408,1962,31.3747,-103.6033,-23.012400000000014,depth
1040075412,1961,31.3392,-103.5789,25.298399999999994,depth
1040075452,1964,31.2731,-103.4286,-22.393659999999997,depth
1040075659,1975,31.1883,-103.5856,23.370540000000002,depth
1040075663,1990,31.1861,-103.5706,-21.290279999999996,depth
1040075724,1996,31.2278,-103.0672,-23.80485999999999,depth
1040075724,1997,31.2278,-103.0672,20.726379999999992,depth
1040075735,2010,31.2292,-103.0047,-25.819649999999996,depth
1040075774,1964,31.1597,-103.0422,-23.362880000000004,depth
1040077713,2010,31.9133,-106.4236,49.37760000000001,depth
1040078142,2004,31.7978,-106.3453,-37.68849999999999,depth
1040079312,1987,30.8812,-104.7527,25.90495,depth
1040079717,1980,30.5186,-104.4981,21.336,depth
1040079817,1981,30.4972,-104.4228,-64.6176,depth
1040080233,1998,30.9353,-103.2603,-25.145999999999987,depth
1040080234,1998,30.9378,-103.2594,-25.146,depth
1040080235,1998,30.9308,-103.2542,-22.86,depth
1040080381,1988,30.8306,-103.0261,-25.3807,depth
1040080399,1970,30.7556,-103.07,24.426680000000005,depth
1040080554,2015,30.5261,-103.8422,22.122380000000003,depth
1040081137,1956,30.8897,-102.8842,-24.292559999999998,depth
1040081137,1960,30.8897,-102.8842,-20.726399999999998,depth
1040081950,1963,30.8111,-101.6508,-28.916379999999997,depth
1040082143,1974,30.8344,-101.1594,22.95142,depth
1040083292,1974,30.895,-100.8447,21.03116,depth
1040085884,1988,30.8903,-99.30917,23.820120000000003,depth
1040085993,1998,30.9775,-99.20139,34.94227,depth
1040087388,2003,30.5625,-99.44722,-24.533350000000002,depth
1040088263,2009,30.0664,-99.16944,-42.3672,depth
1040088263,2010,30.0664,-99.16944,40.843199999999996,depth
1040088278,1960,30.0547,-99.14167,-31.089599999999997,depth
1040088278,2010,30.0547,-99.14167,24.6888,depth
1040088289,1999,30.0519,-99.16583,-19.811999999999998,depth
1040088289,2000,30.0519,-99.16583,45.1104,depth
1040088289,2008,30.0519,-99.16583,-27.279599999999995,depth
1040088289,2010,30.0519,-99.16583,41.757600000000004,depth
1040088292,2008,30.0519,-99.16611,-21.7932,depth
1040088292,2010,30.0519,-99.16611,26.822400000000002,depth
1040088293,2010,30.0547,-99.14139,24.0792,depth
1040088327,2011,30.0135,-99.15769,-29.19677,depth
1040088327,2016,30.0135,-99.15769,21.973029999999994,depth
1040089063,1996,30.6844,-98.35278,24.079200000000007,depth
1040089063,2010,30.6844,-98.35278,19.479770000000002,depth
1040089301,1999,30.4672,-98.93875,-22.547579999999996,depth
1040089301,2010,30.4672,-98.93875,-23.195279999999997,depth
1040089302,1999,30.4667,-98.938,-24.219410000000003,depth
1040089916,2017,30.2819,-98.64833,28.651199999999996,depth
1040090241,2018,30.2644,-98.171,-27.073859999999996,depth
1040090241,2019,30.2644,-98.171,27.942539999999994,depth
1040090241,2020,30.2644,-98.171,-23.768299999999996,depth
1040090242,2005,30.2589,-98.12972,-35.80486,depth
1040090242,2006,30.2589,-98.12972,-20.14423,depth
1040090242,2007,30.2589,-98.12972,55.76621,depth
1040090242,2008,30.2589,-98.12972,-43.8973,depth
1040090242,2010,30.2589,-98.12972,54.24221,depth
1040090242,2011,30.2589,-98.12972,-49.92624,depth
1040090242,2012,30.2589,-98.12972,25.968959999999996,depth
1040090242,2013,30.2589,-98.12972,-28.026359999999997,depth
1040090242,2014,30.2589,-98.12972,50.33772,depth
1040090242,2018,30.2589,-98.12972,-31.668719999999997,depth
1040090242,2019,30.2589,-98.12972,24.658319999999996,depth
1040090242,2020,30.2589,-98.12972,-43.70832,depth
1040090242,2021,30.2589,-98.12972,30.525720000000003,depth
1040090242,2022,30.2589,-98.12972,-34.57956,depth
1040090670,1973,30.1617,-98.56361,24.923496,depth
1040090670,1976,30.1617,-98.56361,-29.46502,depth
1040090670,1977,30.1617,-98.56361,29.28214,depth
1040090670,1978,30.1617,-98.56361,-25.02713,depth
1040090670,1979,30.1617,-98.56361,25.173434,depth
1040090670,1982,30.1617,-98.56361,-36.807643999999996,depth
1040090670,1986,30.1617,-98.56361,35.64636,depth
1040090670,1987,30.1617,-98.56361,-33.95472,depth
1040090869,2020,30.2128,-98.13305,-31.638220000000004,depth
1040090871,2007,30.2461,-98.15667,42.193470000000005,depth
1040090871,2008,30.2461,-98.15667,-26.4033,depth
1040090871,2010,30.2461,-98.15667,45.2384,depth
1040091001,2007,30.1961,-98.1075,20.964149999999997,depth
1040091001,2010,30.1961,-98.1075,24.70557,depth
1040091015,2010,30.1703,-98.07417,21.467059999999996,depth
1040091021,2010,30.1783,-98.05333,20.94433,depth
1040091023,2020,30.1733,-98.06667,-19.894299999999994,depth
1040091067,2008,30.1294,-98.01444,-30.67508,depth
1040091067,2010,30.1294,-98.01444,24.592789999999997,depth
1040091200,1974,30.1147,-98.47472,-29.803340000000002,depth
1040091200,1975,30.1147,-98.47472,31.632140000000003,depth
1040091243,2010,30.1223,-98.38614,30.568390000000004,depth
1040091432,2022,30.0411,-98.24167,-21.118070000000003,depth
1040091474,2020,30.0878,-98.04556,-22.210769999999997,depth
1040091542,2013,30.0006,-98.08306,35.50920000000001,depth
1040091553,2012,30.0053,-98.01167,20.34689999999999,depth
1040091553,2014,30.0053,-98.01167,-24.231599999999986,depth
1040091839,2012,30.9964,-97.25361,-19.964399999999998,depth
1040091839,2013,30.9964,-97.25361,39.3192,depth
1040091839,2014,30.9964,-97.25361,-24.536399999999993,depth
1040091890,1997,30.7689,-97.8275,-32.1412,depth
1040092642,1978,30.5042,-97.63778,-22.059900000000003,depth
1040092643,1978,30.5236,-97.64278,-20.29358,depth
1040092643,1985,30.5236,-97.64278,24.82596,depth
1040092655,1985,30.5161,-97.65861,26.401780000000002,depth
1040092661,2004,30.5973,-97.57714,27.063180000000003,depth
1040092671,1989,30.5431,-97.54056,-26.468832,depth
1040092671,2000,30.5431,-97.54056,-35.02152,depth
1040092671,2002,30.5431,-97.54056,20.47646,depth
1040092671,2006,30.5431,-97.54056,-31.51632,depth
1040092677,1989,30.5283,-97.59972,-24.106632,depth
1040092677,2017,30.5283,-97.59972,-25.597110000000004,depth
1040092688,1975,30.5628,-97.45445,23.905462,depth
1040092916,1968,30.4364,-97.78778,26.730959999999996,depth
1040092978,1985,30.4925,-97.675,29.35834,depth
1040093047,1941,30.44,-97.69361,26.139650000000003,depth
1040093047,1945,30.44,-97.69361,20.52371,depth
1040093047,1958,30.44,-97.69361,34.37992,depth
1040093047,1959,30.44,-97.69361,-22.99107,depth
1040093068,1978,30.4458,-97.63028,-25.648920000000004,depth
1040093068,1985,30.4458,-97.63028,22.80818,depth
1040093086,1997,30.4456,-97.64195,27.02051999999999,depth
1040093092,1959,30.3775,-97.73611,-22.628349999999998,depth
1040093095,1945,30.4039,-97.72333,23.071830000000002,depth
1040093109,1996,30.3931,-97.72806,-37.002720000000004,depth
1040093109,2021,30.3931,-97.72806,20.40636,depth
1040093109,2022,30.3931,-97.72806,-35.72865000000001,depth
1040093112,1941,30.3933,-97.68028,21.656042,depth
1040093121,2007,30.4039,-97.70556,28.922470000000004,depth
1040093121,2008,30.4039,-97.70556,-30.5501,depth
1040093121,2010,30.4039,-97.70556,31.54985,depth
1040093149,1958,30.4517,-97.60528,35.887159999999994,depth
1040093149,1959,30.4517,-97.60528,-22.073620000000002,depth
1040093149,1961,30.4517,-97.60528,28.29459,depth
1040093149,1962,30.4517,-97.60528,-30.513530000000003,depth
1040093149,1964,30.4517,-97.60528,-23.42998,depth
1040093149,1965,30.4517,-97.60528,27.43505,depth
1040093149,1973,30.4517,-97.60528,20.683729999999997,depth
1040093149,1976,30.4517,-97.60528,-22.902669999999997,depth
1040093149,1978,30.4517,-97.60528,-23.725630000000002,depth
1040093149,1985,30.4517,-97.60528,32.55721,depth
1040093149,1986,30.4517,-97.60528,-24.732990000000004,depth
1040093149,1989,30.4517,-97.60528,-26.349960000000003,depth
1040093149,1995,30.4517,-97.60528,-24.29256,depth
1040093149,2002,30.4517,-97.60528,19.96745,depth
1040093149,2004,30.4517,-97.60528,-25.014930000000007,depth
1040093599,1941,30.3194,-97.71556,28.326590000000003,depth
1040093934,1984,30.2181,-97.98972,-21.400009999999995,depth
1040094047,2010,30.1528,-97.98361,37.90493,depth
1040094047,2011,30.1528,-97.98361,-32.872679999999995,depth
1040094051,2020,30.1457,-97.96706,-20.39112,depth
1040094217,2010,30.1717,-97.82583,21.03425,depth
1040094238,2007,30.1406,-97.83917,25.118570000000002,depth
1040094238,2008,30.1406,-97.83917,-20.41398,depth
1040094238,2010,30.1406,-97.83917,26.06345,depth
1040094238,2019,30.1406,-97.83917,21.912070000000003,depth
1040094289,1965,30.1428,-97.81083,24.40229,depth
1040094289,1978,30.1428,-97.81083,-23.144979999999997,depth
1040094289,1985,30.1428,-97.81083,22.93925,depth
1040094289,2001,30.1428,-97.81083,19.482809999999997,depth
1040094289,2007,30.1428,-97.81083,21.94712,depth
1040094289,2008,30.1428,-97.81083,-20.540470000000003,depth
1040094289,2010,30.1428,-97.81083,20.12595,depth
1040094289,2011,30.1428,-97.81083,-19.808959999999995,depth
1040094766,2014,30.0636,-97.94253,22.14067,depth
1040094829,2006,30.0094,-97.8965,-21.329900000000002,depth
1040094839,2006,30.0836,-97.8425,-23.65705,depth
1040094860,1996,30.1094,-97.84194,-19.504150000000003,depth
1040094860,2001,30.1094,-97.84194,22.049230000000005,depth
1040094860,2006,30.1094,-97.84194,-23.3233,depth
1040094912,2004,30.062,-97.85603,-19.909539999999996,depth
1040094912,2006,30.062,-97.85603,-21.4122,depth
1040094912,2007,30.062,-97.85603,19.47977,depth
1040094912,2008,30.062,-97.85603,-24.286469999999998,depth
1040094921,2008,30.0472,-97.86778,-20.058889999999998,depth
1040094931,2010,30.0772,-97.86139,25.35631,depth
1040094936,2008,30.0603,-97.86861,-19.661119999999997,depth
1040094950,2008,30.0719,-97.82833,-24.63698,depth
1040094954,1948,30.0281,-97.85444,-19.691599999999998,depth
1040094955,2006,30.0277,-97.85392,-19.683989999999994,depth
1040095529,2020,30.8958,-96.39167,-27.55239999999999,depth
1040096220,2010,30.6323,-96.7877,22.38758,depth
1040096561,2014,30.7231,-96.41972,36.1188,depth
1040096563,2014,30.7206,-96.42611,43.40352,depth
1040096580,2016,30.6742,-96.49611,35.329368,depth
1040096589,2011,30.7003,-96.47889,-26.5176,depth
1040096592,2011,30.6972,-96.49944,-23.1648,depth
1040096605,2012,30.6989,-96.45139,-22.86,depth
1040096626,2011,30.6433,-96.47167,-23.3172,depth
1040096635,2016,30.655,-96.48028,-26.954990000000002,depth
1040096695,2013,30.68,-96.30833,-25.450799999999994,depth
1040096696,2011,30.6703,-96.30167,-20.665440000000004,depth
1040096724,2013,30.6414,-96.27778,-37.642799999999994,depth
1040099475,2007,30.6864,-95.54972,21.9456,depth
1040099475,2011,30.6864,-95.54972,-45.11040000000001,depth
1040099475,2012,30.6864,-95.54972,37.49040000000001,depth
1040099477,2011,30.7008,-95.53389,-36.57600000000001,depth
1040099478,2011,30.6958,-95.52972,-36.57600000000002,depth
1040099478,2012,30.6958,-95.52972,33.52800000000002,depth
1040099479,1997,30.7064,-95.54111,-19.811999999999998,depth
1040099487,2012,30.6764,-95.53833,22.5552,depth
1040101127,2003,30.1283,-95.44889,46.107110000000006,depth
1040101828,2003,30.0681,-95.18917,-26.2128,depth
1040102691,2020,30.745,-94.72028,34.1376,depth
1040104301,1993,30.2367,-94.195,-20.186899999999998,depth
1040107094,2004,29.9903,-95.75195,-22.573490000000007,depth
1040107177,2004,29.9331,-95.74,-21.69871,depth
1040107216,1993,29.8836,-95.68722,-34.24430000000001,depth
1040107265,2005,29.97,-95.57861,19.863820000000004,depth
1040107640,1989,29.9878,-95.32861,-32.80869999999999,depth
1040107640,1990,29.9878,-95.32861,22.80820999999999,depth
1040107640,2007,29.9878,-95.32861,21.82063000000001,depth
1040107649,1950,29.9958,-95.26639,-20.75688,depth
1040107710,1997,29.9381,-95.33306,-20.662390000000002,depth
1040108142,2006,29.8306,-95.68028,-27.584399999999988,depth
1040108212,2004,29.8389,-95.55778,23.13279999999999,depth
1040108304,1997,29.7854,-95.62261,36.52423,depth
1040108330,1989,29.7506,-95.57694,-25.908,depth
1040108330,1990,29.7506,-95.57694,41.452799999999996,depth
1040108330,1992,29.7506,-95.57694,-28.303699999999992,depth
1040108330,1993,29.7506,-95.57694,41.04738999999999,depth
1040108330,1996,29.7506,-95.57694,-22.460730000000012,depth
1040108330,1998,29.7506,-95.57694,22.795990000000003,depth
1040108330,2003,29.7506,-95.57694,-23.622,depth
1040108330,2004,29.7506,-95.57694,27.584400000000002,depth
1040108404,1951,29.8469,-95.4025,-22.902679999999997,depth
1040108417,2005,29.8586,-95.40361,26.194510000000008,depth
1040108417,2008,29.8586,-95.40361,20.051270000000002,depth
1040108435,1990,29.8256,-95.4025,-21.378699999999995,depth
1040108435,1991,29.8256,-95.4025,19.985699999999994,depth
1040108438,1991,29.8047,-95.40722,29.565600000000003,depth
1040108454,1987,29.8103,-95.40556,-21.4366,depth
1040108454,2005,29.8103,-95.40556,25.533100000000005,depth
1040108455,2008,29.7981,-95.40611,21.1836,depth
1040108468,1995,29.7628,-95.49,22.43942,depth
1040108850,1974,29.8719,-95.10167,-23.0886,depth
1040108851,1980,29.8703,-95.09583,21.6408,depth
1040109117,1993,29.7381,-95.63639,28.535380000000004,depth
1040109131,2004,29.7414,-95.64611,20.034499999999994,depth
1040109244,1997,29.7497,-95.57722,29.157200000000003,depth
1040109246,1992,29.7233,-95.50056,20.549599999999998,depth
1040109274,2015,29.6964,-95.60806,23.774399999999993,depth
1040109275,2015,29.6956,-95.58667,21.416770000000007,depth
1040109324,1989,29.6756,-95.51611,20.153419999999997,depth
1040109370,1979,29.7261,-95.46583,-41.352239999999995,depth
1040109527,1996,29.6472,-95.45222,27.127199999999995,depth
1040109675,1987,29.6611,-95.3175,-41.45280000000001,depth
1040109675,1988,29.6611,-95.3175,73.9201,depth
1040109869,1996,29.7283,-95.11111,-22.86,depth
1040110324,1991,29.6103,-95.50139,-22.89962,depth
1040110765,1977,29.6108,-95.04694,26.679140000000004,depth
1040110766,1978,29.6194,-95.04694,35.74999,depth
1040110847,1992,29.5303,-95.1025,-24.0792,depth
1040110847,1994,29.5303,-95.1025,22.5552,depth
1040110847,1996,29.5303,-95.1025,-21.031200000000005,depth
1040110847,1997,29.5303,-95.1025,22.86,depth
1040110847,1998,29.5303,-95.1025,-23.1648,depth
1040110847,2003,29.5303,-95.1025,30.479999999999997,depth
1040113878,2021,29.4492,-96.92435,-23.109930000000002,depth
1040113878,2022,29.4492,-96.92435,22.25954,depth
1040115815,1998,29.9436,-97.02089,-20.726399999999998,depth
1040115998,1957,29.8636,-97.62111,-27.889200000000002,depth
1040118449,2014,29.9251,-98.78214,-20.729449999999993,depth
1040118689,1999,29.9142,-98.44528,58.39358,depth
1040118689,2000,29.9142,-98.44528,-26.5877,depth
1040118837,1996,29.9867,-98.09278,-19.507199999999997,depth
1040118837,2006,29.9867,-98.09278,-36.57600000000001,depth
1040118837,2007,29.9867,-98.09278,21.945600000000006,depth
1040118838,1996,29.9839,-98.12222,-24.688800000000008,depth
1040118838,1997,29.9839,-98.12222,29.260800000000003,depth
1040118838,2004,29.9839,-98.12222,30.7848,depth
1040118838,2005,29.9839,-98.12222,-24.383999999999997,depth
1040118838,2010,29.9839,-98.12222,33.528000000000006,depth
1040118838,2011,29.9839,-98.12222,-31.089600000000004,depth
1040118971,2006,29.81,-98.76611,-37.18560000000001,depth
1040118971,2011,29.81,-98.76611,-22.860000000000014,depth
1040118972,1997,29.8099,-98.76014,24.384,depth
1040118973,1985,29.8044,-98.76722,19.507199999999997,depth
1040118973,2006,29.8044,-98.76722,-32.30879999999999,depth
1040118974,2006,29.8056,-98.76278,-21.6408,depth
1040118974,2013,29.8056,-98.76278,20.726399999999998,depth
1040118977,1997,29.8228,-98.75333,20.269199999999998,depth
1040118977,2006,29.8228,-98.75333,-30.47999999999999,depth
1040118978,2000,29.8086,-98.75695,-26.5176,depth
1040118978,2006,29.8086,-98.75695,-28.65119999999999,depth
1040118978,2013,29.8086,-98.75695,21.4884,depth
1040119601,1998,29.6264,-98.90528,20.942809999999994,depth
1040119615,1975,29.7417,-98.80556,64.61760000000001,depth
1040119623,2021,29.7045,-98.85512,-45.17138,depth
1040119623,2022,29.7045,-98.85512,26.319500000000005,depth
1040119728,2008,29.6983,-98.63083,-57.00063000000001,depth
1040119741,1996,29.6731,-98.65431,-40.424099999999996,depth
1040119741,1998,29.6731,-98.65431,52.596289999999996,depth
1040119741,2000,29.6731,-98.65431,-37.359339999999996,depth
1040119741,2001,29.6731,-98.65431,53.239419999999996,depth
1040119741,2015,29.6731,-98.65431,32.35756,depth
1040119741,2016,29.6731,-98.65431,21.13179,depth
1040119741,2017,29.6731,-98.65431,-23.07946,depth
1040119741,2019,29.6731,-98.65431,42.59733,depth
1040119741,2020,29.6731,-98.65431,-34.43783,depth
1040119741,2021,29.6731,-98.65431,25.50414,depth
1040119741,2022,29.6731,-98.65431,-42.86402,depth
1040119778,2006,29.6321,-98.68622,-21.413720000000005,depth
1040119791,1992,29.6436,-98.65917,23.491000000000014,depth
1040119821,1997,29.7327,-98.62381,26.578559999999996,depth
1040119821,2001,29.7327,-98.62381,23.5458,depth
1040119821,2007,29.7327,-98.62381,34.44088000000001,depth
1040119821,2008,29.7327,-98.62381,-31.60167,depth
1040119821,2010,29.7327,-98.62381,22.88743000000001,depth
1040119821,2011,29.7327,-98.62381,-25.722070000000002,depth
1040119877,2001,29.681,-98.52197,27.364940000000004,depth
1040119877,2015,29.681,-98.52197,27.905919999999995,depth
1040119957,2007,29.7119,-98.44556,24.915869999999998,depth
1040119957,2008,29.7119,-98.44556,-25.35326,depth
1040120080,2007,29.6767,-98.30917,31.531559999999992,depth
1040120080,2008,29.6767,-98.30917,-21.12569,depth
1040120365,1992,29.6035,-98.93781,19.804379999999995,depth
1040120365,2000,29.6035,-98.93781,-24.414479999999998,depth
1040120365,2007,29.6035,-98.93781,23.89627999999999,depth
1040120372,2005,29.5986,-98.94445,-25.52852,depth
1040120391,1995,29.5719,-98.92333,28.325059999999993,depth
1040120447,1957,29.5397,-98.93194,22.646639999999998,depth
1040120502,1958,29.5125,-98.85583,31.821160000000006,depth
1040120523,1958,29.5239,-98.75389,23.07945999999999,depth
1040120540,2015,29.6161,-98.73547,26.904719999999998,depth
1040120542,2013,29.614,-98.68278,-21.183600000000002,depth
1040120811,1992,29.6244,-98.45028,19.7297,depth
1040121203,1952,29.4767,-98.92556,-21.41525,depth
1040122621,1971,29.1878,-98.45917,-22.9621,depth
1040123819,2007,29.7597,-99.57111,33.31007000000001,depth
1040123819,2008,29.7597,-99.57111,-22.677120000000002,depth
1040123837,1994,29.8025,-99.25,22.479,depth
1040123945,2005,29.7472,-99.55838,-20.546570000000003,depth
1040123945,2006,29.7472,-99.55838,-25.96591,depth
1040123945,2007,29.7472,-99.55838,38.37737,depth
1040123945,2008,29.7472,-99.55838,-34.64205,depth
1040123945,2012,29.7472,-99.55838,25.27859,depth
1040123945,2013,29.7472,-99.55838,-53.80177,depth
1040123951,2011,29.6447,-99.53306,-38.6395,depth
1040124015,1997,29.7367,-99.08611,42.672,depth
1040124016,1997,29.73,-99.09722,32.491679999999995,depth
1040124027,2013,29.7335,-99.10622,-52.53527999999999,depth
1040124031,1987,29.7309,-99.07353,-33.09823,depth
1040124032,1975,29.7308,-99.07368,20.250909999999998,depth
1040124051,2007,29.7377,-99.0768,28.056839999999998,depth
1040124051,2008,29.7377,-99.0768,-23.980140000000002,depth
1040124081,2008,29.6876,-99.06493,-26.517599999999998,depth
1040124081,2011,29.6876,-99.06493,-41.20896,depth
1040124081,2012,29.6876,-99.06493,20.324059999999996,depth
1040124327,1992,29.4256,-99.51656,23.225799999999992,depth
1040124349,1992,29.4664,-99.38389,24.59124,depth
1040124358,1987,29.4533,-99.47306,19.780020000000007,depth
1040124358,1992,29.4533,-99.47306,28.210719999999995,depth
1040124358,2006,29.4533,-99.47306,-23.440650000000005,depth
1040124360,1952,29.3775,-99.47306,-31.083499999999994,depth
1040124361,2009,29.3803,-99.49417,-20.31492,depth
1040124424,1984,29.3786,-99.27667,-21.997420000000005,depth
1040124424,1992,29.3786,-99.27667,19.88668,depth
1040124488,1951,29.3831,-99.22278,-19.781519999999993,depth
1040124488,1952,29.3831,-99.22278,33.13175999999999,depth
1040124512,1958,29.4044,-99.13389,37.94151000000001,depth
1040124769,2009,29.3703,-99.65167,-23.35073,depth
1040124793,1976,29.2958,-99.63667,-23.055069999999994,depth
1040124793,1984,29.2958,-99.63667,-39.70626,depth
1040124797,1992,29.3264,-99.63861,25.726650000000006,depth
1040124804,1973,29.2761,-99.6925,27.74899,depth
1040124804,1978,29.2761,-99.6925,-19.78152,depth
1040124804,1984,29.2761,-99.6925,-45.10735,depth
1040124804,1985,29.2761,-99.6925,27.032709999999994,depth
1040124804,1987,29.2761,-99.6925,27.13025,depth
1040124809,1974,29.2764,-99.63361,-25.344119999999997,depth
1040124809,1975,29.2764,-99.63361,39.698679999999996,depth
1040124810,1974,29.2697,-99.65111,-28.294580000000003,depth
1040124810,1975,29.2697,-99.65111,42.71162,depth
1040124810,1976,29.2697,-99.65111,-44.95342,depth
1040124810,2010,29.2697,-99.65111,20.869660000000003,depth
1040124815,1972,29.2639,-99.64945,-47.71340000000001,depth
1040124815,1973,29.2639,-99.64945,32.84373,depth
1040124817,1973,29.2508,-99.63972,21.70023,depth
1040124817,1974,29.2508,-99.63972,-29.32023,depth
1040124817,1975,29.2508,-99.63972,41.86123,depth
1040124817,1976,29.2508,-99.63972,-26.70048,depth
1040124817,1977,29.2508,-99.63972,31.145989999999998,depth
1040124817,1978,29.2508,-99.63972,-58.570370000000004,depth
1040124828,2010,29.2661,-99.63639,30.97987,depth
1040124844,2006,29.3529,-99.51336,-20.209770000000006,depth
1040124844,2009,29.3529,-99.51336,-20.060409999999997,depth
1040124851,2006,29.3301,-99.59356,-19.630640000000007,depth
1040124873,1972,29.2574,-99.58625,30.042609999999996,depth
1040124873,1975,29.2574,-99.58625,22.645109999999995,depth
1040124873,1976,29.2574,-99.58625,-25.368499999999997,depth
1040124873,1977,29.2574,-99.58625,32.83001,depth
1040124873,1984,29.2574,-99.58625,-49.529999999999994,depth
1040124873,1990,29.2574,-99.58625,-21.67738,depth
1040124874,1984,29.255,-99.61111,-28.73959,depth
1040125024,2006,29.2628,-99.35639,-19.487390000000005,depth
1040125370,1972,29.2331,-99.67222,29.736289999999997,depth
1040125370,1976,29.2331,-99.67222,-21.15464,depth
1040125410,1975,29.2192,-99.57833,34.303709999999995,depth
1040125413,1974,29.1989,-99.62389,-23.935940000000002,depth
1040125413,1975,29.1989,-99.62389,33.302440000000004,depth
1040125413,1991,29.1989,-99.62389,21.7932,depth
1040126529,1991,29.4017,-100.3544,24.29256,depth
1040126617,1977,29.2767,-100.5519,20.34845,depth
1040126726,1952,29.3206,-100.1717,-28.386020000000002,depth
1040126726,1987,29.3206,-100.1717,34.280860000000004,depth
1040126726,1988,29.3206,-100.1717,-23.42998,depth
1040126880,1968,29.8094,-101.5605,25.786080000000005,depth
1040126992,1969,29.4686,-101.0147,23.4696,depth
1040126998,1969,29.4483,-101.0383,42.3672,depth
1040127748,1975,28.6644,-100.0192,-59.00470599999999,depth
1040127907,1971,28.9133,-99.84028,-23.18616,depth
1040127907,1977,28.9133,-99.84028,21.427400000000006,depth
1040127910,1968,28.9664,-99.63444,26.09088,depth
1040128004,1974,28.9541,-99.61887,-19.96589999999999,depth
1040128004,1975,28.9541,-99.61887,23.23639999999999,depth
1040128004,1990,28.9541,-99.61887,-25.642780000000002,depth
1040128039,1971,28.9431,-99.50333,-27.105829999999997,depth
1040128050,1977,28.9014,-99.61472,21.198840000000004,depth
1040128061,1971,28.9147,-99.5925,-32.733999999999995,depth
1040128127,1971,28.9836,-99.20306,-21.814530000000005,depth
1040128141,1969,28.8939,-99.13111,-28.01570000000001,depth
1040128141,1970,28.8939,-99.13111,31.194760000000002,depth
1040128141,1971,28.8939,-99.13111,-43.75704,depth
1040128141,1973,28.8939,-99.13111,23.058120000000002,depth
1040128141,2008,28.8939,-99.13111,19.93390000000001,depth
1040128141,2009,28.8939,-99.13111,-20.208200000000005,depth
1040128193,1970,28.8994,-99.10972,37.73422,depth
1040128198,1969,28.9144,-99.07889,-63.71845,depth
1040128198,1970,28.9144,-99.07889,31.159710000000004,depth
1040128200,2006,28.8903,-99.075,-20.423100000000005,depth
1040128200,2012,28.8903,-99.075,-20.610600000000005,depth
1040128202,1965,28.8858,-99.07555,19.659599999999998,depth
1040128202,1971,28.8858,-99.07555,-43.52542000000001,depth
1040128208,1971,28.9133,-99.07528,-20.10770000000001,depth
1040128208,2010,28.9133,-99.07528,47.64019999999999,depth
1040128245,1976,28.8414,-99.85028,29.571700000000007,depth
1040128248,1971,28.8706,-99.85611,-28.294579999999996,depth
1040128260,1971,28.7925,-99.85972,-38.32554999999999,depth
1040128260,1972,28.7925,-99.85972,20.2021,depth
1040128270,2011,28.8147,-99.76722,-21.736900000000006,depth
1040128295,1951,28.7722,-99.75917,-29.815530000000003,depth
1040128301,1970,28.77,-99.77778,21.909020000000012,depth
1040128317,1977,28.7858,-99.73083,23.52444,depth
1040128333,1976,28.7889,-99.73056,-55.767700000000005,depth
1040128333,1977,28.7889,-99.73056,19.862300000000005,depth
1040128365,1971,28.8089,-99.26972,-31.979620000000004,depth
1040128365,1973,28.8089,-99.26972,22.860000000000007,depth
1040128390,1970,28.7742,-99.27028,25.109419999999993,depth
1040128390,1971,28.7742,-99.27028,-43.2755,depth
1040128390,1973,28.7742,-99.27028,33.528,depth
1040128428,1971,28.8019,-99.1625,-43.2877,depth
1040128485,1999,28.8283,-99.11028,43.7388,depth
1040128485,2000,28.8283,-99.11028,-34.44239999999999,depth
1040128500,1995,28.7639,-99.10222,22.311360000000008,depth
1040128506,1967,28.785,-99.08083,-20.71573,depth
1040128506,1971,28.785,-99.08083,-26.298139999999997,depth
1040128506,1998,28.785,-99.08083,21.427440000000004,depth
1040128506,2015,28.785,-99.08083,23.75909999999999,depth
1040128507,1967,28.7725,-99.08,-22.867620000000002,depth
1040128532,1962,28.7172,-99.93583,-32.99613,depth
1040128579,1951,28.6958,-99.83472,-28.498799999999996,depth
1040128579,1962,28.6958,-99.83472,-24.2316,depth
1040128579,1967,28.6958,-99.83472,-22.5552,depth
1040128579,1968,28.6958,-99.83472,29.260800000000003,depth
1040128583,1951,28.6997,-99.87278,-22.027900000000002,depth
1040128601,1951,28.6975,-99.76361,-23.40864,depth
1040128631,1971,28.6286,-99.76,-50.67304,depth
1040128631,1972,28.6286,-99.76,35.83540000000001,depth
1040128643,1977,28.7156,-99.73055,32.02534,depth
1040128643,1993,28.7156,-99.73055,-31.549850000000006,depth
1040128643,1994,28.7156,-99.73055,19.811999999999998,depth
1040128672,1957,28.6406,-99.74833,22.972800000000007,depth
1040128672,1958,28.6406,-99.74833,19.62299999999999,depth
1040128672,1961,28.6406,-99.74833,20.756879999999995,depth
1040128688,1969,28.6489,-99.69833,-20.019199999999998,depth
1040128688,1970,28.6489,-99.69833,30.44948000000001,depth
1040128708,1971,28.7233,-99.38528,-35.23487999999999,depth
1040128708,1972,28.7233,-99.38528,24.752799999999993,depth
1040128708,1992,28.7233,-99.38528,29.504639999999995,depth
1040128728,1971,28.6925,-99.31528,-31.083540000000013,depth
1040128760,2007,28.7181,-99.19611,-24.1096,depth
1040128760,2008,28.7181,-99.19611,25.4812,depth
1040128760,2009,28.7181,-99.19611,-21.15310000000001,depth
1040128764,1971,28.7247,-99.1475,-30.26054,depth
1040128777,1970,28.6906,-99.20806,34.728899999999996,depth
1040128777,1971,28.6906,-99.20806,-29.803299999999993,depth
1040128790,1971,28.6615,-99.17043,-30.992109999999997,depth
1040128898,1972,28.6072,-99.79528,-25.670260000000013,depth
1040128956,1968,28.5631,-99.75695,40.596299999999985,depth
1040129000,1971,28.5075,-99.77083,-32.45513,depth
1040129000,1972,28.5075,-99.77083,21.265919999999994,depth
1040129017,2011,28.5986,-99.70917,-25.626019999999997,depth
1040129057,2007,28.5756,-99.57139,-22.006559999999993,depth
1040129100,1971,28.5767,-99.32556,-26.264590000000013,depth
1040129108,1971,28.5086,-99.32639,-28.093439999999987,depth
1040129194,2021,28.4536,-99.90361,-21.50363999999999,depth
1040129211,1958,28.4919,-99.80445,33.863279999999996,depth
1040129304,1983,28.4739,-99.37611,25.24963,depth
1040129308,2012,28.4769,-99.3575,-23.359899999999996,depth
1040129333,1960,28.4328,-99.23222,-41.361360000000005,depth
1040129377,2013,28.3519,-99.59889,-21.162300000000002,depth
1040129658,1971,28.8792,-98.86639,-22.405839999999998,depth
1040129665,1973,28.9017,-98.85667,19.85772,depth
1040129916,1970,28.9583,-98.48945,24.597360000000002,depth
1040130095,1996,28.8142,-98.94306,-20.729420000000005,depth
1040134466,1991,28.8681,-96.97194,20.99462,depth
1040134484,1968,28.8208,-96.98667,25.146,depth
1040134486,1968,28.8211,-96.98417,21.4884,depth
1040136392,1990,27.5614,-97.89583,31.042360000000002,depth
1040137461,1983,27.6967,-98.07083,20.46427,depth
1040138661,2022,27.8742,-99.40167,25.386789999999998,depth
